player_id,name,age,position,sub_position,foot,height_in_cm,country_of_citizenship,current_club_id,current_club_name,last_season,contract_expiration_date,pl_matches,pl_goals,pl_assists,pl_minutes,pl_yellow_cards,pl_red_cards,goals_per90,assists_per90,market_value_in_eur
418560,Erling Haaland,26.105407255304584,Attack,Centre-Forward,left,195.0,Norway,281,Manchester City,2025,2034-06-30 00:00:00,132,112,23,11037,10,0,0.9132916553411253,0.18755096493612394,200000000.0
357662,Declan Rice,27.62217659137577,Midfield,Central Midfield,right,188.0,England,11,Arsenal FC,2025,2028-06-30 00:00:00,313,25,33,26342,41,0,0.08541492673297396,0.11274770328752562,120000000.0
433177,Bukayo Saka,24.980150581793293,Attack,Right Winger,left,178.0,England,11,Arsenal FC,2025,2030-06-30 00:00:00,226,60,54,17407,28,0,0.3102200264261504,0.27919802378353537,110000000.0
451276,Dominik Szoboszlai,25.842573579739906,Midfield,Attacking Midfield,right,187.0,Hungary,31,Liverpool FC,2025,2028-06-30 00:00:00,105,15,16,7841,15,0,0.1721719168473409,0.18365004463716364,100000000.0
495666,William Saliba,25.43189596167009,Defender,Centre-Back,right,192.0,France,11,Arsenal FC,2025,2030-06-30 00:00:00,131,7,2,11492,12,1,0.05482074486599373,0.015663069961712496,100000000.0
568177,Cole Palmer,24.314852840520192,Midfield,Attacking Midfield,left,185.0,England,631,Chelsea FC,2025,2033-06-30 00:00:00,115,47,22,8273,20,0,0.5113018252145534,0.23933276924936542,100000000.0
598577,Florian Wirtz,23.32375085557837,Midfield,Attacking Midfield,right,177.0,Germany,31,Liverpool FC,2025,2030-06-30 00:00:00,33,5,4,2390,1,0,0.18828451882845187,0.1506276150627615,100000000.0
687626,Moisés Caicedo,24.82135523613963,Midfield,Defensive Midfield,right,178.0,Ecuador,631,Chelsea FC,2025,2033-06-30 00:00:00,151,7,10,12837,46,0,0.049076887123159614,0.07010983874737088,100000000.0
503743,Morgan Rogers,24.093086926762492,Midfield,Attacking Midfield,right,187.0,England,405,Aston Villa,2025,2031-06-30 00:00:00,85,21,19,7057,20,0,0.26781918662321097,0.24231259742100042,90000000.0
607223,Rayan Cherki,23.033538672142367,Midfield,Attacking Midfield,both,177.0,France,281,Manchester City,2025,2030-06-30 00:00:00,33,4,12,1786,1,0,0.20156774916013437,0.6047032474804032,90000000.0
648195,Enzo Fernández,25.61259411362081,Midfield,Central Midfield,right,178.0,Argentina,631,Chelsea FC,2025,2032-06-30 00:00:00,118,19,15,9836,28,0,0.1738511590077267,0.13725091500610004,90000000.0
349066,Alexander Isak,26.937713894592743,Attack,Centre-Forward,right,190.0,Sweden,31,Liverpool FC,2025,2031-06-30 00:00:00,100,57,11,7268,5,0,0.7058337919647771,0.13621353880022014,85000000.0
397033,Sandro Tonali,26.308008213552363,Midfield,Defensive Midfield,right,181.0,Italy,762,Newcastle United,2025,2032-06-30 00:00:00,79,5,4,5614,11,0,0.08015675097969362,0.0641254007837549,80000000.0
478573,Ryan Gravenberch,24.28747433264887,Midfield,Defensive Midfield,right,190.0,Netherlands,31,Liverpool FC,2025,2032-06-30 00:00:00,99,6,7,7286,11,1,0.0741147405984079,0.08646719736480922,80000000.0
583255,Antoine Semenyo,26.642026009582477,Attack,Right Winger,right,185.0,Ghana,281,Manchester City,2025,2031-06-30 00:00:00,118,37,12,8779,23,0,0.3793142726962069,0.1230208451987698,80000000.0
626724,João Pedro,24.922655715263517,Attack,Centre-Forward,right,186.0,Brazil,631,Chelsea FC,2025,2033-06-30 00:00:00,124,37,18,8334,12,1,0.39956803455723544,0.19438444924406048,80000000.0
709726,Hugo Ekitiké,24.191649555099247,Attack,Centre-Forward,right,190.0,France,31,Liverpool FC,2025,2031-06-30 00:00:00,28,11,4,1811,0,0,0.5466593042517945,0.19878520154610713,80000000.0
1056993,Estêvão,19.34839151266256,Attack,Right Winger,left,178.0,Brazil,631,Chelsea FC,2025,2033-06-30 00:00:00,22,2,2,846,4,0,0.2127659574468085,0.2127659574468085,80000000.0
413039,Bryan Mbeumo,27.06091718001369,Attack,Right Winger,left,171.0,Cameroon,985,Manchester United,2025,2030-06-30 00:00:00,169,53,32,13847,18,0,0.34447894850870225,0.20798728966563154,75000000.0
423440,Martín Zubimendi,27.57015742642026,Midfield,Defensive Midfield,right,181.0,Spain,11,Arsenal FC,2025,2030-06-30 00:00:00,38,5,1,3002,4,0,0.14990006662225183,0.029980013324450366,75000000.0
435338,Gabriel,28.692676249144423,Defender,Centre-Back,left,190.0,Brazil,11,Arsenal FC,2025,2029-06-30 00:00:00,192,20,7,16635,29,0,0.10820559062218214,0.03787195671776375,75000000.0
486049,Jérémy Doku,24.257357973990416,Attack,Left Winger,right,173.0,Belgium,281,Manchester City,2025,2028-06-30 00:00:00,88,11,23,4894,4,0,0.20228851655087862,0.42296689824274625,75000000.0
517894,Matheus Cunha,27.2580424366872,Attack,Centre-Forward,right,183.0,Brazil,985,Manchester United,2025,2030-06-30 00:00:00,115,39,17,8532,16,0,0.41139240506329117,0.17932489451476794,75000000.0
567576,Elliot Anderson,23.811088295687885,Midfield,Central Midfield,right,179.0,England,703,Nottingham Forest,2025,,119,6,13,7503,21,0,0.07197121151539385,0.15593762495002,75000000.0
627442,Benjamin Sesko,23.247091033538673,Attack,Centre-Forward,right,195.0,Slovenia,985,Manchester United,2025,2030-06-30 00:00:00,30,11,1,1637,2,0,0.6047648136835675,0.05497861942577886,75000000.0
392757,Marc Guéhi,26.127310061601644,Defender,Centre-Back,right,182.0,England,281,Manchester City,2025,2031-06-30 00:00:00,167,9,8,14786,29,0,0.054781550114973626,0.048694711213309885,70000000.0
406635,Phil Foden,26.253251197809718,Midfield,Attacking Midfield,left,171.0,England,281,Manchester City,2025,2027-06-30 00:00:00,225,68,33,13593,10,0,0.45023173692341645,0.2184948135069521,70000000.0
420243,Jurriën Timber,25.19917864476386,Defender,Right-Back,right,179.0,Netherlands,11,Arsenal FC,2025,2028-06-30 00:00:00,62,4,9,4951,14,0,0.07271258331650171,0.16360331246212886,70000000.0
429014,Morgan Gibbs-White,26.587268993839835,Midfield,Attacking Midfield,right,171.0,England,703,Nottingham Forest,2025,2028-06-30 00:00:00,191,33,33,13451,30,0,0.22080142740316705,0.22080142740316705,70000000.0
475959,Josko Gvardiol,24.5968514715948,Defender,Centre-Back,left,185.0,Croatia,281,Manchester City,2025,2028-06-30 00:00:00,83,11,4,6983,7,0,0.14177287698696836,0.051553773449806675,70000000.0
520624,Bruno Guimarães,28.78302532511978,Midfield,Central Midfield,right,182.0,Brazil,762,Newcastle United,2025,2028-06-30 00:00:00,153,30,26,12784,33,0,0.21120150187734668,0.1830413016270338,70000000.0
534033,Alexis Mac Allister,27.679671457905545,Midfield,Central Midfield,right,176.0,Argentina,31,Liverpool FC,2025,2028-06-30 00:00:00,203,28,19,14352,34,1,0.17558528428093645,0.11914715719063546,70000000.0
743413,Nico O'Reilly,21.440109514031484,Defender,Left-Back,left,193.0,England,281,Manchester City,2025,2030-06-30 00:00:00,43,7,3,3176,5,0,0.19836272040302266,0.08501259445843828,70000000.0
744149,Adam Wharton,22.559890485968516,Midfield,Defensive Midfield,left,182.0,England,873,Crystal Palace,2025,2029-06-30 00:00:00,70,1,10,5195,8,0,0.017324350336862367,0.17324350336862368,70000000.0
820374,Kobbie Mainoo,21.360711841204655,Midfield,Central Midfield,right,184.0,England,985,Manchester United,2025,2031-06-30 00:00:00,78,4,3,5260,10,0,0.06844106463878327,0.051330798479087454,70000000.0
955357,Junior Kroupi,20.18343600273785,Attack,Centre-Forward,right,179.0,France,989,AFC Bournemouth,2025,2030-06-30 00:00:00,33,13,0,1683,5,0,0.6951871657754011,0.0,70000000.0
316264,Martin Ødegaard,27.698836413415467,Midfield,Attacking Midfield,left,178.0,Norway,11,Arsenal FC,2025,2028-06-30 00:00:00,176,35,39,13616,14,0,0.2313454759106933,0.2577849588719154,65000000.0
325443,Viktor Gyökeres,28.23545516769336,Attack,Centre-Forward,right,189.0,Sweden,11,Arsenal FC,2025,2030-06-30 00:00:00,36,14,1,2231,5,0,0.5647691618108471,0.04034065441506051,65000000.0
479999,Eberechi Eze,28.16700889801506,Midfield,Attacking Midfield,right,178.0,England,11,Arsenal FC,2025,2029-06-30 00:00:00,179,41,25,12379,12,0,0.29808546732369334,0.18175943129493496,65000000.0
503733,Anthony Gordon,25.508555783709788,Attack,Left Winger,right,183.0,England,762,Newcastle United,2025,2031-06-30 00:00:00,176,31,21,11558,28,0,0.24139124415988925,0.16352310088250563,65000000.0
739443,Igor Thiago,25.17453798767967,Attack,Centre-Forward,right,190.0,Brazil,1148,Brentford FC,2025,2031-06-30 00:00:00,46,22,1,3456,7,0,0.5729166666666666,0.026041666666666668,65000000.0
434675,Cody Gakpo,27.312799452429843,Attack,Left Winger,right,193.0,Netherlands,31,Liverpool FC,2025,2030-06-30 00:00:00,127,32,18,7798,9,0,0.36932546806873556,0.20774557578866376,60000000.0
472423,Reece James,26.72416153319644,Defender,Right-Back,right,180.0,England,631,Chelsea FC,2025,2032-06-30 00:00:00,156,10,22,10433,19,2,0.08626473689255247,0.18978242116361546,60000000.0
487465,Pedro Neto,26.472279260780287,Attack,Right Winger,left,174.0,Portugal,631,Chelsea FC,2025,2031-06-30 00:00:00,180,20,32,11352,25,0,0.15856236786469344,0.2536997885835095,60000000.0
1012564,Rayan,20.071184120465436,Attack,Right Winger,left,187.0,Brazil,989,AFC Bournemouth,2025,2031-06-30 00:00:00,15,5,2,1120,1,0,0.4017857142857143,0.16071428571428573,60000000.0
258004,Rúben Dias,29.29226557152635,Defender,Centre-Back,right,187.0,Portugal,281,Manchester City,2025,2029-06-30 00:00:00,170,5,4,14212,19,0,0.03166338305657191,0.02533070644525753,55000000.0
309400,Kai Havertz,27.21697467488022,Attack,Centre-Forward,left,193.0,Germany,11,Arsenal FC,2025,2028-06-30 00:00:00,163,43,23,11008,27,0,0.3515625,0.18804505813953487,55000000.0
455661,Nick Woltemade,24.536618754277892,Attack,Centre-Forward,right,198.0,Germany,762,Newcastle United,2025,2031-06-30 00:00:00,33,8,3,1914,0,0,0.3761755485893417,0.14106583072100312,55000000.0
502821,Riccardo Calafiori,24.279260780287473,Defender,Left-Back,left,188.0,Italy,11,Arsenal FC,2025,2029-06-30 00:00:00,45,3,3,2693,9,0,0.10025993316004456,0.10025993316004456,55000000.0
623570,Iliman Ndiaye,26.480492813141684,Attack,Right Winger,right,180.0,Senegal,29,Everton FC,2025,2029-06-30 00:00:00,66,15,3,5240,5,0,0.25763358778625955,0.05152671755725191,55000000.0
973085,Carlos Baleba,22.652977412731005,Midfield,Defensive Midfield,left,179.0,Cameroon,1237,Brighton & Hove Albion,2025,2028-06-30 00:00:00,92,3,1,5655,20,0,0.04774535809018567,0.015915119363395226,55000000.0
284857,Marc Cucurella,28.10403832991102,Defender,Left-Back,left,173.0,Spain,631,Chelsea FC,2025,2032-06-30 00:00:00,150,7,11,12257,38,0,0.05139920045688178,0.08077017214652851,50000000.0
357565,Rodri,30.184804928131417,Midfield,Defensive Midfield,right,190.0,Spain,281,Manchester City,2025,2027-06-30 00:00:00,196,23,21,15568,35,1,0.1329650565262076,0.12140287769784172,50000000.0
434224,Maxence Lacroix,26.39561943874059,Defender,Centre-Back,right,190.0,France,873,Crystal Palace,2025,2029-06-30 00:00:00,70,2,3,6206,9,0,0.02900418949403803,0.04350628424105704,50000000.0
445939,Omar Marmoush,27.5564681724846,Attack,Centre-Forward,right,183.0,Egypt,281,Manchester City,2025,2029-06-30 00:00:00,37,10,5,1882,3,0,0.4782146652497343,0.23910733262486716,50000000.0
460939,Tijjani Reijnders,28.084873374401095,Midfield,Central Midfield,right,178.0,Netherlands,281,Manchester City,2025,2030-06-30 00:00:00,28,5,2,1636,2,0,0.27506112469437655,0.1100244498777506,50000000.0
503987,Noni Madueke,24.470910335386723,Attack,Right Winger,left,182.0,England,11,Arsenal FC,2025,2030-06-30 00:00:00,93,16,7,4963,5,0,0.2901470884545638,0.12693935119887165,50000000.0
543499,Mohammed Kudus,26.072553045859,Attack,Right Winger,left,177.0,Ghana,148,Tottenham Hotspur,2025,2031-06-30 00:00:00,84,15,15,6638,11,1,0.2033745103946972,0.2033745103946972,50000000.0
557459,Micky van de Ven,25.360711841204655,Defender,Centre-Back,left,193.0,Netherlands,148,Tottenham Hotspur,2025,2029-06-30 00:00:00,75,7,3,6404,18,0,0.09837601499063085,0.04216114928169894,50000000.0
601883,Matheus Nunes,28.005475701574266,Defender,Right-Back,right,183.0,Portugal,281,Manchester City,2025,2028-06-30 00:00:00,113,3,16,7849,13,0,0.034399286533316344,0.1834628615110205,50000000.0
614258,Levi Colwill,23.50444900752909,Defender,Centre-Back,left,187.0,England,631,Chelsea FC,2025,2029-06-30 00:00:00,78,3,4,6393,12,0,0.04223369310183012,0.05631159080244017,50000000.0
659813,Piero Hincapié,24.635181382614647,Defender,Centre-Back,left,183.0,Ecuador,11,Arsenal FC,2025,2031-06-30 00:00:00,25,1,2,1792,2,0,0.05022321428571429,0.10044642857142858,50000000.0
763079,Abdukodir Khusanov,22.496919917864478,Defender,Centre-Back,right,186.0,Uzbekistan,281,Manchester City,2025,2029-06-30 00:00:00,27,0,0,1933,3,0,0.0,0.0,50000000.0
855256,Alex Scott,23.02258726899384,Midfield,Central Midfield,right,178.0,England,989,AFC Bournemouth,2025,2028-06-30 00:00:00,80,4,2,4621,11,0,0.07790521532135901,0.038952607660679504,50000000.0
880245,Mateus Fernandes,22.135523613963038,Midfield,Central Midfield,right,180.0,Portugal,379,West Ham United,2025,2031-06-30 00:00:00,72,5,8,5948,14,0,0.07565568258238063,0.121049092131809,50000000.0
923831,Leny Yoro,20.791238877481177,Defender,Centre-Back,right,190.0,France,985,Manchester United,2025,2029-06-30 00:00:00,53,0,2,2903,6,0,0.0,0.062004822597313124,50000000.0
1005649,Murillo,24.1533196440794,Defender,Centre-Back,left,180.0,Brazil,703,Nottingham Forest,2025,2030-06-30 00:00:00,93,3,2,8117,16,0,0.033263521005297524,0.022175680670198348,50000000.0
315858,Gianluigi Donnarumma,27.50718685831622,Goalkeeper,Goalkeeper,right,196.0,Italy,281,Manchester City,2025,2030-06-30 00:00:00,34,0,0,3060,7,0,0.0,0.0,45000000.0
355915,Cristian Romero,28.33949349760438,Defender,Centre-Back,right,185.0,Argentina,148,Tottenham Hotspur,2025,2029-06-30 00:00:00,123,11,3,10296,38,1,0.09615384615384616,0.026223776223776224,45000000.0
357119,Ibrahima Konaté,27.263518138261464,Defender,Centre-Back,right,194.0,France,31,Liverpool FC,2025,2030-06-30 00:00:00,118,2,2,9779,24,0,0.018406790060333366,0.018406790060333366,45000000.0
485706,Amadou Onana,25.034907597535934,Midfield,Defensive Midfield,right,195.0,Belgium,405,Aston Villa,2025,2029-06-30 00:00:00,114,8,2,7974,21,0,0.09029345372460497,0.022573363431151242,45000000.0
503981,Tino Livramento,23.794661190965094,Defender,Right-Back,right,182.0,England,762,Newcastle United,2025,2028-06-30 00:00:00,110,2,4,7706,5,0,0.023358422008824292,0.046716844017648584,45000000.0
505219,James Garner,25.462012320328544,Midfield,Defensive Midfield,right,182.0,England,29,Everton FC,2025,2030-06-30 00:00:00,114,3,11,8819,27,0,0.03061571606758136,0.11225762558113164,45000000.0
521964,Malick Thiaw,25.05681040383299,Defender,Centre-Back,right,194.0,Germany,762,Newcastle United,2025,2029-06-30 00:00:00,35,4,0,2964,4,0,0.1214574898785425,0.0,45000000.0
536835,Amad Diallo,24.134154688569474,Attack,Right Winger,left,173.0,Cote d'Ivoire,985,Manchester United,2025,2030-06-30 00:00:00,70,11,14,4804,8,0,0.2060782681099084,0.2622814321398834,45000000.0
576314,Jan Paul van Hecke,26.223134839151268,Defender,Centre-Back,right,189.0,Netherlands,1237,Brighton & Hove Albion,2025,,106,4,4,8832,23,0,0.04076086956521739,0.04076086956521739,45000000.0
655488,Gabriel Martinelli,25.196440793976727,Attack,Left Winger,right,178.0,Brazil,11,Arsenal FC,2025,2027-06-30 00:00:00,191,41,24,11315,12,0,0.3261157755192223,0.19089703932832522,45000000.0
890721,Myles Lewis-Skelly,19.923340177960302,Defender,Left-Back,left,178.0,England,11,Arsenal FC,2025,2030-06-30 00:00:00,43,1,0,2069,6,2,0.04349927501208313,0.0,45000000.0
1012534,Yankuba Minteh,22.102669404517453,Attack,Right Winger,left,180.0,The Gambia,1237,Brighton & Hove Albion,2025,2029-06-30 00:00:00,66,9,8,4245,8,0,0.19081272084805653,0.1696113074204947,45000000.0
346314,Trevoh Chalobah,27.15126625598905,Defender,Centre-Back,right,192.0,England,631,Chelsea FC,2025,2028-06-30 00:00:00,117,10,2,8757,13,0,0.10277492291880781,0.020554984583761562,40000000.0
394327,Boubacar Kamara,26.765229295003422,Midfield,Defensive Midfield,right,184.0,France,405,Aston Villa,2025,2030-06-30 00:00:00,88,2,5,6588,18,1,0.0273224043715847,0.06830601092896176,40000000.0
410225,Ismaïla Sarr,28.50650239561944,Attack,Right Winger,right,185.0,Senegal,873,Crystal Palace,2025,2029-06-30 00:00:00,116,27,16,8792,9,0,0.27638762511373977,0.1637852593266606,40000000.0
413403,Ezri Konsa,28.84873374401095,Defender,Centre-Back,right,180.0,England,405,Aston Villa,2025,2028-06-30 00:00:00,231,8,2,20088,24,1,0.035842293906810034,0.008960573476702509,40000000.0
429983,Jørgen Strand Larsen,26.559890485968516,Attack,Centre-Forward,right,193.0,Norway,543,Wolverhampton Wanderers,2025,2030-06-30 00:00:00,71,18,5,4918,8,0,0.3294021960146401,0.09150061000406669,40000000.0
466805,Nico González,24.65160848733744,Midfield,Defensive Midfield,right,188.0,Spain,281,Manchester City,2025,2029-06-30 00:00:00,36,2,0,2331,9,0,0.07722007722007722,0.0,40000000.0
480762,Lisandro Martínez,28.61054072553046,Defender,Centre-Back,left,175.0,Argentina,985,Manchester United,2025,2027-06-30 00:00:00,76,3,2,5750,16,0,0.04695652173913043,0.03130434782608696,40000000.0
565093,Bart Verbruggen,24.030116358658454,Goalkeeper,Goalkeeper,right,193.0,Netherlands,1237,Brighton & Hove Albion,2025,2028-06-30 00:00:00,95,0,1,8550,11,0,0.0,0.010526315789473684,40000000.0
578391,Rayan Aït-Nouri,25.229295003422312,Defender,Left-Back,left,180.0,Algeria,281,Manchester City,2025,2030-06-30 00:00:00,152,9,15,10750,25,0,0.07534883720930233,0.12558139534883722,40000000.0
646750,Cristhian Mosquera,22.171115674195757,Defender,Centre-Back,right,191.0,Spain,11,Arsenal FC,2025,2030-06-30 00:00:00,20,0,0,989,4,0,0.0,0.0,40000000.0
661053,Jarrad Branthwaite,24.17248459958932,Defender,Centre-Back,left,195.0,England,29,Everton FC,2025,2030-06-30 00:00:00,85,5,3,6995,13,1,0.06433166547533953,0.03859899928520372,40000000.0
670858,Lewis Hall,21.971252566735114,Defender,Left-Back,left,179.0,England,762,Newcastle United,2025,2029-06-30 00:00:00,84,2,6,5806,11,0,0.031002411298656562,0.09300723389596968,40000000.0
735570,João Gomes,25.541409993155373,Midfield,Central Midfield,right,176.0,Brazil,543,Wolverhampton Wanderers,2025,2030-06-30 00:00:00,116,7,3,9134,37,0,0.06897306765929494,0.029559886139697834,40000000.0
743600,Andrey Santos,22.321697467488022,Midfield,Central Midfield,right,180.0,Brazil,631,Chelsea FC,2025,2030-06-30 00:00:00,28,1,0,1262,4,0,0.07131537242472266,0.0,40000000.0
823486,Michael Kayode,22.135523613963038,Defender,Right-Back,right,179.0,Italy,1148,Brentford FC,2025,2032-06-30 00:00:00,49,1,2,3792,10,0,0.023734177215189875,0.04746835443037975,40000000.0
904802,Jorrel Hato,20.479123887748116,Defender,Left-Back,left,182.0,Netherlands,631,Chelsea FC,2025,2032-06-30 00:00:00,22,0,0,1143,7,0,0.0,0.0,40000000.0
240306,Bruno Fernandes,31.972621492128678,Midfield,Attacking Midfield,right,183.0,Portugal,985,Manchester United,2025,2027-06-30 00:00:00,230,71,72,19951,43,1,0.3202846975088968,0.3247957495864869,35000000.0
361093,Sven Botman,26.628336755646817,Defender,Centre-Back,left,193.0,Netherlands,762,Newcastle United,2025,2030-06-30 00:00:00,86,3,3,6761,7,0,0.03993492086969383,0.03993492086969383,35000000.0
369316,Ferdi Kadıoğlu,26.89390828199863,Defender,Left-Back,right,174.0,Türkiye,1237,Brighton & Hove Albion,2025,2028-06-30 00:00:00,43,2,0,3521,7,0,0.051121840386253906,0.0,35000000.0
425918,Jakub Kiwior,26.535249828884325,Defender,Centre-Back,left,189.0,Poland,11,Arsenal FC,2025,2030-06-30 00:00:00,44,3,3,2489,2,0,0.10847730012053033,0.10847730012053033,35000000.0
433188,Curtis Jones,25.57700205338809,Midfield,Central Midfield,right,185.0,England,31,Liverpool FC,2025,2027-06-30 00:00:00,153,11,11,8002,12,1,0.12371907023244189,0.12371907023244189,35000000.0
473050,Kevin Schade,24.752908966461327,Attack,Left Winger,right,185.0,Germany,1148,Brentford FC,2025,2028-06-30 00:00:00,102,21,8,6118,11,0,0.30892448512585813,0.11768551814318405,35000000.0
474701,Crysencio Summerville,24.829568788501028,Attack,Left Winger,right,172.0,Netherlands,379,West Ham United,2025,2029-06-30 00:00:00,84,10,7,4805,12,0,0.18730489073881373,0.13111342351716962,35000000.0
475188,Kiernan Dewsbury-Hall,27.978097193702943,Midfield,Central Midfield,left,176.0,England,29,Everton FC,2025,2030-06-30 00:00:00,103,11,11,7317,15,0,0.13530135301353013,0.13530135301353013,35000000.0
484547,Jeremie Frimpong,25.71663244353183,Defender,Right-Back,right,172.0,Netherlands,31,Liverpool FC,2025,2030-06-30 00:00:00,21,0,2,1040,1,0,0.0,0.17307692307692307,35000000.0
503749,Jacob Ramsey,25.253935660506503,Midfield,Central Midfield,right,180.0,England,762,Newcastle United,2025,2030-06-30 00:00:00,164,16,17,9664,20,0,0.1490066225165563,0.15831953642384106,35000000.0
553875,Pedro Porro,26.9596167008898,Defender,Right-Back,right,173.0,Spain,148,Tottenham Hotspur,2025,2031-06-30 00:00:00,117,9,18,9636,18,0,0.08405977584059776,0.16811955168119552,35000000.0
620322,Malo Gusto,23.279945242984258,Defender,Right-Back,right,178.0,France,631,Chelsea FC,2025,2030-06-30 00:00:00,93,2,10,5882,14,1,0.03060183611016661,0.15300918055083304,35000000.0
667287,Yasin Ayari,22.89664613278576,Midfield,Central Midfield,right,172.0,Sweden,1237,Brighton & Hove Albion,2025,2027-06-30 00:00:00,66,5,4,3958,4,0,0.11369378473976756,0.09095502779181405,35000000.0
711337,Evanilson,26.89664613278576,Attack,Centre-Forward,both,183.0,Brazil,989,AFC Bournemouth,2025,2029-06-30 00:00:00,67,16,8,5098,3,1,0.2824637112593174,0.1412318556296587,35000000.0
727089,Noah Sadiki,21.697467488021903,Midfield,Central Midfield,right,165.0,DR Congo,289,Sunderland AFC,2025,2030-06-30 00:00:00,33,0,1,2896,9,0,0.0,0.031077348066298343,35000000.0
730861,Milos Kerkez,22.809034907597535,Defender,Left-Back,left,180.0,Hungary,31,Liverpool FC,2025,2030-06-30 00:00:00,100,4,8,7579,12,1,0.047499670141179576,0.09499934028235915,35000000.0
743591,Savinho,22.38466803559206,Attack,Left Winger,left,176.0,Brazil,281,Manchester City,2025,2031-06-30 00:00:00,53,2,12,2593,5,0,0.06941766293868107,0.4165059776320864,35000000.0
823231,Dango Ouattara,24.54483230663929,Attack,Right Winger,left,177.0,Burkina Faso,1148,Brentford FC,2025,2030-06-30 00:00:00,113,16,17,6758,12,0,0.21308079313406333,0.2263983427049423,35000000.0
866246,Lucas Bergvall,20.569472963723477,Midfield,Central Midfield,right,187.0,Sweden,148,Tottenham Hotspur,2025,2031-06-30 00:00:00,50,1,4,2172,5,0,0.04143646408839779,0.16574585635359115,35000000.0
876631,Habib Diarra,22.652977412731005,Midfield,Central Midfield,right,178.0,Senegal,289,Sunderland AFC,2025,2030-06-30 00:00:00,20,2,3,1409,6,0,0.127750177430802,0.19162526614620298,35000000.0
922693,Archie Gray,20.465434633812457,Midfield,Defensive Midfield,right,187.0,England,148,Tottenham Hotspur,2025,2030-06-30 00:00:00,52,2,2,3224,6,0,0.05583126550868486,0.05583126550868486,35000000.0
926952,Patrick Dorgu,21.83983572895277,Attack,Left Winger,left,185.0,Denmark,985,Manchester United,2025,2030-06-30 00:00:00,38,4,4,2288,8,1,0.15734265734265734,0.15734265734265734,35000000.0
365108,Dan Ndoye,25.842573579739906,Attack,Right Winger,right,184.0,Switzerland,703,Nottingham Forest,2025,2030-06-30 00:00:00,24,1,1,1176,1,0,0.07653061224489796,0.07653061224489796,32000000.0
398065,Harvey Barnes,28.720054757015742,Attack,Left Winger,right,182.0,England,762,Newcastle United,2025,2028-06-30 00:00:00,237,56,34,14389,9,0,0.3502675655014247,0.21266245048300786,32000000.0
444523,Lucas Paquetá,29.00479123887748,Midfield,Attacking Midfield,left,183.0,Brazil,379,West Ham United,2025,2030-12-31 00:00:00,110,16,10,8718,29,0,0.16517549896765313,0.10323468685478321,32000000.0
488362,Conor Gallagher,26.559890485968516,Midfield,Central Midfield,right,182.0,England,148,Tottenham Hotspur,2025,2031-06-30 00:00:00,118,11,11,8475,33,0,0.1168141592920354,0.1168141592920354,32000000.0
541231,Sepp van den Berg,24.689938398357288,Defender,Centre-Back,right,192.0,Netherlands,1148,Brentford FC,2025,2029-06-30 00:00:00,63,0,3,5349,5,0,0.0,0.050476724621424565,32000000.0
583189,Anthony Elanga,24.33949349760438,Attack,Right Winger,right,178.0,Sweden,762,Newcastle United,2025,2030-06-30 00:00:00,145,14,24,8048,2,0,0.15656063618290258,0.268389662027833,32000000.0
717411,Yegor Yarmolyuk,22.494182067077343,Midfield,Central Midfield,right,180.0,Ukraine,1148,Brentford FC,2025,2031-06-30 00:00:00,95,1,2,4784,15,0,0.018812709030100336,0.03762541806020067,32000000.0
249565,Youri Tielemans,29.311430527036276,Midfield,Central Midfield,right,176.0,Belgium,405,Aston Villa,2025,2028-06-30 00:00:00,244,26,38,18785,23,0,0.1245674740484429,0.1820601543784935,30000000.0
262749,David Raya,30.954140999315538,Goalkeeper,Goalkeeper,right,186.0,Spain,11,Arsenal FC,2025,2028-06-30 00:00:00,169,0,0,15210,8,0,0.0,0.0,30000000.0
314875,Jarrod Bowen,29.689253935660506,Attack,Right Winger,left,176.0,England,379,West Ham United,2025,2030-06-30 00:00:00,238,65,54,19318,14,0,0.3028263795423957,0.2515788383890672,30000000.0
326031,Matthijs de Ligt,27.04722792607803,Defender,Centre-Back,right,189.0,Netherlands,985,Manchester United,2025,2029-06-30 00:00:00,42,3,0,3298,4,0,0.0818677986658581,0.0,30000000.0
335721,Ben White,28.889801505817932,Defender,Right-Back,right,186.0,England,11,Arsenal FC,2025,2028-06-30 00:00:00,172,6,12,14040,23,0,0.038461538461538464,0.07692307692307693,30000000.0
357147,Diogo Dalot,27.449691991786448,Defender,Right-Back,right,184.0,Portugal,985,Manchester United,2025,2028-06-30 00:00:00,173,4,13,13635,29,0,0.026402640264026403,0.0858085808580858,30000000.0
392768,Callum Hudson-Odoi,25.806981519507186,Attack,Left Winger,right,178.0,England,703,Nottingham Forest,2025,2028-06-30 00:00:00,162,20,20,9203,4,0,0.19558839508855808,0.19558839508855808,30000000.0
392771,Ethan Ampadu,25.95482546201232,Midfield,Defensive Midfield,right,182.0,Wales,399,Leeds United,2025,2030-06-30 00:00:00,61,1,1,5224,13,0,0.017228177641653904,0.017228177641653904,30000000.0
420002,Jean-Philippe Mateta,29.169062286105408,Attack,Centre-Forward,right,192.0,France,873,Crystal Palace,2025,2027-06-30 00:00:00,162,50,8,9285,12,0,0.48465266558966075,0.07754442649434572,30000000.0
469050,Nathan Collins,25.3305954825462,Defender,Centre-Back,right,193.0,Ireland,1148,Brentford FC,2025,2029-06-30 00:00:00,150,6,8,12524,19,2,0.04311721494730118,0.057489619929734906,30000000.0
470607,Brennan Johnson,25.267624914442163,Attack,Right Winger,right,186.0,Wales,148,Tottenham Hotspur,2025,2030-06-30 00:00:00,140,26,19,9176,20,0,0.25501307759372277,0.18635571054925892,30000000.0
473169,Brian Brobbey,24.57221081451061,Attack,Centre-Forward,right,181.0,Netherlands,289,Sunderland AFC,2025,2029-06-30 00:00:00,31,7,1,1934,6,0,0.32574974146845914,0.04653567735263702,30000000.0
483348,Djed Spence,26.053388090349078,Defender,Left-Back,right,184.0,England,148,Tottenham Hotspur,2025,2029-06-30 00:00:00,59,1,2,3852,8,0,0.02336448598130841,0.04672897196261682,30000000.0
485585,Ian Maatsen,24.470910335386723,Defender,Left-Back,left,178.0,Netherlands,405,Aston Villa,2025,2030-06-30 00:00:00,71,1,4,2927,5,0,0.030748206354629312,0.12299282541851725,30000000.0
538977,Georginio Rutter,24.358658453114305,Attack,Centre-Forward,left,182.0,France,1237,Brighton & Hove Albion,2025,2028-06-30 00:00:00,71,8,8,3721,4,0,0.19349637194302607,0.19349637194302607,30000000.0
540941,Mikkel Damsgaard,26.154688569472963,Midfield,Attacking Midfield,right,180.0,Denmark,1148,Brentford FC,2025,2030-06-30 00:00:00,120,6,17,6803,8,0,0.07937674555343231,0.22490077906805822,30000000.0
556385,Destiny Udogie,23.750855578370977,Defender,Left-Back,left,188.0,Italy,148,Tottenham Hotspur,2025,2030-06-30 00:00:00,73,2,5,5672,13,0,0.03173483779971791,0.07933709449929478,30000000.0
568693,Pape Matar Sarr,23.956194387405887,Midfield,Central Midfield,right,185.0,Senegal,148,Tottenham Hotspur,2025,2030-06-30 00:00:00,107,8,10,5601,19,0,0.12854847348687734,0.16068559185859668,30000000.0
654539,Adrien Truffert,24.772073921971252,Defender,Left-Back,left,176.0,France,989,AFC Bournemouth,2025,2030-06-30 00:00:00,38,1,5,3380,5,0,0.026627218934911243,0.13313609467455623,30000000.0
670882,Jamie Gittens,22.05612594113621,Attack,Left Winger,right,178.0,England,631,Chelsea FC,2025,2032-06-30 00:00:00,16,0,2,490,0,0,0.0,0.3673469387755102,30000000.0
741238,Omari Hutchinson,22.830937713894592,Midfield,Attacking Midfield,left,174.0,England,703,Nottingham Forest,2025,2030-06-30 00:00:00,63,4,9,4299,6,0,0.0837404047452896,0.1884159106769016,30000000.0
937941,Thierno Barry,23.854893908281998,Attack,Centre-Forward,right,195.0,France,29,Everton FC,2025,2029-06-30 00:00:00,38,8,0,1915,3,0,0.37597911227154046,0.0,30000000.0
1078163,Ayden Heaven,19.93429158110883,Defender,Centre-Back,left,189.0,England,985,Manchester United,2025,2029-06-30 00:00:00,21,0,1,1094,3,0,0.0,0.08226691042047532,30000000.0
1108466,Rio Ngumoha,17.998631074606433,Attack,Left Winger,right,170.0,England,31,Liverpool FC,2025,2028-06-30 00:00:00,19,2,1,551,0,0,0.32667876588021777,0.16333938294010888,30000000.0
1187629,Max Dowman,16.659822039698838,Attack,Right Winger,left,183.0,England,11,Arsenal FC,2025,,6,1,1,153,0,0,0.5882352941176471,0.5882352941176471,30000000.0
258889,Dominic Solanke,28.955509924709105,Attack,Centre-Forward,right,186.0,England,148,Tottenham Hotspur,2025,2030-06-30 00:00:00,176,41,16,11980,7,0,0.3080133555926544,0.12020033388981637,28000000.0
258919,Dean Henderson,29.464750171115675,Goalkeeper,Goalkeeper,right,188.0,England,873,Crystal Palace,2025,2028-06-30 00:00:00,160,0,0,14355,17,0,0.0,0.0,28000000.0
340918,Caoimhín Kelleher,27.76454483230664,Goalkeeper,Goalkeeper,right,188.0,Ireland,1148,Brentford FC,2025,2030-06-30 00:00:00,62,0,0,5580,1,0,0.0,0.0,28000000.0
344069,Anton Stach,27.786447638603697,Midfield,Defensive Midfield,right,194.0,Germany,399,Leeds United,2025,2029-06-30 00:00:00,29,5,3,2378,3,0,0.18923465096719932,0.1135407905803196,28000000.0
413507,Nikola Milenković,28.878850102669404,Defender,Centre-Back,right,195.0,Serbia,703,Nottingham Forest,2025,2029-06-30 00:00:00,75,5,2,6705,10,0,0.06711409395973154,0.026845637583892617,28000000.0
461883,Calvin Bassey,26.661190965092402,Defender,Centre-Back,left,185.0,Nigeria,931,Fulham FC,2025,2027-06-30 00:00:00,94,3,1,7906,18,0,0.03415127751075133,0.011383759170250442,28000000.0
465555,Djordje Petrovic,26.8911704312115,Goalkeeper,Goalkeeper,right,194.0,Serbia,989,AFC Bournemouth,2025,2030-06-30 00:00:00,61,0,0,5406,5,0,0.0,0.0,28000000.0
475411,Wesley Fofana,25.697467488021903,Defender,Centre-Back,right,188.0,France,631,Chelsea FC,2025,2029-06-30 00:00:00,91,1,2,7164,25,0,0.01256281407035176,0.02512562814070352,28000000.0
502676,Giorgi Mamardashvili,25.913757700205338,Goalkeeper,Goalkeeper,left,197.0,Georgia,31,Liverpool FC,2025,2031-06-30 00:00:00,10,0,0,868,0,0,0.0,0.0,28000000.0
503680,Neco Williams,25.377138945927445,Defender,Left-Back,right,183.0,Wales,703,Nottingham Forest,2025,2029-06-30 00:00:00,142,4,8,9794,26,0,0.03675719828466408,0.07351439656932816,28000000.0
522784,Taty Castellanos,27.904175222450377,Attack,Centre-Forward,right,178.0,Argentina,379,West Ham United,2025,2030-06-30 00:00:00,18,6,0,1396,6,0,0.3868194842406877,0.0,28000000.0
578539,Chris Richards,26.420260095824776,Defender,Centre-Back,right,189.0,United States,873,Crystal Palace,2025,2027-06-30 00:00:00,92,3,1,7285,11,0,0.03706245710363761,0.012354152367879203,28000000.0
609556,William Osula,23.069130732375086,Attack,Centre-Forward,right,191.0,Denmark,762,Newcastle United,2025,2029-06-30 00:00:00,59,8,0,1719,4,0,0.418848167539267,0.0,28000000.0
610849,Liam Delap,23.55373032169747,Attack,Centre-Forward,right,186.0,England,631,Chelsea FC,2025,2031-06-30 00:00:00,66,13,3,3756,16,0,0.31150159744408945,0.07188498402555911,28000000.0
633992,Enzo Le Fée,26.56810403832991,Midfield,Central Midfield,right,173.0,France,289,Sunderland AFC,2025,2029-06-30 00:00:00,36,5,6,2936,5,0,0.15326975476839236,0.18392370572207084,28000000.0
646991,Robin Roefs,23.613963039014372,Goalkeeper,Goalkeeper,left,193.0,Netherlands,289,Sunderland AFC,2025,2030-06-30 00:00:00,35,0,0,3150,4,0,0.0,0.0,28000000.0
661207,Oscar Bobb,23.132101300479125,Attack,Right Winger,left,177.0,Norway,281,Manchester City,2025,2031-06-30 00:00:00,40,1,2,1346,1,0,0.06686478454680535,0.1337295690936107,28000000.0
701057,Rico Lewis,21.76865160848734,Defender,Right-Back,right,170.0,England,281,Manchester City,2025,2030-06-30 00:00:00,69,3,3,4005,9,0,0.06741573033707865,0.06741573033707865,28000000.0
811779,Alejandro Garnacho,22.16016427104723,Attack,Left Winger,right,180.0,Argentina,631,Chelsea FC,2025,2032-06-30 00:00:00,117,17,12,6613,12,0,0.23136246786632392,0.16331468319975806,28000000.0
842341,Maxime Estève,24.26009582477755,Defender,Centre-Back,left,193.0,France,1132,Burnley FC,2025,2030-06-30 00:00:00,50,0,0,4250,7,0,0.0,0.0,28000000.0
867688,Jack Hinshelwood,21.38261464750171,Midfield,Defensive Midfield,right,182.0,England,1237,Brighton & Hove Albion,2025,2029-06-30 00:00:00,66,12,7,4471,6,0,0.24155669872511742,0.1409080742563185,28000000.0
1006411,Jaydee Canvot,20.084873374401095,Defender,Centre-Back,right,188.0,France,873,Crystal Palace,2025,2029-06-30 00:00:00,20,0,0,1334,3,0,0.0,0.0,28000000.0
1111589,El Hadji Malick Diouf,21.66735112936345,Defender,Left-Back,left,177.0,Senegal,379,West Ham United,2025,2030-06-30 00:00:00,32,0,5,2711,6,0,0.0,0.16599040944300997,28000000.0
279455,Harry Wilson,29.437371663244353,Attack,Right Winger,left,173.0,Wales,931,Fulham FC,2025,2030-06-30 00:00:00,156,29,20,8228,18,0,0.317209528439475,0.2187651920272241,25000000.0
324358,Ollie Watkins,30.663928815879533,Attack,Centre-Forward,right,180.0,England,405,Aston Villa,2025,2028-06-30 00:00:00,221,91,37,18110,25,0,0.45223633351739373,0.1838763114301491,25000000.0
330659,Justin Kluivert,27.318275154004105,Midfield,Attacking Midfield,both,173.0,Netherlands,989,AFC Bournemouth,2025,2028-06-30 00:00:00,86,21,7,5244,18,0,0.36041189931350115,0.12013729977116705,25000000.0
332705,Tyler Adams,27.537303216974674,Midfield,Defensive Midfield,right,175.0,United States,989,AFC Bournemouth,2025,2028-06-30 00:00:00,80,2,5,6019,21,0,0.02990529988370161,0.07476324970925403,25000000.0
333014,Sander Berge,28.536618754277892,Midfield,Defensive Midfield,right,195.0,Norway,931,Fulham FC,2025,2029-06-30 00:00:00,132,3,5,10214,25,0,0.026434305854709222,0.04405717642451537,25000000.0
333241,Joelinton,30.039698836413415,Midfield,Central Midfield,right,186.0,Brazil,762,Newcastle United,2025,2028-06-30 00:00:00,212,24,12,15550,55,0,0.13890675241157557,0.06945337620578779,25000000.0
338424,Mikel Merino,30.184804928131417,Midfield,Central Midfield,left,188.0,Spain,11,Arsenal FC,2025,2028-06-30 00:00:00,74,12,6,3951,9,0,0.2733485193621868,0.1366742596810934,25000000.0
346483,Mason Mount,27.633127994524298,Midfield,Attacking Midfield,right,181.0,England,985,Manchester United,2025,2028-06-30 00:00:00,183,32,24,11940,20,0,0.24120603015075376,0.18090452261306533,25000000.0
346890,Noah Okafor,26.26420260095825,Attack,Left Winger,right,185.0,Switzerland,399,Leeds United,2025,2029-06-30 00:00:00,28,8,1,1569,3,0,0.4588910133843212,0.05736137667304015,25000000.0
378710,Richarlison,29.30321697467488,Attack,Centre-Forward,right,184.0,Brazil,148,Tottenham Hotspur,2025,2027-06-30 00:00:00,275,75,31,18944,41,2,0.35631334459459457,0.14727618243243243,25000000.0
388165,Yoane Wissa,29.984941820670773,Attack,Centre-Forward,right,176.0,DR Congo,762,Newcastle United,2025,2029-06-30 00:00:00,156,46,13,8831,18,0,0.4688030800588835,0.13248782697316272,25000000.0
399434,Marcus Tavernier,27.43874058863792,Midfield,Attacking Midfield,left,178.0,England,989,AFC Bournemouth,2025,2029-06-30 00:00:00,116,18,18,8565,16,0,0.18914185639229422,0.18914185639229422,25000000.0
404842,Vitaliy Mykolenko,27.252566735112936,Defender,Left-Back,left,180.0,Ukraine,29,Everton FC,2025,2029-06-30 00:00:00,143,4,3,12227,14,0,0.029443035904146563,0.02208227692810992,25000000.0
415381,Mats Wieffer,26.784394250513348,Defender,Right-Back,right,189.0,Netherlands,1237,Brighton & Hove Albion,2025,2029-06-30 00:00:00,51,3,8,2916,14,0,0.09259259259259259,0.24691358024691357,25000000.0
432164,Igor Jesus,25.505817932922657,Attack,Centre-Forward,right,179.0,Brazil,703,Nottingham Forest,2025,2029-06-30 00:00:00,37,6,4,2315,2,0,0.23326133909287258,0.15550755939524838,25000000.0
463605,Bafodé Diakité,25.642710472279262,Defender,Centre-Back,right,184.0,France,989,AFC Bournemouth,2025,2030-06-30 00:00:00,18,0,0,1275,1,0,0.0,0.0,25000000.0
469781,Marcos Senesi,29.30321697467488,Defender,Centre-Back,left,184.0,Argentina,989,AFC Bournemouth,2025,2030-06-30 00:00:00,116,6,10,9139,33,0,0.05908742750848014,0.0984790458474669,25000000.0
476701,Manuel Ugarte,25.38261464750171,Midfield,Defensive Midfield,right,182.0,Uruguay,985,Manchester United,2025,2029-06-30 00:00:00,51,1,2,2673,12,0,0.03367003367003367,0.06734006734006734,25000000.0
500689,Evann Guessand,25.16084873374401,Attack,Right Winger,right,188.0,Cote d'Ivoire,873,Crystal Palace,2025,2030-06-30 00:00:00,21,1,1,916,0,0,0.0982532751091703,0.0982532751091703,25000000.0
566799,James Trafford,23.88501026694045,Goalkeeper,Goalkeeper,right,192.0,England,281,Manchester City,2025,2030-06-30 00:00:00,32,0,0,2880,2,0,0.0,0.0,25000000.0
624258,Conor Bradley,23.140314852840522,Defender,Right-Back,right,181.0,Northern Ireland,31,Liverpool FC,2025,2029-06-30 00:00:00,45,1,7,2441,11,0,0.0368701351904957,0.2580909463334699,25000000.0
644401,Keane Lewis-Potter,25.51403148528405,Midfield,Left Midfield,right,170.0,England,1148,Brentford FC,2025,2031-06-30 00:00:00,114,7,9,6827,8,0,0.09228065035886919,0.11864655046140325,25000000.0
730893,Tyrick Mitchell,26.99247091033539,Defender,Left-Back,left,181.0,England,873,Crystal Palace,2025,2027-06-30 00:00:00,207,4,15,17470,22,1,0.0206067544361763,0.07727532913566114,25000000.0
743384,Chemsdine Talbi,21.305954825462013,Attack,Right Winger,right,175.0,Morocco,289,Sunderland AFC,2025,2030-06-30 00:00:00,28,4,2,1564,0,0,0.23017902813299232,0.11508951406649616,25000000.0
800176,André,25.11978097193703,Midfield,Defensive Midfield,right,176.0,Brazil,543,Wolverhampton Wanderers,2025,2030-06-30 00:00:00,68,1,0,5251,19,0,0.01713959245857932,0.0,25000000.0
922769,Lewis Miley,20.32854209445585,Midfield,Central Midfield,right,189.0,England,762,Newcastle United,2025,2032-06-30 00:00:00,55,3,7,3020,1,0,0.08940397350993377,0.20860927152317882,25000000.0
947411,Chris Rigg,19.197809719370294,Midfield,Attacking Midfield,left,177.0,England,289,Sunderland AFC,2025,2030-06-30 00:00:00,18,1,1,766,1,0,0.1174934725848564,0.1174934725848564,25000000.0
996897,Diego Gómez,23.42505133470226,Midfield,Central Midfield,right,183.0,Paraguay,1237,Brighton & Hove Albion,2025,2030-06-30 00:00:00,48,6,2,2650,9,0,0.2037735849056604,0.06792452830188679,25000000.0
1004708,Josh Acheampong,20.317590691307323,Defender,Right-Back,right,190.0,England,631,Chelsea FC,2025,2029-06-30 00:00:00,22,1,0,837,2,0,0.10752688172043011,0.0,25000000.0
1011131,Josh King,19.652292950034223,Midfield,Attacking Midfield,right,173.0,England,931,Fulham FC,2025,2029-06-30 00:00:00,40,1,2,1431,4,0,0.06289308176100629,0.12578616352201258,25000000.0
1060087,Charalampos Kostoulas,19.249828884325805,Attack,Centre-Forward,right,185.0,Greece,1237,Brighton & Hove Albion,2025,2030-06-30 00:00:00,21,2,1,353,2,0,0.509915014164306,0.254957507082153,25000000.0
611793,James Hill,24.632443531827516,Defender,Centre-Back,right,184.0,England,989,AFC Bournemouth,2025,2029-06-30 00:00:00,44,0,4,2628,6,0,0.0,0.136986301369863,23000000.0
148455,Mohamed Salah,34.20396988364134,Attack,Right Winger,left,175.0,Egypt,31,Liverpool FC,2025,,328,193,98,26806,11,0,0.6479892561366858,0.3290308139968664,22000000.0
241641,Bernardo Silva,32.05201916495551,Midfield,Attacking Midfield,left,173.0,Portugal,281,Manchester City,2025,2028-06-30 00:00:00,304,45,53,21672,48,0,0.18687707641196014,0.22009966777408638,22000000.0
306024,Dominic Calvert-Lewin,29.453798767967147,Attack,Centre-Forward,right,189.0,England,399,Leeds United,2025,2028-06-30 00:00:00,274,71,21,18492,32,0,0.345554834523037,0.10220635950681375,22000000.0
349701,Antonee Robinson,29.05681040383299,Defender,Left-Back,left,183.0,United States,931,Fulham FC,2025,2028-06-30 00:00:00,158,1,17,13180,31,1,0.006828528072837633,0.11608497723823975,22000000.0
392775,Ryan Sessegnon,26.28062970568104,Defender,Left-Back,left,178.0,England,931,Fulham FC,2025,2027-06-30 00:00:00,116,11,13,6902,7,0,0.1434366850188351,0.16951608229498696,22000000.0
393323,Brenden Aaronson,25.8507871321013,Midfield,Attacking Midfield,right,177.0,United States,399,Leeds United,2025,2027-06-30 00:00:00,73,5,8,4853,5,0,0.09272614877395426,0.1483618380383268,22000000.0
403151,Robert Sánchez,28.777549623545518,Goalkeeper,Goalkeeper,right,197.0,Spain,631,Chelsea FC,2025,2030-06-30 00:00:00,170,0,1,15185,16,1,0.0,0.005926901547579849,22000000.0
410708,Pascal Struijk,27.04996577686516,Defender,Centre-Back,left,190.0,Netherlands,399,Leeds United,2025,2031-06-30 00:00:00,119,4,2,9267,19,1,0.038847523470378766,0.019423761735189383,22000000.0
425334,Matty Cash,29.059548254620122,Defender,Right-Back,right,185.0,Poland,405,Aston Villa,2025,2029-06-30 00:00:00,183,10,12,14821,44,0,0.06072464745968558,0.0728695769516227,22000000.0
429915,Maxim De Cuyper,25.683778234086244,Defender,Left-Back,left,182.0,Belgium,1237,Brighton & Hove Albion,2025,2030-06-30 00:00:00,30,2,3,1414,2,0,0.1272984441301273,0.19094766619519093,22000000.0
493003,Daniel Muñoz,30.258726899383984,Defender,Right-Back,right,180.0,Colombia,873,Crystal Palace,2025,2028-06-30 00:00:00,82,8,13,7076,21,0,0.10175240248728094,0.16534765404183155,22000000.0
504849,Kaoru Mitoma,29.27583846680356,Attack,Left Winger,right,178.0,Japan,1237,Brighton & Hove Albion,2025,2027-06-30 00:00:00,113,23,15,8137,10,0,0.2543935111220351,0.16590881160132728,22000000.0
515544,Trai Hume,24.449007529089666,Defender,Right-Back,right,180.0,Northern Ireland,289,Sunderland AFC,2025,2030-06-30 00:00:00,38,2,1,3039,9,0,0.059230009871668314,0.029615004935834157,22000000.0
605184,Jean-Clair Todibo,26.663928815879533,Defender,Centre-Back,right,190.0,France,379,West Ham United,2025,2029-06-30 00:00:00,50,0,1,3652,8,0,0.0,0.024644030668127054,22000000.0
628451,Roméo Lavia,22.64476386036961,Midfield,Defensive Midfield,right,181.0,Belgium,631,Chelsea FC,2025,2030-06-30 00:00:00,58,1,1,3442,13,0,0.026147588611272515,0.026147588611272515,22000000.0
658536,Simon Adingra,24.657084188911703,Attack,Left Winger,right,175.0,Cote d'Ivoire,289,Sunderland AFC,2025,2030-06-30 00:00:00,74,9,4,3983,5,0,0.20336429826763747,0.09038413256339442,22000000.0
711999,Lesley Ugochukwu,22.425735797399042,Midfield,Defensive Midfield,right,190.0,France,1132,Burnley FC,2025,2030-06-30 00:00:00,73,4,3,4311,10,0,0.08350730688935282,0.06263048016701461,22000000.0
801734,Mathys Tel,21.338809034907598,Attack,Centre-Forward,right,183.0,France,148,Tottenham Hotspur,2025,2031-06-30 00:00:00,44,6,3,2255,3,0,0.2394678492239468,0.1197339246119734,22000000.0
910905,Mamadou Sarr,20.999315537303218,Defender,Centre-Back,right,194.0,Senegal,631,Chelsea FC,2025,2033-06-30 00:00:00,3,0,0,101,0,0,0.0,0.0,22000000.0
203460,Jack Grealish,30.967830253251197,Attack,Left Winger,right,180.0,England,29,Everton FC,2025,2027-06-30 00:00:00,210,29,37,14396,33,0,0.18130036121144763,0.23131425395943317,20000000.0
242631,Alex Iwobi,30.321697467488022,Attack,Left Winger,right,183.0,Nigeria,931,Fulham FC,2025,2028-06-30 00:00:00,320,35,39,22248,11,0,0.14158576051779936,0.15776699029126215,20000000.0
260827,Joachim Andersen,30.245037645448324,Defender,Centre-Back,right,192.0,Denmark,931,Fulham FC,2025,2029-06-30 00:00:00,198,4,8,17396,39,2,0.02069441250862267,0.04138882501724534,20000000.0
263236,Kevin Danso,27.942505133470227,Defender,Centre-Back,right,190.0,Austria,148,Tottenham Hotspur,2025,2030-06-30 00:00:00,40,0,1,2610,10,0,0.0,0.034482758620689655,20000000.0
294057,James Maddison,29.763175906913073,Midfield,Attacking Midfield,right,175.0,England,148,Tottenham Hotspur,2025,2028-06-30 00:00:00,225,56,50,16541,37,0,0.3046974185357596,0.2720512665497854,20000000.0
354362,Rodrigo Bentancur,29.177275838466805,Midfield,Defensive Midfield,right,187.0,Uruguay,148,Tottenham Hotspur,2025,2029-06-30 00:00:00,110,9,8,7423,36,0,0.10912030176478513,0.09699582379092012,20000000.0
362108,Gabriel Gudmundsson,27.3347022587269,Defender,Left-Back,left,181.0,Sweden,399,Leeds United,2025,2029-06-30 00:00:00,32,0,0,2639,4,0,0.0,0.0,20000000.0
371851,Jaka Bijol,27.561943874058862,Defender,Centre-Back,right,190.0,Slovenia,399,Leeds United,2025,2030-06-30 00:00:00,25,1,2,1893,4,0,0.04754358161648178,0.09508716323296355,20000000.0
375885,Ibrahim Sangaré,28.739219712525667,Midfield,Defensive Midfield,right,191.0,Cote d'Ivoire,703,Nottingham Forest,2025,2028-06-30 00:00:00,58,2,3,3708,14,0,0.04854368932038835,0.07281553398058252,20000000.0
392765,Emile Smith Rowe,26.086242299794662,Midfield,Attacking Midfield,right,182.0,England,931,Fulham FC,2025,2029-06-30 00:00:00,151,21,13,7962,5,0,0.2373775433308214,0.146948003014318,20000000.0
399776,Pau Torres,29.61533196440794,Defender,Centre-Back,left,192.0,Spain,405,Aston Villa,2025,2028-06-30 00:00:00,74,2,0,6159,4,0,0.029225523623964928,0.0,20000000.0
435648,Joshua Zirkzee,25.270362765229294,Attack,Centre-Forward,right,193.0,Netherlands,985,Manchester United,2025,2029-06-30 00:00:00,56,5,3,2003,5,0,0.22466300549176235,0.13479780329505742,20000000.0
487969,Randal Kolo Muani,27.731690622861056,Attack,Centre-Forward,right,187.0,France,148,Tottenham Hotspur,2025,2028-06-30 00:00:00,30,1,1,1669,3,0,0.05392450569203116,0.05392450569203116,20000000.0
503686,Dan Ballard,26.934976043805612,Defender,Centre-Back,right,187.0,Northern Ireland,289,Sunderland AFC,2025,2029-06-30 00:00:00,29,2,2,2148,4,0,0.08379888268156424,0.08379888268156424,20000000.0
503977,Taylor Harwood-Bellis,24.577686516084874,Defender,Centre-Back,right,188.0,England,180,Southampton FC,2024,2028-06-30 00:00:00,34,1,0,2828,9,0,0.03182461103253183,0.0,20000000.0
532776,Amine Adli,26.302532511978097,Attack,Left Winger,left,180.0,Morocco,989,AFC Bournemouth,2025,2030-06-30 00:00:00,31,3,2,1082,2,0,0.24953789279112754,0.16635859519408502,20000000.0
565822,Harvey Elliott,23.4031485284052,Midfield,Attacking Midfield,left,170.0,England,31,Liverpool FC,2025,2027-06-30 00:00:00,97,5,10,3768,5,0,0.11942675159235669,0.23885350318471338,20000000.0
596446,Leif Davis,26.661190965092402,Defender,Left-Back,left,182.0,England,677,Ipswich Town,2024,2029-06-30 00:00:00,35,1,3,2777,5,1,0.03240907454087144,0.09722722362261434,20000000.0
684210,Jaidon Anthony,26.743326488706366,Attack,Left Winger,right,183.0,England,1132,Burnley FC,2025,2030-06-30 00:00:00,70,11,5,4135,7,0,0.23941958887545345,0.10882708585247884,20000000.0
735571,Rodrigo Muniz,25.319644079397673,Attack,Centre-Forward,right,186.0,Brazil,931,Fulham FC,2025,2030-06-30 00:00:00,78,18,3,3546,4,0,0.45685279187817257,0.07614213197969544,20000000.0
864121,Abdul Fatawu,22.47501711156742,Attack,Right Winger,left,177.0,Ghana,1003,Leicester City,2025,2029-06-30 00:00:00,11,0,2,577,0,0,0.0,0.3119584055459272,20000000.0
936874,Tyrique George,20.56399726214921,Attack,Left Winger,right,181.0,England,631,Chelsea FC,2025,2030-06-30 00:00:00,23,1,1,531,3,0,0.1694915254237288,0.1694915254237288,20000000.0
989112,Veljko Milosavljevic,19.170431211498972,Defender,Centre-Back,right,192.0,Serbia,989,AFC Bournemouth,2025,2030-06-30 00:00:00,7,0,0,367,0,0,0.0,0.0,20000000.0
1230661,Mateus Mané,18.951403148528406,Midfield,Attacking Midfield,right,175.0,Portugal,543,Wolverhampton Wanderers,2025,2029-06-30 00:00:00,28,3,2,1791,0,0,0.1507537688442211,0.10050251256281408,20000000.0
144028,Leandro Trossard,31.734428473648187,Attack,Left Winger,right,172.0,Belgium,11,Arsenal FC,2025,2027-06-30 00:00:00,239,52,39,15902,13,0,0.2943026034461074,0.22072695258458055,18000000.0
236490,Ola Aina,29.88911704312115,Defender,Right-Back,right,184.0,Nigeria,703,Nottingham Forest,2025,2028-06-30 00:00:00,109,5,3,8987,14,0,0.05007232669411372,0.030043396016468233,18000000.0
286047,Guglielmo Vicario,29.89185489390828,Goalkeeper,Goalkeeper,right,194.0,Italy,148,Tottenham Hotspur,2025,2028-06-30 00:00:00,93,0,0,8370,4,0,0.0,0.0,18000000.0
297212,Joe Rodon,28.851471594798085,Defender,Centre-Back,right,193.0,Wales,399,Leeds United,2025,2028-06-30 00:00:00,50,2,0,3773,3,0,0.04770739464617016,0.0,18000000.0
328658,Kristoffer Ajer,28.366872005475702,Defender,Centre-Back,right,198.0,Norway,1148,Brentford FC,2025,2030-06-30 00:00:00,112,3,4,7838,19,0,0.03444756315386578,0.045930084205154376,18000000.0
340456,Noussair Mazraoui,28.788501026694046,Defender,Right-Back,right,183.0,Morocco,985,Manchester United,2025,2028-06-30 00:00:00,57,0,2,3833,6,0,0.0,0.04696060527002348,18000000.0
401173,Jadon Sancho,26.428473648186174,Attack,Left Winger,right,180.0,England,405,Aston Villa,2025,,112,12,13,6315,2,0,0.171021377672209,0.18527315914489312,18000000.0
415912,Konstantinos Mavropanos,28.71457905544148,Defender,Centre-Back,right,194.0,Greece,379,West Ham United,2025,2028-06-30 00:00:00,90,4,0,6414,11,1,0.05612722170252572,0.0,18000000.0
447661,Douglas Luiz,28.306639288158795,Midfield,Central Midfield,right,177.0,Brazil,703,Nottingham Forest,2025,2029-06-30 00:00:00,196,21,18,14977,46,1,0.12619349669493224,0.10816585430994191,18000000.0
494237,Wilson Isidor,26.0041067761807,Attack,Centre-Forward,right,184.0,Haiti,289,Sunderland AFC,2025,2028-06-30 00:00:00,32,6,0,1159,2,0,0.4659188955996549,0.0,18000000.0
537860,Mykhaylo Mudryk,25.645448323066393,Attack,Left Winger,right,175.0,Ukraine,631,Chelsea FC,2025,2031-06-30 00:00:00,53,5,4,2380,6,0,0.18907563025210083,0.15126050420168066,18000000.0
583199,James McAtee,23.863107460643395,Midfield,Attacking Midfield,left,180.0,England,703,Nottingham Forest,2025,2030-06-30 00:00:00,60,6,4,2459,4,0,0.21960146400976008,0.1464009760065067,18000000.0
584769,Dwight McNeil,26.767967145790553,Attack,Left Winger,left,183.0,England,29,Everton FC,2025,2027-06-30 00:00:00,248,21,35,19065,18,0,0.0991345397324941,0.16522423288749016,18000000.0
595809,Beto,28.57494866529774,Attack,Centre-Forward,right,194.0,Guinea-Bissau,29,Everton FC,2025,2027-06-30 00:00:00,97,20,1,4034,7,0,0.44620723847297966,0.022310361923648984,18000000.0
606718,Toti,27.616700889801507,Defender,Centre-Back,left,187.0,Portugal,543,Wolverhampton Wanderers,2025,2029-06-30 00:00:00,106,2,4,8159,23,0,0.022061527147934797,0.044123054295869595,18000000.0
645686,Lamare Bogarde,22.647501711156742,Midfield,Defensive Midfield,right,185.0,Netherlands,405,Aston Villa,2025,2028-06-30 00:00:00,36,0,0,1523,7,0,0.0,0.0,18000000.0
665390,Jaden Philogene,24.553045859000683,Attack,Left Winger,right,181.0,England,405,Aston Villa,2024,2029-06-30 00:00:00,24,2,0,808,5,0,0.22277227722772278,0.0,18000000.0
696346,Jay Stansfield,23.761806981519506,Attack,Centre-Forward,right,187.0,England,931,Fulham FC,2024,2031-06-30 00:00:00,4,0,0,87,0,0,0.0,0.0,18000000.0
696589,Tim Iroegbunam,23.16495550992471,Midfield,Central Midfield,right,183.0,England,29,Everton FC,2025,2027-06-30 00:00:00,59,0,4,2299,14,0,0.0,0.156589821661592,18000000.0
711544,Jake O'Brien,25.28952772073922,Defender,Right-Back,right,197.0,Ireland,29,Everton FC,2025,2028-06-30 00:00:00,57,3,1,4693,10,0,0.0575324952056254,0.01917749840187513,18000000.0
743498,Wilson Odobert,21.749486652977414,Attack,Left Winger,right,182.0,France,148,Tottenham Hotspur,2025,2029-06-30 00:00:00,69,4,5,3938,3,0,0.0914169629253428,0.11427120365667852,18000000.0
817665,Pablo,22.65571526351814,Attack,Centre-Forward,right,184.0,Brazil,379,West Ham United,2025,2030-06-30 00:00:00,14,0,1,828,0,0,0.0,0.10869565217391304,18000000.0
950091,Stefanos Tzimas,20.643394934976044,Attack,Centre-Forward,both,186.0,Greece,1237,Brighton & Hove Albion,2025,2030-06-30 00:00:00,9,1,1,132,0,0,0.6818181818181818,0.6818181818181818,18000000.0
284730,Manuel Akanji,31.1129363449692,Defender,Centre-Back,right,188.0,Switzerland,281,Manchester City,2025,2028-06-30 00:00:00,85,2,1,6814,9,0,0.026416201937188143,0.013208100968594072,17000000.0
363205,Gabriel Jesus,29.404517453798768,Attack,Centre-Forward,right,175.0,Brazil,11,Arsenal FC,2025,2027-06-30 00:00:00,243,79,44,13890,33,0,0.5118790496760259,0.28509719222462204,17000000.0
431755,Dejan Kulusevski,26.34360027378508,Midfield,Attacking Midfield,left,186.0,Sweden,148,Tottenham Hotspur,2025,2028-06-30 00:00:00,116,22,22,8503,15,0,0.23285899094437257,0.23285899094437257,17000000.0
745181,Soungoutou Magassa,22.8911704312115,Midfield,Defensive Midfield,right,190.0,France,379,West Ham United,2025,2031-06-30 00:00:00,22,1,0,979,4,0,0.09193054136874361,0.0,17000000.0
866655,Tyler Dibling,20.528405201916495,Attack,Right Winger,left,178.0,England,29,Everton FC,2025,2029-06-30 00:00:00,47,2,1,2224,8,0,0.08093525179856115,0.040467625899280574,17000000.0
258878,Tosin Adarabioyo,28.928131416837783,Defender,Centre-Back,right,197.0,England,631,Chelsea FC,2025,2028-06-30 00:00:00,116,4,1,8849,13,0,0.040682563001469094,0.010170640750367273,16000000.0
270171,Vitaly Janelt,28.303901437371664,Midfield,Defensive Midfield,left,184.0,Germany,1148,Brentford FC,2025,2030-06-30 00:00:00,161,10,11,11295,25,0,0.0796812749003984,0.08764940239043825,16000000.0
321247,Emiliano Buendía,29.675564681724847,Attack,Left Winger,right,172.0,Argentina,405,Aston Villa,2025,2027-06-30 00:00:00,157,16,17,8635,14,1,0.1667631731325999,0.17718587145338738,16000000.0
348026,Nordi Mukiele,28.824093086926762,Defender,Right-Back,right,187.0,France,289,Sunderland AFC,2025,2029-06-30 00:00:00,32,3,4,2787,5,0,0.0968783638320775,0.12917115177610333,16000000.0
357162,Florentino,27.028062970568104,Midfield,Defensive Midfield,right,184.0,Portugal,1132,Burnley FC,2025,,31,0,2,2114,6,0,0.0,0.08514664143803216,16000000.0
401320,Dara O'Shea,27.488021902806295,Defender,Centre-Back,right,189.0,Ireland,677,Ipswich Town,2025,2030-06-30 00:00:00,96,3,6,8121,14,1,0.033247137052087185,0.06649427410417437,16000000.0
450050,Jean-Ricner Bellegarde,28.17248459958932,Midfield,Central Midfield,right,170.0,Haiti,543,Wolverhampton Wanderers,2025,2028-06-30 00:00:00,83,5,9,3891,8,1,0.1156515034695451,0.2081727062451812,16000000.0
514285,Quilindschy Hartman,24.788501026694046,Defender,Left-Back,left,183.0,Netherlands,1132,Burnley FC,2025,2027-06-30 00:00:00,21,0,5,1830,1,0,0.0,0.2459016393442623,16000000.0
568559,Radu Drăgușin,24.566735112936346,Defender,Centre-Back,right,191.0,Romania,148,Tottenham Hotspur,2025,2027-06-30 00:00:00,35,0,0,2191,2,0,0.0,0.0,16000000.0
591949,Aaron Hickey,24.21902806297057,Defender,Right-Back,both,185.0,Scotland,1148,Brentford FC,2025,2028-06-30 00:00:00,56,0,1,3337,13,0,0.0,0.02697033263410249,16000000.0
608832,Merlin Röhl,24.150581793292265,Midfield,Attacking Midfield,right,192.0,Germany,29,Everton FC,2025,2029-06-30 00:00:00,16,1,0,678,0,0,0.13274336283185842,0.0,16000000.0
627626,Wilfried Gnonto,22.8145106091718,Attack,Right Winger,right,170.0,Italy,399,Leeds United,2025,2028-06-30 00:00:00,47,2,7,1875,9,0,0.096,0.336,16000000.0
693095,Jacob Greaves,25.960301163586585,Defender,Centre-Back,left,193.0,England,677,Ipswich Town,2024,2029-06-30 00:00:00,25,1,0,2205,5,0,0.04081632653061224,0.0,16000000.0
967346,Eliezer Mayenda,21.308692676249144,Attack,Centre-Forward,left,183.0,Spain,289,Sunderland AFC,2025,2031-06-30 00:00:00,20,2,0,756,0,0,0.23809523809523808,0.0,16000000.0
105470,Alisson,33.90554414784394,Goalkeeper,Goalkeeper,right,193.0,Brazil,31,Liverpool FC,2025,2027-06-30 00:00:00,255,1,3,22874,5,1,0.00393459823380257,0.011803794701407713,15000000.0
139208,Virgil van Dijk,35.14305270362765,Defender,Centre-Back,right,195.0,Netherlands,31,Liverpool FC,2025,2027-06-30 00:00:00,339,31,11,30166,29,1,0.09248823178412782,0.032818404826626006,15000000.0
257455,João Palhinha,31.140314852840522,Midfield,Defensive Midfield,right,190.0,Portugal,148,Tottenham Hotspur,2025,2028-06-30 00:00:00,101,12,3,8020,35,0,0.13466334164588528,0.03366583541147132,15000000.0
318508,Olivier Boscagli,28.777549623545518,Defender,Centre-Back,left,181.0,France,1237,Brighton & Hove Albion,2025,2030-06-30 00:00:00,12,0,1,800,2,0,0.0,0.1125,15000000.0
346707,Sean Longstaff,28.829568788501028,Midfield,Central Midfield,right,187.0,England,399,Leeds United,2025,2029-06-30 00:00:00,194,12,12,11984,20,1,0.09012016021361816,0.09012016021361816,15000000.0
365172,Patson Daka,27.887748117727583,Attack,Centre-Forward,right,183.0,Zambia,1003,Leicester City,2024,2026-06-30 00:00:00,76,10,7,3061,4,0,0.29402156158118264,0.20581509310682783,15000000.0
386047,Axel Disasi,28.468172484599588,Defender,Centre-Back,right,191.0,France,379,West Ham United,2025,2029-06-30 00:00:00,58,3,0,4688,10,0,0.057593856655290106,0.0,15000000.0
400536,Mads Hermansen,26.132785763175907,Goalkeeper,Goalkeeper,right,187.0,Denmark,379,West Ham United,2025,2030-06-30 00:00:00,45,0,1,4005,1,0,0.0,0.02247191011235955,15000000.0
401356,Edson Álvarez,28.84599589322382,Midfield,Defensive Midfield,right,190.0,Mexico,379,West Ham United,2025,2028-06-30 00:00:00,59,1,2,4165,20,0,0.021608643457382955,0.04321728691476591,15000000.0
463603,Benoît Badiashile,25.426420260095824,Defender,Centre-Back,left,194.0,France,631,Chelsea FC,2025,2030-06-30 00:00:00,42,1,1,3046,5,0,0.02954694681549573,0.02954694681549573,15000000.0
465717,Jayden Bogle,26.088980150581794,Defender,Right-Back,right,178.0,England,399,Leeds United,2025,2028-06-30 00:00:00,84,6,4,6706,17,0,0.08052490307187593,0.053683268714583954,15000000.0
477758,Aaron Wan-Bissaka,28.75564681724846,Defender,Right-Back,right,183.0,DR Congo,379,West Ham United,2025,2031-06-30 00:00:00,233,4,21,20146,29,1,0.017869552268440385,0.09381514940931203,15000000.0
497291,Nicolás Domínguez,28.16974674880219,Midfield,Central Midfield,right,179.0,Argentina,703,Nottingham Forest,2025,2028-06-30 00:00:00,87,3,4,4651,16,0,0.058052031821113736,0.07740270909481832,15000000.0
559794,Jack Clarke,25.763175906913073,Attack,Left Winger,right,181.0,England,677,Ipswich Town,2024,2029-06-30 00:00:00,32,0,4,1170,2,0,0.0,0.3076923076923077,15000000.0
585323,Filip Jørgensen,24.369609856262834,Goalkeeper,Goalkeeper,right,192.0,Denmark,631,Chelsea FC,2025,2031-06-30 00:00:00,11,0,0,918,0,0,0.0,0.0,15000000.0
607224,Hannibal,23.603011635865844,Midfield,Attacking Midfield,right,177.0,Tunisia,1132,Burnley FC,2025,2028-06-30 00:00:00,35,2,4,1438,13,0,0.12517385257301808,0.25034770514603616,15000000.0
667121,Rodrigo Gomes,23.145790554414784,Midfield,Left Midfield,right,175.0,Portugal,543,Wolverhampton Wanderers,2025,2029-06-30 00:00:00,47,5,0,1757,0,0,0.25611838360842343,0.0,15000000.0
670688,Youssef Chermiti,22.26420260095825,Attack,Centre-Forward,right,192.0,Portugal,29,Everton FC,2025,2029-06-30 00:00:00,22,0,0,238,4,0,0.0,0.0,15000000.0
670717,Dário Essugo,21.45927446954141,Midfield,Defensive Midfield,right,178.0,Portugal,631,Chelsea FC,2025,2033-06-30 00:00:00,3,0,0,26,2,0,0.0,0.0,15000000.0
683620,Antoni Milambo,21.404517453798768,Midfield,Attacking Midfield,right,179.0,Netherlands,1148,Brentford FC,2025,2030-06-30 00:00:00,1,0,0,45,0,0,0.0,0.0,15000000.0
689637,Chadi Riad,23.200547570157426,Defender,Centre-Back,left,186.0,Morocco,873,Crystal Palace,2025,2029-06-30 00:00:00,10,0,1,644,2,0,0.0,0.13975155279503104,15000000.0
708072,Nicolò Savona,23.446954140999317,Defender,Right-Back,right,192.0,Italy,703,Nottingham Forest,2025,2030-06-30 00:00:00,14,2,0,1026,2,0,0.17543859649122806,0.0,15000000.0
719673,Ben Gannon-Doak,20.79671457905544,Attack,Right Winger,right,173.0,Scotland,31,Liverpool FC,2025,2030-06-30 00:00:00,11,0,1,142,0,0,0.0,0.6338028169014085,15000000.0
725912,Antonín Kinský,23.463381245722108,Goalkeeper,Goalkeeper,right,190.0,Czech Republic,148,Tottenham Hotspur,2025,2031-06-30 00:00:00,13,0,0,1170,0,0,0.0,0.0,15000000.0
747951,Shea Charles,22.8145106091718,Midfield,Defensive Midfield,right,189.0,Northern Ireland,180,Southampton FC,2025,2027-06-30 00:00:00,1,0,0,27,0,0,0.0,0.0,15000000.0
748319,Carlos Alcaraz,23.745379876796715,Midfield,Central Midfield,right,176.0,Argentina,29,Everton FC,2025,2027-06-30 00:00:00,54,6,6,2490,11,0,0.21686746987951808,0.21686746987951808,15000000.0
984096,Jair Cunha,21.478439425051334,Defender,Centre-Back,both,198.0,Brazil,703,Nottingham Forest,2025,2030-06-30 00:00:00,9,0,0,516,0,0,0.0,0.0,15000000.0
340329,Joe Willock,27.025325119780973,Midfield,Central Midfield,right,186.0,England,762,Newcastle United,2025,2027-06-30 00:00:00,183,15,11,9297,11,0,0.1452081316553727,0.10648596321393998,14000000.0
344605,Boubakary Soumaré,27.50171115674196,Midfield,Defensive Midfield,right,188.0,France,1003,Leicester City,2024,,76,0,1,4904,17,0,0.0,0.01835236541598695,14000000.0
673492,Morato,25.163586584531142,Defender,Centre-Back,left,192.0,Brazil,703,Nottingham Forest,2025,2029-06-30 00:00:00,47,1,0,2234,9,0,0.04028648164726947,0.0,14000000.0
130164,Jordan Pickford,32.479123887748116,Goalkeeper,Goalkeeper,left,185.0,England,29,Everton FC,2025,2029-06-30 00:00:00,362,0,2,32533,27,0,0.0,0.005532843574216949,13000000.0
193116,John McGinn,31.863107460643395,Midfield,Central Midfield,left,178.0,Scotland,405,Aston Villa,2025,2028-06-30 00:00:00,233,22,29,18837,51,1,0.1051122790253225,0.1385570950788342,13000000.0
256178,Joe Gomez,29.267624914442163,Defender,Centre-Back,right,188.0,England,31,Liverpool FC,2025,2027-06-30 00:00:00,170,0,7,10674,30,0,0.0,0.05902192242833052,13000000.0
339556,Rico Henry,29.141683778234086,Defender,Left-Back,left,170.0,Jamaica,1148,Brentford FC,2025,2027-06-30 00:00:00,106,3,3,7856,9,0,0.03436863543788187,0.03436863543788187,13000000.0
341092,Federico Chiesa,28.843258042436688,Attack,Right Winger,right,175.0,Italy,31,Liverpool FC,2025,2028-06-30 00:00:00,32,2,1,422,3,0,0.4265402843601896,0.2132701421800948,13000000.0
353032,Omar Alderete,29.672826830937716,Defender,Centre-Back,left,190.0,Paraguay,289,Sunderland AFC,2025,2029-06-30 00:00:00,33,1,1,2802,6,0,0.032119914346895075,0.032119914346895075,13000000.0
489359,Ao Tanaka,27.967145790554415,Midfield,Central Midfield,right,180.0,Japan,399,Leeds United,2025,2028-06-30 00:00:00,28,2,0,1318,1,0,0.13657056145675264,0.0,13000000.0
525247,Maximilian Kilman,29.267624914442163,Defender,Centre-Back,left,194.0,England,379,West Ham United,2025,2031-06-30 00:00:00,186,3,3,15816,26,0,0.01707132018209408,0.01707132018209408,13000000.0
607226,Loum Tchaouna,22.973305954825463,Attack,Right Winger,left,180.0,France,1132,Burnley FC,2025,2030-06-30 00:00:00,29,2,1,1270,2,0,0.14173228346456693,0.07086614173228346,13000000.0
111873,Emiliano Martínez,33.987679671457904,Goalkeeper,Goalkeeper,right,195.0,Argentina,405,Aston Villa,2025,2029-06-30 00:00:00,228,0,1,20096,25,1,0.0,0.004478503184713376,12000000.0
177476,Nathan Aké,31.526351813826146,Defender,Centre-Back,left,180.0,Netherlands,281,Manchester City,2025,,253,18,9,19105,22,1,0.08479455639884848,0.04239727819942424,12000000.0
186590,John Stones,32.25462012320329,Defender,Centre-Back,right,188.0,England,281,Manchester City,2025,,257,11,2,19340,12,1,0.05118924508790072,0.009307135470527405,12000000.0
199527,Jacob Murphy,31.509924709103355,Attack,Right Winger,right,179.0,England,762,Newcastle United,2025,2027-06-30 00:00:00,218,22,30,10965,14,0,0.18057455540355677,0.24623803009575923,12000000.0
277033,David Brooks,29.141683778234086,Attack,Right Winger,left,173.0,Wales,989,AFC Bournemouth,2025,2029-06-30 00:00:00,118,12,9,5382,16,0,0.20066889632107024,0.1505016722408027,12000000.0
341051,Kyle Walker-Peters,29.377138945927445,Defender,Right-Back,right,173.0,England,379,West Ham United,2025,2028-06-30 00:00:00,171,3,12,13744,22,0,0.019644935972060535,0.07857974388824214,12000000.0
381753,Ilia Gruev,26.313483915126625,Midfield,Defensive Midfield,left,185.0,Bulgaria,399,Leeds United,2025,2027-06-30 00:00:00,23,0,3,1324,3,0,0.0,0.2039274924471299,12000000.0
411537,Zian Flemming,28.076659822039698,Attack,Centre-Forward,right,185.0,Netherlands,1132,Burnley FC,2025,2029-06-30 00:00:00,29,11,0,1776,5,0,0.5574324324324325,0.0,12000000.0
413220,James Justin,28.511978097193705,Defender,Right-Back,both,183.0,England,399,Leeds United,2025,2029-06-30 00:00:00,128,6,7,10148,15,0,0.053212455656286954,0.06208119826566811,12000000.0
427568,Aaron Ramsdale,28.292950034223136,Goalkeeper,Goalkeeper,right,190.0,England,762,Newcastle United,2025,2028-06-30 00:00:00,195,0,1,17473,7,0,0.0,0.005150804097750815,12000000.0
506189,Flynn Downes,27.60574948665298,Midfield,Defensive Midfield,right,178.0,England,180,Southampton FC,2024,2028-06-30 00:00:00,48,1,0,2912,14,0,0.030906593406593408,0.0,12000000.0
612517,Bashir Humphreys,23.457905544147845,Defender,Centre-Back,left,186.0,England,1132,Burnley FC,2025,2029-06-30 00:00:00,20,0,2,1578,6,0,0.0,0.11406844106463879,12000000.0
612749,Isaac Price,22.924024640657084,Midfield,Central Midfield,right,188.0,Northern Ireland,984,West Bromwich Albion,2025,2029-06-30 00:00:00,1,0,0,32,1,0,0.0,0.0,12000000.0
698678,Hugo Bueno,23.94524298425736,Defender,Left-Back,left,180.0,Spain,543,Wolverhampton Wanderers,2025,2028-06-30 00:00:00,78,1,3,4413,5,0,0.020394289598912305,0.061182868796736914,12000000.0
716276,Yerson Mosquera,25.32511978097194,Defender,Centre-Back,right,188.0,Colombia,543,Wolverhampton Wanderers,2025,2030-06-30 00:00:00,32,0,0,2585,14,0,0.0,0.0,12000000.0
747009,Justin Devenny,22.882956878850102,Midfield,Attacking Midfield,left,184.0,Northern Ireland,873,Crystal Palace,2025,2027-06-30 00:00:00,44,2,1,1285,1,0,0.14007782101167315,0.07003891050583658,12000000.0
848509,Jackson Tchatchoua,24.955509924709105,Defender,Right-Back,right,180.0,Cameroon,543,Wolverhampton Wanderers,2025,2030-06-30 00:00:00,31,0,1,1837,3,0,0.0,0.04899292324442025,12000000.0
938158,Marc Guiu,20.648870636550306,Attack,Centre-Forward,right,187.0,Spain,631,Chelsea FC,2025,2029-06-30 00:00:00,13,0,1,336,1,0,0.0,0.26785714285714285,12000000.0
983989,Facundo Buonanotte,21.68104038329911,Midfield,Attacking Midfield,left,174.0,Argentina,631,Chelsea FC,2025,2028-06-30 00:00:00,75,9,4,3526,18,0,0.22972206466250708,0.1020986954055587,12000000.0
991800,Luís Guilherme,20.550308008213552,Attack,Right Winger,left,175.0,Brazil,379,West Ham United,2025,2030-06-30 00:00:00,17,0,0,260,0,0,0.0,0.0,12000000.0
998101,Alex Tóth,20.84873374401095,Midfield,Central Midfield,right,181.0,Hungary,989,AFC Bournemouth,2025,2031-06-30 00:00:00,9,0,0,137,1,0,0.0,0.0,12000000.0
1086258,Souza,20.202600958247775,Defender,Left-Back,left,183.0,Brazil,148,Tottenham Hotspur,2025,2031-06-30 00:00:00,4,0,0,144,1,0,0.0,0.0,12000000.0
1107733,Harrison Armstrong,19.60848733744011,Midfield,Central Midfield,right,185.0,England,29,Everton FC,2025,2028-06-30 00:00:00,16,0,0,575,1,0,0.0,0.0,12000000.0
249089,Lewis Cook,29.56605065023956,Midfield,Central Midfield,right,175.0,England,989,AFC Bournemouth,2025,2028-06-30 00:00:00,190,1,12,13094,31,2,0.006873377119291278,0.08248052543149534,11000000.0
51471,Mateo Kovacic,32.31485284052019,Midfield,Central Midfield,right,178.0,Croatia,281,Manchester City,2025,2027-06-30 00:00:00,209,11,16,12774,36,1,0.07750117426021606,0.11272898074213246,10000000.0
238223,Ederson,33.0321697467488,Goalkeeper,Goalkeeper,left,188.0,Brazil,281,Manchester City,2025,2028-06-30 00:00:00,276,0,7,24516,23,1,0.0,0.02569750367107195,10000000.0
245056,Saša Lukić,30.04243668720055,Midfield,Central Midfield,right,182.0,Serbia,931,Fulham FC,2025,2027-06-30 00:00:00,92,2,5,5623,25,0,0.032011381824648764,0.08002845456162191,10000000.0
283628,Tomáš Souček,31.50171115674196,Midfield,Defensive Midfield,right,192.0,Czech Republic,379,West Ham United,2025,2027-06-30 00:00:00,229,41,9,17986,31,1,0.20515956855331924,0.04503502724341154,10000000.0
314288,Lukas Nmecha,27.707049965776864,Attack,Centre-Forward,right,185.0,Germany,399,Leeds United,2025,2027-06-30 00:00:00,33,6,1,1087,0,0,0.49678012879484823,0.0827966881324747,10000000.0
319301,Daniel James,28.799452429842574,Attack,Right Winger,right,171.0,Wales,399,Leeds United,2025,2029-06-30 00:00:00,125,12,13,7062,14,1,0.15293118096856415,0.16567544604927784,10000000.0
319859,Mathias Jensen,30.65845311430527,Midfield,Central Midfield,right,180.0,Denmark,1148,Brentford FC,2025,2027-06-30 00:00:00,160,11,13,9756,15,0,0.1014760147601476,0.11992619926199262,10000000.0
340324,Eddie Nketiah,27.249828884325805,Attack,Centre-Forward,right,175.0,England,873,Crystal Palace,2025,2029-06-30 00:00:00,157,24,8,5537,16,1,0.39010294383240024,0.13003431461080006,10000000.0
352041,Lucas Perri,28.71731690622861,Goalkeeper,Goalkeeper,right,197.0,Brazil,399,Leeds United,2025,2029-06-30 00:00:00,16,0,0,1440,2,0,0.0,0.0,10000000.0
356141,Daichi Kamada,30.064339493497606,Midfield,Attacking Midfield,right,180.0,Japan,873,Crystal Palace,2025,2027-06-30 00:00:00,62,0,1,3462,7,1,0.0,0.025996533795493933,10000000.0
369962,Joël Piroe,27.07460643394935,Attack,Centre-Forward,left,185.0,Suriname,399,Leeds United,2025,2027-06-30 00:00:00,16,0,0,246,0,0,0.0,0.0,10000000.0
380350,Igor Julio,28.555783709787818,Defender,Centre-Back,left,188.0,Brazil,379,West Ham United,2025,2027-06-30 00:00:00,41,0,0,2699,8,0,0.0,0.0,10000000.0
410425,Yves Bissouma,29.9958932238193,Midfield,Defensive Midfield,right,182.0,Mali,148,Tottenham Hotspur,2025,,202,5,2,13359,54,2,0.03368515607455648,0.013474062429822591,10000000.0
420808,George Hirst,27.534565366187543,Attack,Centre-Forward,right,191.0,Scotland,677,Ipswich Town,2025,2029-06-30 00:00:00,28,3,1,656,3,0,0.4115853658536585,0.13719512195121952,10000000.0
424015,Nathan Patterson,24.867898699520875,Defender,Right-Back,right,183.0,Scotland,29,Everton FC,2025,2027-06-30 00:00:00,56,0,3,2862,8,0,0.0,0.09433962264150944,10000000.0
438001,Santiago Bueno,27.802874743326488,Defender,Centre-Back,right,191.0,Uruguay,543,Wolverhampton Wanderers,2025,2028-06-30 00:00:00,70,3,2,5055,7,0,0.05341246290801187,0.03560830860534125,10000000.0
533662,Cameron Archer,24.720054757015742,Attack,Centre-Forward,right,175.0,England,180,Southampton FC,2024,2028-06-30 00:00:00,74,6,1,3341,2,0,0.16162825501346903,0.02693804250224484,10000000.0
543387,Cheick Doucouré,26.639288158795345,Midfield,Defensive Midfield,right,180.0,Mali,873,Crystal Palace,2025,2029-06-30 00:00:00,58,0,3,4153,13,0,0.0,0.06501324343847821,10000000.0
621193,Kasey McAteer,24.76659822039699,Midfield,Right Midfield,right,177.0,Ireland,677,Ipswich Town,2025,2029-06-30 00:00:00,18,1,1,853,3,0,0.10550996483001172,0.10550996483001172,10000000.0
698164,Freddie Potts,22.962354551676935,Midfield,Defensive Midfield,right,183.0,England,379,West Ham United,2025,2029-06-30 00:00:00,22,0,1,1167,1,0,0.0,0.07712082262210797,10000000.0
922563,Oliver Scarles,20.711841204654345,Defender,Left-Back,left,180.0,England,379,West Ham United,2025,2028-06-30 00:00:00,28,0,1,1323,3,0,0.0,0.06802721088435375,10000000.0
967319,Romain Esse,21.295003422313485,Attack,Right Winger,left,178.0,England,873,Crystal Palace,2025,2030-06-30 00:00:00,11,1,1,176,0,0,0.5113636363636364,0.5113636363636364,10000000.0
1005583,Alysson,20.317590691307323,Attack,Right Winger,left,184.0,Brazil,405,Aston Villa,2025,2031-06-30 00:00:00,3,0,0,47,0,0,0.0,0.0,10000000.0
564529,Victor Kristiansen,23.701574264202602,Defender,Left-Back,left,181.0,Denmark,1003,Leicester City,2025,2028-06-30 00:00:00,42,0,2,3383,3,0,0.0,0.05320721253325451,9000000.0
111455,Granit Xhaka,33.9192334017796,Midfield,Defensive Midfield,left,183.0,Switzerland,289,Sunderland AFC,2025,2028-06-30 00:00:00,259,18,30,21606,63,4,0.07497917245209663,0.12496528742016107,8000000.0
177907,Harry Maguire,33.4839151266256,Defender,Centre-Back,right,194.0,England,985,Manchester United,2025,2027-06-30 00:00:00,291,15,12,23224,61,1,0.058129521184981055,0.04650361694798484,8000000.0
183288,Luke Shaw,31.132101300479125,Defender,Left-Back,left,178.0,England,985,Manchester United,2025,2027-06-30 00:00:00,296,4,20,23685,71,0,0.015199493350221659,0.0759974667511083,8000000.0
188077,Ryan Christie,31.515400410677618,Midfield,Central Midfield,left,178.0,Scotland,989,AFC Bournemouth,2025,2029-06-30 00:00:00,124,5,9,7878,20,0,0.05712109672505712,0.10281797410510282,8000000.0
206746,Kenny Tete,30.888432580424368,Defender,Right-Back,right,180.0,Netherlands,931,Fulham FC,2025,2028-06-30 00:00:00,111,3,8,8499,20,0,0.03176844334627603,0.08471584892340275,8000000.0
262226,Timothy Castagne,30.732375085557837,Defender,Right-Back,right,185.0,Belgium,931,Fulham FC,2025,2027-06-30 00:00:00,179,6,10,13849,12,0,0.03899198498086504,0.06498664163477508,8000000.0
272622,Issa Diop,29.634496919917865,Defender,Centre-Back,right,194.0,Morocco,931,Fulham FC,2025,2027-06-30 00:00:00,173,8,2,13660,24,0,0.0527086383601757,0.013177159590043924,8000000.0
295313,Taiwo Awoniyi,29.045859000684462,Attack,Centre-Forward,right,183.0,Nigeria,703,Nottingham Forest,2025,2027-06-30 00:00:00,90,21,6,3337,6,0,0.5663769853161522,0.16182199580461493,8000000.0
338629,Sebastiaan Bornauw,27.43874058863792,Defender,Centre-Back,right,191.0,Belgium,399,Leeds United,2025,2029-06-30 00:00:00,12,0,0,433,1,0,0.0,0.0,8000000.0
340325,Reiss Nelson,26.718685831622178,Attack,Left Winger,right,175.0,England,1148,Brentford FC,2025,2027-06-30 00:00:00,71,5,4,1927,3,0,0.233523611831863,0.1868188894654904,8000000.0
340328,Stephy Mavididi,28.246406570841888,Attack,Left Winger,right,182.0,England,1003,Leicester City,2024,2028-06-30 00:00:00,30,4,1,1617,2,0,0.22263450834879406,0.055658627087198514,8000000.0
421637,Frank Onyeka,28.657084188911703,Midfield,Central Midfield,right,183.0,Nigeria,1148,Brentford FC,2025,2030-06-30 00:00:00,75,1,5,3158,12,0,0.028499050031665613,0.14249525015832806,8000000.0
461833,Caleb Okoli,25.127994524298426,Defender,Centre-Back,right,191.0,Italy,1003,Leicester City,2024,2029-06-30 00:00:00,19,1,0,1124,4,0,0.0800711743772242,0.0,8000000.0
467623,Lyle Foster,25.984941820670773,Attack,Centre-Forward,right,185.0,South Africa,1132,Burnley FC,2025,2028-06-30 00:00:00,50,8,5,3281,4,1,0.2194452910697958,0.13715330691862238,8000000.0
468066,Jens Cajuste,27.052703627652292,Midfield,Defensive Midfield,right,188.0,Sweden,677,Ipswich Town,2024,2026-06-30 00:00:00,30,1,1,1978,2,0,0.0455005055611729,0.0455005055611729,8000000.0
494880,Jorge Cuenca,26.781656399726216,Defender,Centre-Back,left,190.0,Spain,931,Fulham FC,2025,2028-06-30 00:00:00,23,0,0,1288,6,0,0.0,0.0,8000000.0
513970,Julián Araujo,25.04312114989733,Defender,Right-Back,right,176.0,Mexico,989,AFC Bournemouth,2025,2029-06-30 00:00:00,12,0,0,498,2,0,0.0,0.0,8000000.0
542586,Illan Meslier,26.491444216290212,Goalkeeper,Goalkeeper,left,197.0,France,399,Leeds United,2025,2028-06-30 00:00:00,107,0,0,9595,5,0,0.0,0.0,8000000.0
559263,Fábio Carvalho,23.99726214921287,Midfield,Attacking Midfield,right,170.0,Portugal,1148,Brentford FC,2025,2029-06-30 00:00:00,42,6,1,1141,1,0,0.4732690622261174,0.07887817703768624,8000000.0
585550,Gavin Bazunu,24.520191649555098,Goalkeeper,Goalkeeper,right,188.0,Ireland,180,Southampton FC,2025,2027-06-30 00:00:00,32,0,0,2880,0,0,0.0,0.0,8000000.0
661427,David Møller Wolfe,24.35044490075291,Defender,Left-Back,left,185.0,Norway,543,Wolverhampton Wanderers,2025,2030-06-30 00:00:00,22,0,2,1048,1,0,0.0,0.1717557251908397,8000000.0
669366,Tom Cannon,23.668720054757017,Attack,Centre-Forward,right,180.0,Ireland,1003,Leicester City,2024,2029-06-30 00:00:00,3,0,0,24,0,0,0.0,0.0,8000000.0
843595,Max Alleyne,21.10609171800137,Defender,Centre-Back,both,185.0,England,281,Manchester City,2025,2030-06-30 00:00:00,2,0,0,135,0,0,0.0,0.0,8000000.0
1009658,Julio Soler,21.530458590006845,Defender,Left-Back,left,175.0,Argentina,989,AFC Bournemouth,2025,2029-06-30 00:00:00,6,0,0,43,0,0,0.0,0.0,8000000.0
1045123,Trey Nyoni,19.16495550992471,Midfield,Central Midfield,right,180.0,England,31,Liverpool FC,2025,2030-06-30 00:00:00,6,0,0,21,0,0,0.0,0.0,8000000.0
1045124,Jay Robinson,19.457905544147845,Attack,Left Winger,right,176.0,England,180,Southampton FC,2024,2029-06-30 00:00:00,4,0,0,135,0,0,0.0,0.0,8000000.0
234803,Andrew Robertson,32.46817248459959,Defender,Left-Back,left,178.0,Scotland,31,Liverpool FC,2025,2030-06-30 00:00:00,332,12,60,26411,35,2,0.040892052553860136,0.20446026276930068,7000000.0
249126,Harry Winks,30.570841889117045,Midfield,Defensive Midfield,right,178.0,England,1003,Leicester City,2024,2026-06-30 00:00:00,150,2,5,8379,25,0,0.021482277121374866,0.05370569280343716,7000000.0
251106,Enes Ünal,29.30321697467488,Attack,Centre-Forward,right,187.0,Türkiye,989,AFC Bournemouth,2025,2028-06-30 00:00:00,56,5,3,865,4,0,0.5202312138728323,0.31213872832369943,7000000.0
406638,Oliver Skipp,25.949349760438057,Midfield,Defensive Midfield,right,175.0,England,1003,Leicester City,2024,2029-06-30 00:00:00,101,1,0,4951,24,0,0.018178145829125428,0.0,7000000.0
425902,Ryan Yates,28.76933607118412,Midfield,Central Midfield,right,190.0,England,703,Nottingham Forest,2025,2028-06-30 00:00:00,118,3,6,6332,24,0,0.04264055590650663,0.08528111181301326,7000000.0
433183,Tommy Doyle,24.865160848733744,Midfield,Central Midfield,right,172.0,England,543,Wolverhampton Wanderers,2025,2028-06-30 00:00:00,51,0,1,1705,3,0,0.0,0.05278592375366569,7000000.0
468002,Ben Johnson,26.595482546201232,Defender,Right-Back,right,184.0,England,677,Ipswich Town,2024,2028-06-30 00:00:00,92,3,2,4998,8,0,0.05402160864345738,0.03601440576230492,7000000.0
548729,Zeki Amdouni,25.73305954825462,Attack,Centre-Forward,right,183.0,Switzerland,1132,Burnley FC,2025,2028-06-30 00:00:00,38,5,1,2042,2,0,0.22037218413320275,0.04407443682664055,7000000.0
627248,Lewis Dobbin,23.652292950034223,Attack,Left Winger,right,175.0,England,405,Aston Villa,2025,2028-06-30 00:00:00,12,1,0,227,1,0,0.3964757709251101,0.0,7000000.0
696181,Romaine Mundle,23.34839151266256,Attack,Left Winger,right,172.0,England,289,Sunderland AFC,2025,2028-06-30 00:00:00,14,0,0,401,1,0,0.0,0.0,7000000.0
933018,Tom Watson,20.39151266255989,Attack,Left Winger,right,190.0,England,1237,Brighton & Hove Albion,2025,2029-06-30 00:00:00,6,0,0,56,1,0,0.0,0.0,7000000.0
417346,Jack Harrison,29.77138945927447,Attack,Left Winger,left,175.0,England,399,Leeds United,2025,2028-06-30 00:00:00,181,25,20,12794,8,0,0.1758636861028607,0.14069094888228859,6500000.0
16306,Casemiro,34.51334702258727,Midfield,Defensive Midfield,right,185.0,Brazil,985,Manchester United,2025,,111,15,7,8199,28,2,0.16465422612513722,0.07683863885839737,6000000.0
72476,Bernd Leno,34.48596851471595,Goalkeeper,Goalkeeper,right,190.0,Germany,931,Fulham FC,2025,2027-06-30 00:00:00,251,0,1,22477,16,1,0.0,0.004004093072918984,6000000.0
126664,Lucas Digne,33.1088295687885,Defender,Left-Back,left,178.0,France,405,Aston Villa,2025,2028-06-30 00:00:00,253,6,36,19252,38,2,0.02804903386661126,0.16829420319966756,6000000.0
204103,Adama Traoré,30.5927446954141,Attack,Right Winger,right,178.0,Spain,379,West Ham United,2025,,271,14,28,12920,15,0,0.09752321981424149,0.19504643962848298,6000000.0
250426,Adam Armstrong,29.54688569472964,Attack,Centre-Forward,right,173.0,England,543,Wolverhampton Wanderers,2025,2029-06-30 00:00:00,102,8,9,5383,11,0,0.1337544120378971,0.15047371354263422,6000000.0
262980,Jefferson Lerma,31.84394250513347,Midfield,Defensive Midfield,right,180.0,Colombia,873,Crystal Palace,2025,2027-06-30 00:00:00,192,9,9,14879,56,0,0.05443914241548491,0.05443914241548491,6000000.0
292246,Hee-chan Hwang,30.590006844626966,Attack,Centre-Forward,right,177.0,"Korea, South",543,Wolverhampton Wanderers,2025,2028-06-30 00:00:00,133,24,7,7177,14,0,0.3009614044865543,0.08778040964191167,6000000.0
298091,Harry Souttar,27.852156057494867,Defender,Centre-Back,right,198.0,Australia,1003,Leicester City,2024,2028-06-30 00:00:00,12,0,1,991,2,0,0.0,0.09081735620585267,6000000.0
314367,Marcus Edwards,27.737166324435318,Attack,Right Winger,left,168.0,England,1132,Burnley FC,2025,2029-06-30 00:00:00,23,1,3,1065,0,0,0.08450704225352113,0.2535211267605634,6000000.0
320411,Philip Billing,30.21492128678987,Midfield,Central Midfield,left,193.0,Denmark,989,AFC Bournemouth,2025,2030-06-30 00:00:00,152,12,4,9840,27,1,0.10975609756097561,0.036585365853658534,6000000.0
344830,Tahith Chong,26.73511293634497,Midfield,Attacking Midfield,left,185.0,Curacao,350,Sheffield United,2025,2029-06-30 00:00:00,38,4,0,2058,4,0,0.1749271137026239,0.0,6000000.0
505194,Luke Thomas,25.218343600273784,Defender,Left-Back,left,181.0,England,1003,Leicester City,2024,2029-06-30 00:00:00,82,1,2,6253,13,0,0.01439309131616824,0.02878618263233648,6000000.0
568006,Dennis Cirkin,24.396988364134156,Defender,Left-Back,left,182.0,Latvia,289,Sunderland AFC,2025,,8,0,0,320,2,0,0.0,0.0,6000000.0
646658,Aaron Ramsey,23.603011635865844,Midfield,Attacking Midfield,right,181.0,England,1132,Burnley FC,2025,2028-06-30 00:00:00,14,0,0,526,1,0,0.0,0.0,6000000.0
670848,Divin Mubama,21.842573579739906,Attack,Centre-Forward,left,183.0,England,281,Manchester City,2024,2026-06-30 00:00:00,9,0,0,138,0,0,0.0,0.0,6000000.0
1063329,Andrés García,23.5564681724846,Defender,Right-Back,right,185.0,Spain,405,Aston Villa,2025,2029-06-30 00:00:00,13,0,0,400,0,0,0.0,0.0,6000000.0
108725,Chris Wood,34.72689938398357,Attack,Centre-Forward,right,191.0,New Zealand,703,Nottingham Forest,2025,2027-06-30 00:00:00,275,92,11,18750,6,0,0.4416,0.0528,5000000.0
148367,Christian Nørgaard,32.47091033538672,Midfield,Defensive Midfield,right,187.0,Denmark,11,Arsenal FC,2025,2027-06-30 00:00:00,129,11,13,10274,30,1,0.09635974304068523,0.11387969632080981,5000000.0
173504,James Tarkowski,33.7741273100616,Defender,Centre-Back,right,185.0,England,29,Everton FC,2025,2028-06-30 00:00:00,340,12,11,29294,72,0,0.036867617942240735,0.033795316447054004,5000000.0
181579,James Ward-Prowse,31.824777549623544,Midfield,Central Midfield,right,177.0,England,379,West Ham United,2025,2027-06-30 00:00:00,422,57,50,29610,51,2,0.17325227963525835,0.1519756838905775,5000000.0
184573,Victor Lindelöf,32.11772758384668,Defender,Centre-Back,right,187.0,Sweden,405,Aston Villa,2025,2027-06-30 00:00:00,211,4,6,16252,16,0,0.02215111986217081,0.03322667979325621,5000000.0
192080,Nick Pope,34.36002737850787,Goalkeeper,Goalkeeper,right,198.0,England,762,Newcastle United,2025,2027-06-30 00:00:00,248,0,0,22199,14,1,0.0,0.0,5000000.0
192279,Kepa Arrizabalaga,31.904175222450377,Goalkeeper,Goalkeeper,right,188.0,Spain,11,Arsenal FC,2025,2028-06-30 00:00:00,141,0,0,12600,6,0,0.0,0.0,5000000.0
207014,Will Hughes,31.367556468172484,Midfield,Central Midfield,left,185.0,England,873,Crystal Palace,2025,2027-06-30 00:00:00,214,6,15,13166,48,0,0.041014734923287256,0.10253683730821814,5000000.0
336077,Altay Bayındır,28.3750855578371,Goalkeeper,Goalkeeper,right,198.0,Türkiye,985,Manchester United,2025,2027-06-30 00:00:00,10,0,0,900,0,0,0.0,0.0,5000000.0
342046,Axel Tuanzebe,28.788501026694046,Defender,Centre-Back,right,188.0,DR Congo,1132,Burnley FC,2025,,64,1,1,4320,9,0,0.020833333333333332,0.020833333333333332,5000000.0
392179,Hjalmar Ekdal,27.854893908281998,Defender,Centre-Back,right,187.0,Sweden,1132,Burnley FC,2025,2027-06-30 00:00:00,27,0,0,1978,2,0,0.0,0.0,5000000.0
396174,Jimmy Dunne,28.859685147159478,Defender,Right-Back,right,191.0,Ireland,1039,Queens Park Rangers,2025,,3,1,0,270,1,0,0.3333333333333333,0.0,5000000.0
426192,Ben Brereton Díaz,27.364818617385353,Attack,Centre-Forward,right,185.0,Chile,180,Southampton FC,2025,2028-06-30 00:00:00,24,6,1,1558,4,0,0.3465982028241335,0.057766367137355584,5000000.0
432914,John Victor,30.54072553045859,Goalkeeper,Goalkeeper,right,197.0,Brazil,703,Nottingham Forest,2025,2028-06-30 00:00:00,5,0,0,438,1,0,0.0,0.0,5000000.0
571743,Armando Broja,24.966461327857633,Attack,Centre-Forward,right,191.0,Albania,1132,Burnley FC,2025,2030-06-30 00:00:00,68,3,4,2006,1,0,0.1345962113659023,0.1794616151545364,5000000.0
581330,Eiran Cashin,24.802190280629706,Defender,Centre-Back,left,184.0,Ireland,1237,Brighton & Hove Albion,2025,2030-06-30 00:00:00,2,0,0,19,0,0,0.0,0.0,5000000.0
617755,Jenson Seelt,23.26899383983573,Defender,Centre-Back,right,195.0,Netherlands,289,Sunderland AFC,2025,2028-06-30 00:00:00,2,0,0,134,0,0,0.0,0.0,5000000.0
654253,Toby Collyer,22.652977412731005,Midfield,Defensive Midfield,right,180.0,England,985,Manchester United,2024,2026-06-30 00:00:00,6,0,0,174,0,0,0.0,0.0,5000000.0
680806,Samuel Edozie,23.583846680355922,Attack,Left Winger,right,181.0,England,180,Southampton FC,2024,2027-06-30 00:00:00,19,0,0,623,1,0,0.0,0.0,5000000.0
1011738,Harry Amass,19.45516769336071,Defender,Left-Back,left,181.0,England,985,Manchester United,2024,2026-06-30 00:00:00,5,0,0,346,0,0,0.0,0.0,5000000.0
1042886,Chido Obi,18.748802190280628,Attack,Centre-Forward,right,188.0,Denmark,985,Manchester United,2025,,7,0,0,160,1,0,0.0,0.0,5000000.0
430310,Andrew Irving,26.2943189596167,Midfield,Central Midfield,left,190.0,Scotland,379,West Ham United,2025,2029-06-30 00:00:00,17,0,0,319,2,0,0.0,0.0,4500000.0
74230,Pablo Sarabia,34.299794661190965,Midfield,Attacking Midfield,left,174.0,Spain,543,Wolverhampton Wanderers,2024,2027-06-30 00:00:00,66,8,9,3326,10,0,0.2164762477450391,0.24353577871316898,4000000.0
85941,Stefan Ortega,33.80971937029432,Goalkeeper,Goalkeeper,right,185.0,Germany,281,Manchester City,2025,,28,0,0,2271,1,0,0.0,0.0,4000000.0
120629,Alphonse Areola,33.50034223134839,Goalkeeper,Goalkeeper,right,195.0,France,379,West Ham United,2025,2027-06-30 00:00:00,119,0,1,10396,3,0,0.0,0.00865717583686033,4000000.0
123682,Callum Wilson,34.502395619438744,Attack,Centre-Forward,right,180.0,England,379,West Ham United,2025,2027-06-30 00:00:00,271,95,28,17507,27,0,0.4883760781401725,0.1439424230307877,4000000.0
131978,Ross Barkley,32.73100616016427,Midfield,Central Midfield,right,189.0,England,405,Aston Villa,2025,2027-06-30 00:00:00,299,40,37,18719,28,0,0.19231796570329612,0.1778941182755489,4000000.0
131996,Bertrand Traoré,30.978781656399725,Attack,Right Winger,left,181.0,Burkina Faso,289,Sunderland AFC,2025,,77,12,8,3796,3,0,0.2845100105374078,0.18967334035827185,4000000.0
134270,Dan Burn,34.30527036276523,Defender,Centre-Back,left,201.0,England,762,Newcastle United,2025,2027-06-30 00:00:00,236,7,7,19386,47,0,0.032497678737233054,0.032497678737233054,4000000.0
135343,Fabian Schär,34.691307323750856,Defender,Centre-Back,right,186.0,Switzerland,762,Newcastle United,2025,2027-06-30 00:00:00,211,18,7,17377,47,2,0.09322667894343097,0.036254819589112044,4000000.0
146310,Wataru Endo,33.549623545516766,Midfield,Defensive Midfield,right,178.0,Japan,31,Liverpool FC,2025,2027-06-30 00:00:00,57,1,1,2150,11,0,0.04186046511627907,0.04186046511627907,4000000.0
240692,Reinildo Mandava,32.602327173169066,Defender,Left-Back,left,180.0,Mozambique,289,Sunderland AFC,2025,2027-06-30 00:00:00,25,0,2,1969,7,0,0.0,0.0914169629253428,4000000.0
242606,Josh Cullen,30.392881587953458,Midfield,Central Midfield,right,175.0,Ireland,1132,Burnley FC,2025,2027-06-30 00:00:00,46,4,5,3587,11,0,0.10036241984945637,0.12545302481182047,4000000.0
293281,Jacob Bruun Larsen,27.942505133470227,Attack,Left Winger,right,183.0,Denmark,1132,Burnley FC,2025,2029-06-30 00:00:00,60,6,1,2270,1,0,0.23788546255506607,0.039647577092511016,4000000.0
296802,Walter Benítez,33.607118412046546,Goalkeeper,Goalkeeper,right,191.0,Argentina,873,Crystal Palace,2025,2028-06-30 00:00:00,1,0,0,90,0,0,0.0,0.0,4000000.0
339340,Tyrell Malacia,27.033538672142367,Defender,Left-Back,left,169.0,Netherlands,985,Manchester United,2025,,28,0,0,1507,7,0,0.0,0.0,4000000.0
341501,Hamza Choudhury,28.908966461327857,Midfield,Defensive Midfield,right,178.0,Bangladesh,1003,Leicester City,2025,2027-06-30 00:00:00,57,1,2,2593,7,0,0.034708831469340534,0.06941766293868107,4000000.0
342385,Guido Rodríguez,32.380561259411365,Midfield,Defensive Midfield,right,185.0,Argentina,379,West Ham United,2025,2028-06-30 00:00:00,29,0,1,1332,7,0,0.0,0.06756756756756757,4000000.0
349503,Conor Chaplin,29.530458590006845,Attack,Second Striker,left,168.0,England,677,Ipswich Town,2024,2026-06-30 00:00:00,22,1,1,854,2,0,0.1053864168618267,0.1053864168618267,4000000.0
391005,Mads Roerslev,27.1813826146475,Defender,Right-Back,right,184.0,Denmark,1148,Brentford FC,2025,2029-06-30 00:00:00,94,2,5,5420,4,0,0.033210332103321034,0.08302583025830258,4000000.0
392591,Chiedozie Ogbene,29.32785763175907,Attack,Right Winger,right,181.0,Ireland,677,Ipswich Town,2025,2028-06-30 00:00:00,35,4,1,2231,1,0,0.16136261766024204,0.04034065441506051,4000000.0
486477,Edo Kayembe,28.238193018480494,Midfield,Central Midfield,left,183.0,DR Congo,1010,Watford FC,2025,2027-06-30 00:00:00,13,0,0,799,0,0,0.0,0.0,4000000.0
503990,Nathan Wood,24.246406570841888,Defender,Centre-Back,right,188.0,England,180,Southampton FC,2024,2028-06-30 00:00:00,11,0,0,772,2,0,0.0,0.0,4000000.0
528892,Harry Clarke,25.492128678986994,Defender,Right-Back,right,180.0,England,677,Ipswich Town,2024,2026-06-30 00:00:00,7,0,0,378,3,0,0.0,0.0,4000000.0
555076,Romain Faivre,28.125941136208077,Midfield,Attacking Midfield,left,180.0,France,989,AFC Bournemouth,2025,2027-06-30 00:00:00,5,0,0,37,1,0,0.0,0.0,4000000.0
560694,Lewis O'Brien,27.874058863791923,Midfield,Central Midfield,left,173.0,England,703,Nottingham Forest,2024,2028-06-30 00:00:00,13,1,0,580,2,0,0.15517241379310345,0.0,4000000.0
649452,Issa Kaboré,25.297741273100616,Defender,Right-Back,right,180.0,Burkina Faso,281,Manchester City,2024,2026-06-30 00:00:00,24,0,2,1732,7,0,0.0,0.10392609699769054,4000000.0
829299,Max Weiß,22.203969883641342,Goalkeeper,Goalkeeper,right,190.0,Germany,1132,Burnley FC,2025,2029-06-30 00:00:00,3,0,0,270,0,0,0.0,0.0,4000000.0
864799,Stefan Bajcetic,21.8507871321013,Midfield,Defensive Midfield,right,185.0,Spain,31,Liverpool FC,2025,2027-06-30 00:00:00,12,1,0,554,2,0,0.1624548736462094,0.0,4000000.0
927768,Lucas Pires,25.43189596167009,Defender,Left-Back,left,182.0,Brazil,1132,Burnley FC,2025,2028-06-30 00:00:00,20,0,0,1406,1,0,0.0,0.0,4000000.0
933017,Zach Abbott,20.295687885010267,Defender,Centre-Back,right,180.0,England,703,Nottingham Forest,2025,2029-06-30 00:00:00,3,0,0,166,0,0,0.0,0.0,4000000.0
732165,Ronnie Edwards,23.422313483915126,Defender,Centre-Back,right,185.0,England,180,Southampton FC,2024,,1,0,0,12,0,0,0.0,0.0,3800000.0
75489,Niclas Füllkrug,33.549623545516766,Attack,Centre-Forward,right,189.0,Germany,379,West Ham United,2025,2028-06-30 00:00:00,26,3,2,1197,2,0,0.22556390977443608,0.15037593984962405,3500000.0
127202,Matz Sels,34.50513347022587,Goalkeeper,Goalkeeper,right,188.0,Belgium,703,Nottingham Forest,2025,2028-06-30 00:00:00,85,0,0,7527,7,0,0.0,0.0,3500000.0
134294,Danny Ings,34.09993155373032,Attack,Centre-Forward,right,177.0,England,379,West Ham United,2024,2026-06-30 00:00:00,205,61,19,11424,15,0,0.4805672268907563,0.14968487394957983,3500000.0
148153,Lewis Dunk,34.770704996577685,Defender,Centre-Back,right,192.0,England,1237,Brighton & Hove Albion,2025,2027-06-30 00:00:00,299,17,6,26343,57,4,0.05807994533652203,0.020498804236419543,3500000.0
249994,José Sá,33.61259411362081,Goalkeeper,Goalkeeper,right,192.0,Portugal,543,Wolverhampton Wanderers,2025,2027-06-30 00:00:00,160,0,1,14243,10,0,0.0,0.006318893491539704,3500000.0
357656,Jayson Molumby,27.06365503080082,Midfield,Central Midfield,right,176.0,Ireland,984,West Bromwich Albion,2025,2028-06-30 00:00:00,1,0,0,1,0,0,0.0,0.0,3500000.0
485583,Ki-Jana Hoever,24.61054072553046,Defender,Right-Back,right,183.0,Netherlands,543,Wolverhampton Wanderers,2025,2027-06-30 00:00:00,28,0,0,1309,2,0,0.0,0.0,3500000.0
1091562,Romelle Donovan,19.745379876796715,Attack,Right Winger,left,171.0,England,1148,Brentford FC,2025,2027-05-31 00:00:00,4,0,1,38,0,0,0.0,2.3684210526315788,3500000.0
1141628,Yunus Konak,20.632443531827516,Midfield,Defensive Midfield,right,181.0,Türkiye,1148,Brentford FC,2025,2029-06-30 00:00:00,10,0,0,37,0,0,0.0,0.0,3500000.0
225452,Patrick Roberts,29.560574948665298,Attack,Right Winger,left,167.0,England,289,Sunderland AFC,2025,2028-06-30 00:00:00,5,0,0,55,0,0,0.0,0.0,3200000.0
532541,Luke Cundle,24.34223134839151,Midfield,Central Midfield,right,171.0,England,543,Wolverhampton Wanderers,2024,,4,0,0,180,0,0,0.0,0.0,3200000.0
67063,Danny Welbeck,35.75633127994524,Attack,Centre-Forward,right,185.0,England,1237,Brighton & Hove Albion,2025,2027-06-30 00:00:00,336,74,37,18906,21,0,0.35226912091399554,0.17613456045699777,3000000.0
118534,Michael Keane,33.6290212183436,Defender,Centre-Back,right,188.0,England,29,Everton FC,2025,2027-06-30 00:00:00,286,19,11,23716,29,0,0.07210322145387081,0.041743970315398886,3000000.0
192765,Ben Davies,33.347022587268995,Defender,Centre-Back,left,181.0,Wales,148,Tottenham Hotspur,2025,2027-06-30 00:00:00,316,11,20,24155,45,0,0.04098530324984475,0.07451873318153591,3000000.0
206040,Raúl Jiménez,35.318275154004105,Attack,Centre-Forward,right,188.0,Mexico,931,Fulham FC,2025,2028-06-30 00:00:00,233,68,25,16787,28,1,0.36456782033716567,0.13403228688866384,3000000.0
212847,Adam Webster,31.64955509924709,Defender,Centre-Back,right,190.0,England,1237,Brighton & Hove Albion,2025,,138,6,1,10715,18,0,0.050396640223985066,0.008399440037330844,3000000.0
215876,Ricardo Pereira,32.8952772073922,Defender,Right-Back,right,175.0,Portugal,1003,Leicester City,2024,2026-06-30 00:00:00,112,7,15,8431,17,0,0.07472423200094888,0.1601233542877476,3000000.0
226049,Freddie Woodman,29.48665297741273,Goalkeeper,Goalkeeper,right,188.0,England,31,Liverpool FC,2025,2027-06-30 00:00:00,7,0,0,572,0,0,0.0,0.0,3000000.0
250478,Matt Targett,30.94592744695414,Defender,Left-Back,left,183.0,England,762,Newcastle United,2025,,164,3,10,12294,19,0,0.021961932650073207,0.07320644216691069,3000000.0
253677,Tyrone Mings,33.46201232032854,Defender,Centre-Back,left,196.0,England,405,Aston Villa,2025,2027-06-30 00:00:00,189,6,10,15772,34,0,0.03423788993152422,0.0570631498858737,3000000.0
293194,Borna Sosa,28.602327173169062,Defender,Left-Back,left,187.0,Croatia,873,Crystal Palace,2025,2028-06-30 00:00:00,7,0,0,99,1,0,0.0,0.0,3000000.0
357658,Mark Travers,27.28268309377139,Goalkeeper,Goalkeeper,right,191.0,Ireland,29,Everton FC,2025,2029-06-30 00:00:00,22,0,0,1935,0,0,0.0,0.0,3000000.0
442248,Ethan Pinnock,33.25119780971937,Defender,Centre-Back,left,194.0,Jamaica,1148,Brentford FC,2025,2027-06-30 00:00:00,117,8,1,10152,5,0,0.07092198581560284,0.008865248226950355,3000000.0
458178,Jack Taylor,28.18343600273785,Midfield,Central Midfield,right,185.0,Ireland,677,Ipswich Town,2025,2028-06-30 00:00:00,32,1,0,838,4,0,0.10739856801909307,0.0,3000000.0
480987,Chris Mepham,28.813141683778234,Defender,Centre-Back,right,190.0,Wales,984,West Bromwich Albion,2025,2028-06-30 00:00:00,61,1,2,4572,11,0,0.01968503937007874,0.03937007874015748,3000000.0
605426,Melker Ellborg,23.27173169062286,Goalkeeper,Goalkeeper,right,191.0,Sweden,289,Sunderland AFC,2025,2030-06-30 00:00:00,3,0,0,270,0,0,0.0,0.0,3000000.0
729264,Welington,25.522245037645447,Defender,Left-Back,left,170.0,Brazil,180,Southampton FC,2024,2029-06-30 00:00:00,10,0,0,480,1,0,0.0,0.0,3000000.0
911424,Tyler Fredricson,21.51129363449692,Defender,Centre-Back,right,188.0,England,985,Manchester United,2025,2028-06-30 00:00:00,3,0,0,168,0,0,0.0,0.0,3000000.0
1069512,Jonah Kusi-Asare,19.15400410677618,Attack,Centre-Forward,right,196.0,Sweden,931,Fulham FC,2025,2031-06-30 00:00:00,7,0,0,49,1,0,0.0,0.0,3000000.0
262300,Ryan Manning,30.206707734428473,Defender,Left-Back,left,173.0,Ireland,180,Southampton FC,2025,2027-06-30 00:00:00,24,0,1,1468,2,0,0.0,0.06130790190735695,2800000.0
447995,Ross Stewart,30.132785763175907,Attack,Centre-Forward,right,188.0,Scotland,180,Southampton FC,2024,2026-06-30 00:00:00,12,1,0,385,1,0,0.23376623376623376,0.0,2800000.0
260841,Daniel Iversen,29.111567419575632,Goalkeeper,Goalkeeper,right,193.0,Denmark,1003,Leicester City,2024,2029-06-30 00:00:00,12,0,0,1080,0,0,0.0,0.0,2500000.0
324223,James Bree,28.71457905544148,Defender,Right-Back,right,182.0,England,180,Southampton FC,2024,2026-06-30 00:00:00,22,0,1,1441,1,0,0.0,0.062456627342123525,2500000.0
351749,Kalvin Phillips,30.740588637919235,Midfield,Defensive Midfield,right,179.0,England,281,Manchester City,2025,2028-06-30 00:00:00,92,1,3,5951,24,0,0.015123508654007729,0.04537052596202319,2500000.0
488935,Hákon Valdimarsson,24.876112251882272,Goalkeeper,Goalkeeper,right,195.0,Iceland,1148,Brentford FC,2025,2030-06-30 00:00:00,3,0,0,234,0,0,0.0,0.0,2500000.0
543164,Rhys Norrington-Davies,27.353867214236825,Defender,Left-Back,left,181.0,Wales,1039,Queens Park Rangers,2025,2026-06-30 00:00:00,5,0,0,111,1,0,0.0,0.0,2500000.0
546712,Anis Ben Slimane,25.453798767967147,Midfield,Attacking Midfield,both,188.0,Tunisia,1123,Norwich City,2025,2028-06-30 00:00:00,15,0,0,412,2,0,0.0,0.0,2500000.0
1060740,Enso González,21.60438056125941,Attack,Left Winger,left,169.0,Paraguay,543,Wolverhampton Wanderers,2025,2029-06-30 00:00:00,1,0,0,1,0,0,0.0,0.0,2500000.0
1322090,Jocelin Ta Bi,21.54962354551677,Attack,Right Winger,left,175.0,Cote d'Ivoire,289,Sunderland AFC,2025,2030-06-30 00:00:00,1,0,0,39,0,0,0.0,0.0,2500000.0
503795,Jeremy Ngakia,25.973990417522245,Defender,Right-Back,right,184.0,DR Congo,1010,Watford FC,2025,2027-06-30 00:00:00,21,0,0,1341,0,0,0.0,0.0,2200000.0
865993,David Ozoh,21.31416837782341,Midfield,Defensive Midfield,right,189.0,England,873,Crystal Palace,2025,2027-06-30 00:00:00,10,0,0,149,1,0,0.0,0.0,2200000.0
42412,Jonny Evans,38.652977412731005,Defender,Centre-Back,both,188.0,Northern Ireland,985,Manchester United,2024,,294,13,11,23845,45,1,0.04906689033340323,0.04151813797441812,2000000.0
53622,İlkay Gündoğan,35.846680355920604,Midfield,Central Midfield,right,180.0,Germany,281,Manchester City,2025,2027-06-30 00:00:00,221,45,24,14846,16,0,0.27280075441196283,0.14549373568638016,2000000.0
110864,Sam Johnstone,33.42915811088296,Goalkeeper,Goalkeeper,right,193.0,England,543,Wolverhampton Wanderers,2025,2028-06-30 00:00:00,85,0,1,7647,3,0,0.0,0.011769321302471557,2000000.0
181380,Arthur Masuaku,32.80766598220397,Defender,Left-Back,left,179.0,DR Congo,289,Sunderland AFC,2025,2027-06-30 00:00:00,108,1,9,7317,18,0,0.012300123001230012,0.11070110701107011,2000000.0
183318,Jamaal Lascelles,32.79671457905544,Defender,Centre-Back,right,188.0,England,762,Newcastle United,2025,,177,10,1,13898,29,1,0.06475751906749172,0.006475751906749172,2000000.0
195633,Charlie Taylor,32.94455852156057,Defender,Left-Back,left,183.0,England,180,Southampton FC,2024,2026-06-30 00:00:00,169,1,7,13978,21,0,0.006438689369008442,0.045070825583059096,2000000.0
226973,Harrison Reed,31.586584531143053,Midfield,Central Midfield,right,181.0,England,931,Fulham FC,2025,2027-06-30 00:00:00,131,4,8,7184,18,0,0.05011135857461024,0.10022271714922049,2000000.0
381963,Mike Tresor,27.255304585900067,Midfield,Attacking Midfield,right,172.0,Belgium,1132,Burnley FC,2025,2028-06-30 00:00:00,22,0,0,450,0,0,0.0,0.0,2000000.0
415970,Joe Worrall,29.631759069130734,Defender,Centre-Back,right,190.0,England,1132,Burnley FC,2025,2028-06-30 00:00:00,48,1,0,3153,6,1,0.028544243577545196,0.0,2000000.0
527425,Luke Woolfenden,27.854893908281998,Defender,Centre-Back,right,193.0,England,677,Ipswich Town,2024,2028-06-30 00:00:00,15,0,0,1187,2,0,0.0,0.0,2000000.0
646738,Juan Larios,22.628336755646817,Defender,Left-Back,left,170.0,Spain,180,Southampton FC,2024,2026-06-30 00:00:00,5,0,0,152,0,0,0.0,0.0,2000000.0
845289,James McConnell,21.95756331279945,Midfield,Defensive Midfield,right,180.0,England,31,Liverpool FC,2025,2030-06-30 00:00:00,3,0,0,3,0,0,0.0,0.0,2000000.0
936842,Michael Golding,20.268309377138944,Midfield,Central Midfield,right,180.0,England,1003,Leicester City,2024,2028-06-30 00:00:00,1,0,0,1,0,0,0.0,0.0,2000000.0
953135,Callum Marshall,21.749486652977414,Attack,Centre-Forward,left,172.0,Northern Ireland,379,West Ham United,2025,2027-06-30 00:00:00,2,0,0,58,0,0,0.0,0.0,2000000.0
954104,Jayden Meghoma,20.16974674880219,Defender,Left-Back,left,176.0,England,1148,Brentford FC,2025,2028-06-30 00:00:00,1,0,0,4,0,0,0.0,0.0,2000000.0
1107726,Ezra Mayers,19.616700889801507,Defender,Centre-Back,left,183.0,England,379,West Ham United,2025,2028-06-30 00:00:00,6,0,0,113,0,0,0.0,0.0,2000000.0
1202361,Bradley Burrowes,18.48596851471595,Attack,Right Winger,right,169.0,England,405,Aston Villa,2025,2027-06-30 00:00:00,1,0,0,16,0,0,0.0,0.0,2000000.0
108354,Jordan Ayew,34.965092402464066,Attack,Centre-Forward,right,182.0,Ghana,1003,Leicester City,2025,2026-06-30 00:00:00,305,42,25,21483,44,2,0.17595307917888564,0.10473397570171764,1800000.0
468198,Joe Aribo,30.105407255304584,Midfield,Central Midfield,left,183.0,Nigeria,180,Southampton FC,2025,2026-06-30 00:00:00,53,5,0,3249,3,0,0.13850415512465375,0.0,1800000.0
567597,Odeluga Offiah,23.84120465434634,Defender,Centre-Back,right,187.0,England,1237,Brighton & Hove Albion,2024,2029-06-30 00:00:00,6,0,0,150,0,0,0.0,0.0,1800000.0
670840,Joe Whitworth,22.496919917864478,Goalkeeper,Goalkeeper,right,179.0,England,873,Crystal Palace,2024,2026-05-31 00:00:00,2,0,0,180,0,0,0.0,0.0,1700000.0
95424,Kyle Walker,36.25462012320329,Defender,Right-Back,right,183.0,England,1132,Burnley FC,2025,2027-06-30 00:00:00,391,5,36,32861,59,0,0.013694044612154226,0.09859712120751042,1500000.0
95810,Kieran Trippier,35.94250513347023,Defender,Right-Back,right,173.0,England,762,Newcastle United,2025,2028-06-30 00:00:00,187,6,35,14135,19,0,0.03820304209409268,0.2228510788822073,1500000.0
111195,Joël Veltman,34.620123203285424,Defender,Right-Back,right,184.0,Netherlands,1237,Brighton & Hove Albion,2025,,165,5,4,11687,29,0,0.03850432104047232,0.030803456832377854,1500000.0
124884,Marco Bizot,35.4715947980835,Goalkeeper,Goalkeeper,right,193.0,Netherlands,405,Aston Villa,2025,2027-06-30 00:00:00,7,0,0,585,1,0,0.0,0.0,1500000.0
128901,Conor Coady,33.50581793292265,Defender,Centre-Back,right,185.0,England,1003,Leicester City,2024,2026-06-30 00:00:00,198,7,1,17317,24,0,0.036380435410290464,0.005197205058612923,1500000.0
167268,Paddy McNair,31.340177960301162,Defender,Centre-Back,right,189.0,Northern Ireland,3008,Hull City,2025,2027-06-30 00:00:00,33,0,0,1690,2,0,0.0,0.0,1500000.0
214666,Connor Roberts,30.93223819301848,Defender,Right-Back,right,175.0,Wales,1132,Burnley FC,2025,2027-06-30 00:00:00,39,1,1,2777,7,0,0.03240907454087144,0.03240907454087144,1500000.0
255788,Cameron Burgess,30.855578370978783,Defender,Centre-Back,left,194.0,Australia,2288,Swansea City,2025,2028-06-30 00:00:00,18,0,2,1540,0,0,0.0,0.11688311688311688,1500000.0
314241,Josh Laurent,31.315537303216974,Midfield,Central Midfield,right,188.0,England,1132,Burnley FC,2025,2027-06-30 00:00:00,33,1,0,1759,7,0,0.051165434906196704,0.0,1500000.0
340321,Josh Dasilva,27.849418206707735,Midfield,Central Midfield,left,184.0,England,1148,Brentford FC,2025,2027-06-30 00:00:00,50,4,2,1660,1,1,0.21686746987951808,0.10843373493975904,1500000.0
403898,Jordan Beyer,26.27789185489391,Defender,Centre-Back,right,187.0,Germany,1132,Burnley FC,2025,2027-06-30 00:00:00,15,0,1,1238,6,0,0.0,0.07269789983844911,1500000.0
610581,Ali Al-Hamadi,24.49555099247091,Attack,Centre-Forward,right,187.0,Iraq,1031,Luton Town,2025,2026-06-30 00:00:00,11,0,0,125,3,0,0.0,0.0,1500000.0
661208,Leo Hjelde,23.00889801505818,Defender,Centre-Back,left,190.0,Norway,289,Sunderland AFC,2025,2028-06-30 00:00:00,2,0,0,148,0,0,0.0,0.0,1500000.0
900601,Alex Murphy,22.17659137577002,Defender,Left-Back,left,188.0,Ireland,762,Newcastle United,2025,2028-06-30 00:00:00,4,0,0,18,0,0,0.0,0.0,1500000.0
926135,Omari Kellyman,20.95277207392197,Midfield,Attacking Midfield,left,191.0,England,631,Chelsea FC,2024,2026-05-31 00:00:00,2,0,0,35,0,0,0.0,0.0,1500000.0
61651,Jordan Henderson,36.199863107460644,Midfield,Defensive Midfield,right,182.0,England,1148,Brentford FC,2025,2027-06-30 00:00:00,355,28,48,26027,39,1,0.09682253044914896,0.16598148076996966,1200000.0
163744,Jack Stephens,32.58590006844627,Defender,Centre-Back,right,185.0,England,180,Southampton FC,2024,2028-06-30 00:00:00,156,5,5,12561,25,4,0.03582517315500358,0.03582517315500358,1200000.0
255731,Wes Burns,31.76454483230664,Midfield,Right Midfield,right,173.0,Wales,677,Ipswich Town,2024,2026-06-30 00:00:00,18,0,1,934,1,0,0.0,0.09635974304068523,1200000.0
732119,Kaide Gordon,21.897330595482547,Attack,Right Winger,left,173.0,England,31,Liverpool FC,2025,,1,0,0,1,0,0,0.0,0.0,1200000.0
986298,Joachim Kayi Sanda,19.748117727583846,Defender,Centre-Back,right,186.0,France,180,Southampton FC,2024,2029-06-30 00:00:00,2,0,0,12,0,0,0.0,0.0,1200000.0
74810,Ben Mee,36.936344969199176,Defender,Centre-Back,left,180.0,England,1148,Brentford FC,2024,2026-06-30 00:00:00,244,12,7,21188,37,1,0.050972248442514634,0.029733811591466867,1000000.0
99331,Jannik Vestergaard,34.06981519507187,Defender,Centre-Back,both,199.0,Denmark,1003,Leicester City,2025,2027-06-30 00:00:00,100,4,0,8061,15,1,0.0446594715295869,0.0,1000000.0
121324,John Egan,33.856262833675565,Defender,Centre-Back,right,185.0,Ireland,3008,Hull City,2025,2027-06-30 00:00:00,73,2,1,6303,14,1,0.028557829604950024,0.014278914802475012,1000000.0
171679,Matt Doherty,34.61738535249829,Defender,Right-Back,right,185.0,Ireland,543,Wolverhampton Wanderers,2025,,189,14,18,12814,22,0,0.09832995161542063,0.1264242235055408,1000000.0
201574,Angus Gunn,30.600958247775495,Goalkeeper,Goalkeeper,right,196.0,Scotland,703,Nottingham Forest,2025,,32,0,0,2835,0,0,0.0,0.0,1000000.0
209212,Solly March,32.10951403148528,Attack,Right Winger,left,180.0,England,1237,Brighton & Hove Albion,2025,,194,14,21,12364,12,0,0.10190876738919444,0.15286315108379164,1000000.0
512354,Malcolm Ebiowei,22.98425735797399,Attack,Right Winger,left,185.0,England,873,Crystal Palace,2024,,3,0,0,31,0,0,0.0,0.0,1000000.0
614603,Chem Campbell,23.66324435318275,Midfield,Attacking Midfield,right,180.0,Wales,543,Wolverhampton Wanderers,2024,,5,0,0,68,0,0,0.0,0.0,1000000.0
697280,George Earthy,21.97946611909651,Midfield,Attacking Midfield,right,180.0,England,379,West Ham United,2025,2027-06-30 00:00:00,4,1,0,40,0,0,2.25,0.0,1000000.0
706889,Jaydon Banel,21.859000684462696,Attack,Left Winger,right,173.0,Netherlands,1132,Burnley FC,2025,2029-06-30 00:00:00,1,0,0,9,0,0,0.0,0.0,1000000.0
845321,Kaelan Casey,21.83436002737851,Defender,Centre-Back,right,185.0,England,379,West Ham United,2024,2026-06-30 00:00:00,2,0,0,2,0,0,0.0,0.0,1000000.0
1011140,Jack Fletcher,19.446954140999317,Midfield,Attacking Midfield,left,,England,985,Manchester United,2025,2027-06-30 00:00:00,3,0,0,107,0,0,0.0,0.0,1000000.0
1047261,Caleb Kporha,20.123203285420946,Defender,Right-Back,right,,England,873,Crystal Palace,2025,2029-06-30 00:00:00,2,0,0,11,0,0,0.0,0.0,1000000.0
1081995,Mohamadou Kanté,20.93908281998631,Midfield,Defensive Midfield,right,189.0,France,379,West Ham United,2025,2031-06-30 00:00:00,11,0,0,66,2,0,0.0,0.0,1000000.0
121477,Craig Dawson,36.31485284052019,Defender,Centre-Back,right,188.0,England,543,Wolverhampton Wanderers,2024,,295,21,6,25158,57,1,0.07512520868113523,0.021464345337467206,900000.0
208379,Christian Walton,30.803559206023273,Goalkeeper,Goalkeeper,left,195.0,England,677,Ipswich Town,2024,2028-06-30 00:00:00,7,0,0,630,0,0,0.0,0.0,900000.0
245625,Alex Palmer,30.050650239561943,Goalkeeper,Goalkeeper,right,191.0,England,677,Ipswich Town,2024,2028-06-30 00:00:00,13,0,0,1170,2,0,0.0,0.0,900000.0
258216,Kasey Palmer,29.801505817932924,Midfield,Attacking Midfield,right,182.0,Jamaica,1031,Luton Town,2025,2026-06-30 00:00:00,4,0,0,169,2,0,0.0,0.0,900000.0
587002,Myles Peart-Harris,23.94524298425736,Midfield,Attacking Midfield,right,187.0,Jamaica,1148,Brentford FC,2025,2030-06-30 00:00:00,4,0,0,12,0,0,0.0,0.0,900000.0
747153,Dan Gore,21.921971252566735,Midfield,Central Midfield,right,170.0,England,985,Manchester United,2024,2026-05-31 00:00:00,1,0,0,1,0,0,0.0,0.0,900000.0
817612,Luke Harris,21.48665297741273,Midfield,Attacking Midfield,right,177.0,Wales,931,Fulham FC,2025,2027-06-30 00:00:00,4,0,0,84,0,0,0.0,0.0,900000.0
136401,Daniel Bentley,33.12799452429842,Goalkeeper,Goalkeeper,,193.0,England,543,Wolverhampton Wanderers,2025,2027-06-30 00:00:00,12,0,0,1012,0,0,0.0,0.0,800000.0
233124,Kortney Hause,31.121149897330596,Defender,Centre-Back,left,191.0,England,405,Aston Villa,2024,,32,3,0,2571,5,0,0.10501750291715285,0.0,800000.0
936901,Dominic Sadi,22.989733059548254,Attack,Right Winger,right,174.0,England,989,AFC Bournemouth,2025,2028-06-30 00:00:00,1,0,0,1,0,0,0.0,0.0,800000.0
939290,Jayden Danns,20.61601642710472,Attack,Centre-Forward,right,183.0,England,31,Liverpool FC,2025,,3,0,0,17,1,0,0.0,0.0,800000.0
982097,Shumaira Mheuka,18.858316221765914,Attack,Centre-Forward,right,185.0,England,631,Chelsea FC,2025,2027-06-30 00:00:00,2,0,0,2,0,0,0.0,0.0,800000.0
43530,Adam Lallana,38.3025325119781,Midfield,Attacking Midfield,both,172.0,England,180,Southampton FC,2024,,305,33,37,17745,27,0,0.16737109044801352,0.18765849535080303,750000.0
184528,Emil Krafth,32.07392197125257,Defender,Right-Back,right,184.0,Sweden,762,Newcastle United,2025,,84,1,2,5239,13,0,0.017178850925749188,0.034357701851498376,750000.0
288323,Marcus Harness,30.510609171800137,Midfield,Attacking Midfield,right,182.0,Ireland,677,Ipswich Town,2024,2028-06-30 00:00:00,2,0,0,43,0,0,0.0,0.0,750000.0
385848,George Edmundson,29.037645448323065,Defender,Centre-Back,right,190.0,England,677,Ipswich Town,2024,2027-06-30 00:00:00,1,0,0,1,0,0,0.0,0.0,750000.0
111051,Nampalys Mendy,34.182067077344286,Midfield,Defensive Midfield,right,168.0,Senegal,1010,Watford FC,2025,2026-06-30 00:00:00,98,1,1,5895,15,0,0.015267175572519083,0.015267175572519083,700000.0
186186,Bobby De Cordova-Reid,33.568788501026695,Midfield,Attacking Midfield,right,170.0,Jamaica,1003,Leicester City,2025,2027-06-30 00:00:00,152,21,11,8453,21,0,0.22358925825150833,0.11711818289364723,700000.0
251912,Semi Ajayi,32.80219028062971,Defender,Centre-Back,right,193.0,Nigeria,3008,Hull City,2025,2027-06-30 00:00:00,33,2,0,2780,3,1,0.06474820143884892,0.0,700000.0
282939,Luke O'Nien,31.770020533880903,Defender,Centre-Back,right,174.0,England,289,Sunderland AFC,2025,2027-06-30 00:00:00,12,0,1,564,1,0,0.0,0.1595744680851064,700000.0
444208,Michael Obafemi,26.146475017111566,Attack,Centre-Forward,right,170.0,Ireland,1132,Burnley FC,2025,2027-06-30 00:00:00,29,3,2,764,1,0,0.35340314136125656,0.2356020942408377,600000.0
863741,Nathan Fraser,21.51403148528405,Attack,Centre-Forward,right,188.0,Ireland,543,Wolverhampton Wanderers,2025,2028-06-30 00:00:00,7,0,0,184,1,0,0.0,0.0,600000.0
3333,James Milner,40.648870636550306,Midfield,Central Midfield,right,175.0,England,1237,Brighton & Hove Albion,2025,,358,30,49,19406,53,1,0.13913222714624343,0.22724930433886426,500000.0
73564,Jason Steele,36.030116358658454,Goalkeeper,Goalkeeper,right,188.0,England,1237,Brighton & Hove Albion,2025,2027-06-30 00:00:00,35,0,1,3150,1,0,0.0,0.02857142857142857,500000.0
74960,Martin Dúbravka,37.61806981519507,Goalkeeper,Goalkeeper,right,191.0,Slovakia,1132,Burnley FC,2025,2027-06-30 00:00:00,197,0,0,17620,4,0,0.0,0.0,500000.0
123275,Tom Cairney,35.605749486652975,Midfield,Central Midfield,left,185.0,Scotland,931,Fulham FC,2025,2027-06-30 00:00:00,157,9,6,6786,13,1,0.11936339522546419,0.07957559681697612,500000.0
126665,Idrissa Gueye,36.92265571526352,Midfield,Defensive Midfield,right,174.0,Senegal,29,Everton FC,2025,,254,9,13,21001,59,0,0.03856959192419408,0.05571163277939146,500000.0
146509,Conor Townsend,33.48665297741273,Defender,Left-Back,left,183.0,England,677,Ipswich Town,2024,2026-06-30 00:00:00,31,0,3,2570,1,0,0.0,0.10505836575875487,500000.0
428016,Brandon Austin,27.638603696098563,Goalkeeper,Goalkeeper,right,188.0,England,148,Tottenham Hotspur,2025,2029-06-30 00:00:00,1,0,0,90,0,0,0.0,0.0,500000.0
503679,Rhys Williams,25.56605065023956,Defender,Centre-Back,right,195.0,England,31,Liverpool FC,2025,,9,0,0,660,0,0,0.0,0.0,500000.0
985546,Callum Olusesi,19.468856947296374,Midfield,Central Midfield,right,187.0,England,148,Tottenham Hotspur,2025,2028-06-30 00:00:00,1,0,0,14,0,0,0.0,0.0,500000.0
1043634,Leon Chiwome,20.632443531827516,Attack,Centre-Forward,,186.0,England,543,Wolverhampton Wanderers,2024,2028-06-30 00:00:00,3,0,0,175,0,0,0.0,0.0,500000.0
61697,Wes Foderingham,35.62217659137577,Goalkeeper,Goalkeeper,left,185.0,England,379,West Ham United,2025,2027-05-31 00:00:00,30,0,0,2648,2,0,0.0,0.0,450000.0
92571,Aaron Cresswell,36.70362765229295,Defender,Left-Back,left,170.0,England,379,West Ham United,2024,2026-06-30 00:00:00,312,10,30,25639,37,0,0.035102773119076405,0.10530831935722922,450000.0
336367,Joe Lumley,31.534565366187543,Goalkeeper,Goalkeeper,right,190.0,England,180,Southampton FC,2024,2027-06-30 00:00:00,3,0,0,270,0,0,0.0,0.0,450000.0
724783,Tawanda Chirewa,22.88021902806297,Midfield,Attacking Midfield,right,181.0,Zimbabwe,543,Wolverhampton Wanderers,2025,2027-06-30 00:00:00,10,0,0,164,1,0,0.0,0.0,450000.0
854721,Ben Winterburn,21.982203969883642,Midfield,Defensive Midfield,right,185.0,England,989,AFC Bournemouth,2025,2027-06-30 00:00:00,5,0,0,28,0,0,0.0,0.0,450000.0
943549,Mark O'Mahony,21.620807665982205,Attack,Centre-Forward,right,182.0,Ireland,1237,Brighton & Hove Albion,2024,2026-05-31 00:00:00,3,0,0,61,1,0,0.0,0.0,450000.0
14086,Ashley Young,41.138945927446954,Defender,Right-Back,both,175.0,England,29,Everton FC,2024,2026-06-30 00:00:00,283,11,30,19698,62,1,0.05025890953396284,0.1370697532744441,400000.0
52570,Fraser Forster,38.450376454483234,Goalkeeper,Goalkeeper,right,201.0,England,989,AFC Bournemouth,2025,2027-06-30 00:00:00,155,0,0,13829,6,0,0.0,0.0,400000.0
123551,Sam Morsy,34.9678302532512,Midfield,Central Midfield,right,175.0,Egypt,677,Ipswich Town,2024,2026-06-30 00:00:00,33,1,1,2757,9,0,0.03264417845484222,0.03264417845484222,400000.0
126600,Kenny McLean,34.639288158795345,Midfield,Central Midfield,left,183.0,Scotland,1123,Norwich City,2025,2028-06-30 00:00:00,68,2,1,5673,8,0,0.03172924378635643,0.015864621893178214,400000.0
206225,Isaac Hayden,31.43874058863792,Midfield,Defensive Midfield,right,187.0,Jamaica,1039,Queens Park Rangers,2025,2026-06-30 00:00:00,118,4,6,8407,26,2,0.0428214583085524,0.06423218746282859,400000.0
236953,Sam Byram,32.95003422313484,Defender,Left-Back,right,183.0,England,399,Leeds United,2025,2026-06-30 00:00:00,61,0,1,4107,18,0,0.0,0.02191380569758948,400000.0
1085591,Bendito Mantato,18.5927446954141,Attack,Right Winger,,180.0,England,985,Manchester United,2025,,1,0,0,15,0,0,0.0,0.0,400000.0
181687,Massimo Luongo,33.92470910335387,Midfield,Central Midfield,right,176.0,Australia,677,Ipswich Town,2024,2026-06-30 00:00:00,11,0,0,196,0,0,0.0,0.0,350000.0
470596,Paris Maghoma,25.308692676249144,Midfield,Central Midfield,right,184.0,England,1148,Brentford FC,2024,2029-06-30 00:00:00,8,0,0,112,0,0,0.0,0.0,350000.0
663225,Tyler Onyango,23.488021902806295,Midfield,Central Midfield,right,196.0,England,29,Everton FC,2025,,1,0,0,1,0,0,0.0,0.0,350000.0
703626,Cameron Peupion,23.9315537303217,Attack,Left Winger,right,175.0,Australia,1237,Brighton & Hove Albion,2024,2027-06-30 00:00:00,1,0,0,5,0,0,0.0,0.0,350000.0
61841,Adam Smith,35.3347022587269,Defender,Right-Back,right,174.0,England,989,AFC Bournemouth,2025,2027-06-30 00:00:00,255,5,15,19178,56,1,0.023464386275941183,0.07039315882782354,300000.0
85177,Nathaniel Clyne,35.40041067761807,Defender,Right-Back,right,175.0,England,873,Crystal Palace,2025,2026-06-30 00:00:00,278,4,14,22307,26,0,0.016138431882368763,0.056484511588290674,300000.0
92572,Joel Ward,36.832306639288156,Defender,Right-Back,right,186.0,England,873,Crystal Palace,2024,2026-06-30 00:00:00,306,5,8,26280,51,0,0.017123287671232876,0.0273972602739726,300000.0
95976,Alex McCarthy,36.73648186173853,Goalkeeper,Goalkeeper,right,193.0,England,180,Southampton FC,2024,2026-06-30 00:00:00,152,0,0,13646,6,0,0.0,0.0,300000.0
116648,Marcus Bettinelli,34.26420260095825,Goalkeeper,Goalkeeper,right,193.0,England,281,Manchester City,2025,2027-06-30 00:00:00,7,0,0,630,1,0,0.0,0.0,300000.0
142310,Willy Boly,35.56741957563313,Defender,Centre-Back,right,195.0,Cote d'Ivoire,703,Nottingham Forest,2025,,126,7,4,10205,14,1,0.061734443900048994,0.035276825085742286,300000.0
486144,Jakub Stolarczyk,25.691991786447637,Goalkeeper,Goalkeeper,right,194.0,Poland,1003,Leicester City,2024,2027-06-30 00:00:00,10,0,0,900,1,0,0.0,0.0,300000.0
845809,Lewis Orford,20.525667351129364,Midfield,Central Midfield,right,182.0,England,379,West Ham United,2025,2029-06-30 00:00:00,2,0,0,47,0,0,0.0,0.0,300000.0
954105,Jamaldeen Jimoh-Aloba,19.906913073237508,Midfield,Attacking Midfield,right,188.0,England,405,Aston Villa,2025,2026-06-30 00:00:00,1,0,0,8,0,0,0.0,0.0,300000.0
1047257,Rio Cardines,20.161533196440793,Defender,Left-Back,left,175.0,Trinidad and Tobago,873,Crystal Palace,2025,2028-06-30 00:00:00,1,0,0,90,0,0,0.0,0.0,300000.0
1067168,Harry Howell,18.357289527720738,Midfield,Attacking Midfield,left,,England,1237,Brighton & Hove Albion,2025,,4,0,0,99,0,0,0.0,0.0,300000.0
1089802,Remy Rees-Dottin,20.48186173853525,Attack,Centre-Forward,right,174.0,England,989,AFC Bournemouth,2025,,1,0,0,1,0,0,0.0,0.0,300000.0
874538,Ryan Trevitt,23.46611909650924,Midfield,Central Midfield,right,170.0,England,1148,Brentford FC,2025,,1,0,0,3,0,0,0.0,0.0,275000.0
888639,Ethan Wheatley,20.605065023956193,Attack,Centre-Forward,,187.0,England,985,Manchester United,2024,2026-05-31 00:00:00,3,0,0,13,0,0,0.0,0.0,250000.0
33873,Asmir Begovic,39.19233401779603,Goalkeeper,Goalkeeper,right,199.0,Bosnia-Herzegovina,29,Everton FC,2024,2026-06-30 00:00:00,190,1,0,16967,9,0,0.0053044144515824836,0.0,200000.0
68390,Séamus Coleman,37.880903490759756,Defender,Right-Back,right,177.0,Ireland,29,Everton FC,2025,,319,18,25,25425,31,0,0.06371681415929203,0.08849557522123894,200000.0
99397,Karl Darlow,35.89048596851472,Goalkeeper,Goalkeeper,right,190.0,Wales,399,Leeds United,2025,,74,0,0,6660,5,0,0.0,0.0,200000.0
196722,Remi Matthews,32.54757015742642,Goalkeeper,Goalkeeper,right,183.0,England,873,Crystal Palace,2025,2027-06-30 00:00:00,1,0,0,3,0,0,0.0,0.0,200000.0
559801,Niall Huggins,25.694729637234772,Defender,Right-Back,right,173.0,Wales,289,Sunderland AFC,2025,,1,0,0,37,0,0,0.0,0.0,200000.0
614811,Joe White,23.90965092402464,Midfield,Attacking Midfield,left,186.0,England,762,Newcastle United,2025,2027-06-30 00:00:00,4,0,0,12,1,0,0.0,0.0,200000.0
777308,Zain Silcott-Duberry,21.138945927446954,Midfield,Left Midfield,right,177.0,England,989,AFC Bournemouth,2024,,1,0,0,1,0,0,0.0,0.0,200000.0
821522,Alfie Pond,22.529774127310063,Defender,Centre-Back,right,191.0,England,543,Wolverhampton Wanderers,2025,2028-06-30 00:00:00,1,0,0,1,0,0,0.0,0.0,200000.0
860078,Kaden Rodney,21.89185489390828,Midfield,Defensive Midfield,right,189.0,England,873,Crystal Palace,2025,,1,0,0,3,0,0,0.0,0.0,200000.0
29692,Lukasz Fabianski,41.36344969199179,Goalkeeper,Goalkeeper,right,190.0,Poland,379,West Ham United,2025,,349,0,1,30852,10,1,0.0,0.0029171528588098016,150000.0
45494,Wayne Hennessey,39.59479808350445,Goalkeeper,Goalkeeper,right,198.0,Wales,703,Nottingham Forest,2024,,116,0,0,10251,3,0,0.0,0.0,150000.0
63200,Ashley Barnes,36.82956878850103,Attack,Centre-Forward,right,185.0,England,1132,Burnley FC,2025,,172,37,5,9856,39,0,0.3378652597402597,0.045657467532467536,150000.0
856479,Roman Dixon,21.672826830937716,Defender,Right-Back,right,175.0,England,29,Everton FC,2024,2026-05-31 00:00:00,1,0,0,90,0,0,0.0,0.0,150000.0
14555,Scott Carson,40.98562628336756,Goalkeeper,Goalkeeper,right,188.0,England,281,Manchester City,2024,,1,0,0,90,0,0,0.0,0.0,100000.0
29712,John Ruddy,39.846680355920604,Goalkeeper,Goalkeeper,right,192.0,England,762,Newcastle United,2025,,85,0,0,7508,2,0,0.0,0.0,100000.0
34130,Tom Heaton,40.37234770704997,Goalkeeper,Goalkeeper,right,188.0,England,985,Manchester United,2025,2027-06-30 00:00:00,78,0,0,6961,4,0,0.0,0.0,100000.0
215810,Tom King,31.474332648870636,Goalkeeper,Goalkeeper,right,194.0,Wales,29,Everton FC,2025,2027-06-30 00:00:00,1,0,0,1,0,0,0.0,0.0,100000.0
978668,Joe Knight,20.93634496919918,Midfield,Central Midfield,,,England,1237,Brighton & Hove Albion,2025,,1,0,0,1,0,0,0.0,0.0,100000.0
123536,Simon Moore,36.27926078028747,Goalkeeper,Goalkeeper,right,191.0,England,289,Sunderland AFC,2025,2027-06-30 00:00:00,2,0,0,180,0,0,0.0,0.0,75000.0
1047256,Asher Agbinone,20.917180013689254,Attack,Left Winger,right,178.0,England,873,Crystal Palace,2024,,2,0,0,4,0,0,0.0,0.0,75000.0
