game_id,season,p_H,p_D,p_A,trained_on_seasons
2872170,2017,0.9272466711904177,0.033668225835907464,0.0390851029736748,2012-2016
2872167,2017,0.16035980771771025,0.33460200719232713,0.5050381850899627,2012-2016
2872169,2017,0.2507867833046693,0.2287803707202865,0.5204328459750441,2012-2016
2872168,2017,0.08705433771644175,0.08817275904179765,0.8247729032417607,2012-2016
2872171,2017,0.47535753336138775,0.22805175551622572,0.2965907111223865,2012-2016
2872173,2017,0.8563937732745059,0.060836560688208655,0.08276966603728554,2012-2016
2872174,2017,0.12624861754369543,0.7379340778807115,0.13581730457559307,2012-2016
2872172,2017,0.05873133821091136,0.11290610474683636,0.8283625570422521,2012-2016
2872166,2017,0.023443363529583018,0.3208019578519869,0.6557546786184301,2012-2016
2872165,2017,0.2088009582483579,0.16157922262069224,0.6296198191309499,2012-2016
2872175,2017,0.010919676705635971,0.9036860426816262,0.08539428061273774,2012-2016
2872177,2017,0.49145236276413545,0.24879879222485898,0.25974884501100554,2012-2016
2872179,2017,0.4039589220611512,0.040027070983166095,0.5560140069556827,2012-2016
2872183,2017,0.7124729727201404,0.24504214939667907,0.04248487788318039,2012-2016
2872184,2017,0.1069514196966822,0.8058036993568298,0.08724488094648808,2012-2016
2872180,2017,0.8940134768542457,0.02330070386098297,0.08268581928477133,2012-2016
2872182,2017,0.49985642269119385,0.2140937819346075,0.2860497953741987,2012-2016
2872176,2017,0.7637437965572471,0.08254942509414291,0.15370677834861002,2012-2016
2872178,2017,0.4476506763906743,0.23413953756538858,0.31820978604393707,2012-2016
2872181,2017,0.08616755712769693,0.7997806578357757,0.11405178503652753,2012-2016
2872189,2017,0.05991221845006742,0.7048079267986143,0.2352798547513183,2012-2016
2872187,2017,0.07629219222967809,0.7089274530512568,0.214780354719065,2012-2016
2872186,2017,0.9028210942236916,0.019708939951685264,0.07746996582462315,2012-2016
2872190,2017,0.6281200300805219,0.33613418926003596,0.0357457806594421,2012-2016
2872192,2017,0.9270550719993171,0.01983015652063871,0.053114771480044176,2012-2016
2872194,2017,0.7233718681155326,0.14629742802707343,0.13033070385739398,2012-2016
2872193,2017,0.9619396970369684,0.02294188365775097,0.01511841930528072,2012-2016
2872185,2017,0.6029138241644912,0.13407988574087915,0.26300629009462967,2012-2016
2872191,2017,0.2184085126926834,0.33294014901678626,0.44865133829053033,2012-2016
2872188,2017,0.08686259539213517,0.1859978587472732,0.7271395458605916,2012-2016
2872204,2017,0.4821406217916769,0.3852062856972376,0.13265309251108556,2012-2016
2872199,2017,0.6897002403771489,0.1514424500810711,0.15885730954177998,2012-2016
2872195,2017,0.8416434918209252,0.09252383496723363,0.0658326732118412,2012-2016
2872197,2017,0.11016705596596796,0.24444396385621192,0.6453889801778202,2012-2016
2872200,2017,0.07564618972147,0.7785212689616727,0.14583254131685713,2012-2016
2872201,2017,0.2841609630128594,0.3614432377365618,0.3543957992505788,2012-2016
2872202,2017,0.19733730278274286,0.25099982940320326,0.5516628678140539,2012-2016
2872198,2017,0.9510090150239474,0.0436441927570782,0.005346792218974332,2012-2016
2872196,2017,0.15296978797370286,0.31750061758691867,0.5295295944393784,2012-2016
2872203,2017,0.7884257516269235,0.17215281420734577,0.03942143416573072,2012-2016
2872211,2017,0.03787707782940207,0.927897468138941,0.03422545403165692,2012-2016
2872205,2017,0.6764932328158493,0.07793045452829785,0.2455763126558528,2012-2016
2872209,2017,0.11424691725715234,0.1982923346630683,0.6874607480797793,2012-2016
2872213,2017,0.7760457607099115,0.21534055308061492,0.008613686209473628,2012-2016
2872212,2017,0.884180056986876,0.03974956934525917,0.07607037366786493,2012-2016
2872214,2017,0.006279270476607566,0.09587506699976472,0.8978456625236277,2012-2016
2872206,2017,0.91054140436709,0.02057711963278705,0.06888147600012297,2012-2016
2872207,2017,0.059270352415569307,0.8534776731570061,0.08725197442742451,2012-2016
2872210,2017,0.24014123711698276,0.22868145767423884,0.5311773052087784,2012-2016
2872208,2017,0.0608341783034643,0.8947277815292213,0.04443804016731453,2012-2016
2872220,2017,0.23714392233034598,0.32453744852048083,0.4383186291491732,2012-2016
2872217,2017,0.21679396276964225,0.4243269982162037,0.358879039014154,2012-2016
2872219,2017,0.44533702996779606,0.4131257704822504,0.1415371995499536,2012-2016
2872222,2017,0.7657231319992336,0.06020627576375411,0.17407059223701243,2012-2016
2872224,2017,0.0061086653090385214,0.13849808697064475,0.8553932477203167,2012-2016
2872221,2017,0.06444865857117024,0.8629618615201843,0.07258947990864557,2012-2016
2872215,2017,0.3698106730035239,0.34382031950816294,0.2863690074883131,2012-2016
2872216,2017,0.16112183910236938,0.18339141907803377,0.6554867418195969,2012-2016
2872218,2017,0.7511235274881514,0.13614308592232294,0.11273338658952563,2012-2016
2872223,2017,0.8156042031988543,0.14618965903122433,0.0382061377699215,2012-2016
2872228,2017,0.4497328387231851,0.03488735987150948,0.5153798014053056,2012-2016
2872225,2017,0.4186368003906538,0.18805879040158385,0.39330440920776233,2012-2016
2872229,2017,0.3823770416951414,0.15452776829255177,0.46309519001230687,2012-2016
2872226,2017,0.05156099920990076,0.9367904380950312,0.011648562695068107,2012-2016
2872232,2017,0.9338550268916818,0.048929141708628325,0.01721583139968999,2012-2016
2872234,2017,0.02311515849668971,0.35068079407981967,0.6262040474234906,2012-2016
2872231,2017,0.3474944408180414,0.528759903000434,0.12374565618152462,2012-2016
2872230,2017,0.20529895963158826,0.5750573334960576,0.21964370687235416,2012-2016
2872233,2017,0.6175563924970862,0.3346073223177187,0.04783628518519512,2012-2016
2872227,2017,0.8951681957223204,0.012320917664619221,0.09251088661306042,2012-2016
2872244,2017,0.37739214513448127,0.2775976715766152,0.3450101832889035,2012-2016
2872236,2017,0.030573147135236914,0.29687679182897186,0.6725500610357913,2012-2016
2872238,2017,0.15265115610654056,0.8381668087156106,0.009182035177848878,2012-2016
2872239,2017,0.982368163673339,0.006729266786095791,0.010902569540565262,2012-2016
2872240,2017,0.3263480366749469,0.4281907492278969,0.24546121409715627,2012-2016
2872242,2017,0.7564277176695199,0.060797975546172604,0.18277430678430742,2012-2016
2872243,2017,0.5241765136096193,0.46563086657684194,0.010192619813538825,2012-2016
2872235,2017,0.2774739037543066,0.1278863307323379,0.5946397655133554,2012-2016
2872237,2017,0.6880176457139494,0.20373624925978437,0.10824610502626628,2012-2016
2872241,2017,0.6519610359395649,0.03365906626571788,0.31437989779471726,2012-2016
2872247,2017,0.5956331627516301,0.3685723863601836,0.035794450888186335,2012-2016
2872248,2017,0.36184422046240217,0.22175423329704272,0.4164015462405551,2012-2016
2872249,2017,0.17261305430259055,0.2504112570116351,0.5769756886857744,2012-2016
2872250,2017,0.8396006351281358,0.12078604102533312,0.03961332384653122,2012-2016
2872245,2017,0.26641857359009274,0.3464502646275852,0.3871311617823221,2012-2016
2872246,2017,0.892725407310561,0.037922791420236274,0.06935180126920279,2012-2016
2872251,2017,0.7113266146569921,0.2740657728720901,0.014607612470917793,2012-2016
2872252,2017,0.598748685497962,0.3378275445504321,0.06342376995160584,2012-2016
2872253,2017,0.9380947286130906,0.03723458820673839,0.024670683180171002,2012-2016
2872254,2017,0.17559986178550474,0.7347273336052368,0.08967280460925847,2012-2016
2872256,2017,0.26301893411639893,0.5161121137159126,0.22086895216768834,2012-2016
2872257,2017,0.11031884039440774,0.606934855717299,0.28274630388829325,2012-2016
2872258,2017,0.10495576458020711,0.8882805078380737,0.006763727581719321,2012-2016
2872259,2017,0.6550999359457821,0.16216142303617154,0.18273864101804638,2012-2016
2872260,2017,0.19435140655815283,0.7525204897172747,0.0531281037245724,2012-2016
2872262,2017,0.7138123523596265,0.14813556160346472,0.1380520860369088,2012-2016
2872263,2017,0.5582998006172366,0.3635372892113176,0.07816291017144575,2012-2016
2872264,2017,0.6586008352620331,0.174639077786439,0.16676008695152797,2012-2016
2872255,2017,0.23561476041778978,0.6108705649289999,0.15351467465321034,2012-2016
2872261,2017,0.7110005248225466,0.24139190672511984,0.047607568452333514,2012-2016
2872267,2017,0.06335297516075343,0.787988835303555,0.14865818953569157,2012-2016
2872265,2017,0.12562844798255374,0.7002181987103215,0.17415335330712484,2012-2016
2872272,2017,0.5845246155729034,0.24826793427571694,0.16720745015137978,2012-2016
2872266,2017,0.1631713459807573,0.6056879993644527,0.23114065465478995,2012-2016
2872273,2017,0.7049038469384757,0.2907765296724191,0.004319623389105169,2012-2016
2872274,2017,0.0016826745901731646,0.2752558864875451,0.7230614389222817,2012-2016
2872270,2017,0.24148453869356107,0.2156687734094505,0.5428466878969884,2012-2016
2872268,2017,0.13439325475535507,0.8487050068085634,0.016901738436081393,2012-2016
2872269,2017,0.6899996105959392,0.2642307872377667,0.04576960216629418,2012-2016
2872271,2017,0.07159323626284955,0.2192560817761163,0.7091506819610341,2012-2016
2872275,2017,0.29523755497633297,0.6933278547551989,0.011434590268468164,2012-2016
2872276,2017,0.08004920585227634,0.4204536794649459,0.4994971146827778,2012-2016
2872277,2017,0.017466781756705137,0.3885293420025896,0.5940038762407052,2012-2016
2872279,2017,0.004927239898700508,0.1739414866788095,0.8211312734224898,2012-2016
2872278,2017,0.934544070540347,0.051845641485286614,0.013610287974366453,2012-2016
2872280,2017,0.016449796545070883,0.20206423195315462,0.7814859715017746,2012-2016
2872281,2017,0.7514535614280055,0.18721157957510645,0.06133485899688799,2012-2016
2872282,2017,0.5734425271614286,0.13464990332289845,0.2919075695156729,2012-2016
2872284,2017,0.8250907013749461,0.15921654263475102,0.01569275599030291,2012-2016
2872283,2017,0.5038766217498832,0.28395862064001703,0.21216475761009973,2012-2016
2872288,2017,0.4105612955800219,0.5470661573856673,0.04237254703431064,2012-2016
2872287,2017,0.3105531348760359,0.4225214373160661,0.2669254278078979,2012-2016
2872292,2017,0.36405545237862463,0.515798523745585,0.12014602387579025,2012-2016
2872286,2017,0.8152051474125065,0.11471392466404864,0.070080927923445,2012-2016
2872291,2017,0.9025105238150771,0.07160655699318069,0.025882919191742175,2012-2016
2872293,2017,0.31884419900674466,0.35484157741623473,0.32631422357702067,2012-2016
2872290,2017,0.7071994032855151,0.13732277390162323,0.1554778228128617,2012-2016
2872285,2017,0.124175933776036,0.2688202208939903,0.6070038453299738,2012-2016
2872294,2017,0.03564693194463659,0.6508766193561124,0.31347644869925095,2012-2016
2872289,2017,0.7242961796253203,0.20843981072705564,0.06726400964762401,2012-2016
2872295,2017,0.3137986033082695,0.060487253374840656,0.6257141433168897,2012-2016
2872297,2017,0.9655361759257103,0.0062596636146114515,0.028204160459678204,2012-2016
2872300,2017,0.1564076261847854,0.757113524181954,0.0864788496332606,2012-2016
2872296,2017,0.32387883694417435,0.28684420857520365,0.38927695448062205,2012-2016
2872298,2017,0.3092443359525879,0.23804569004312331,0.45270997400428886,2012-2016
2872301,2017,0.6412339425133843,0.0765341830254421,0.2822318744611736,2012-2016
2872303,2017,0.1977895426024245,0.11934088233247031,0.6828695750651053,2012-2016
2872304,2017,0.1703556471001369,0.433169993471027,0.3964743594288361,2012-2016
2872302,2017,0.16882867141151622,0.27751248184205746,0.5536588467464263,2012-2016
2872299,2017,0.9110436160302477,0.05063774084855184,0.03831864312120045,2012-2016
2872309,2017,0.34575623216899254,0.6423841563245772,0.011859611506430206,2012-2016
2872310,2017,0.9188989034420563,0.06710355020780435,0.01399754635013942,2012-2016
2872305,2017,0.34098605572956914,0.12219334378564581,0.536820600484785,2012-2016
2872306,2017,0.8192403974534547,0.13961310201542396,0.04114650053112127,2012-2016
2872308,2017,0.3362122425952627,0.5599215573794208,0.10386620002531641,2012-2016
2872312,2017,0.9784130333040307,0.020280700485974044,0.0013062662099951527,2012-2016
2872313,2017,0.6286930695291867,0.2333094913464206,0.13799743912439263,2012-2016
2872314,2017,0.22060977067743656,0.5343536525404227,0.2450365767821408,2012-2016
2872311,2017,0.003175882862640627,0.06049647869145648,0.9363276384459027,2012-2016
2872307,2017,0.2015486919396761,0.19628541996419593,0.602165888096128,2012-2016
2872319,2017,0.4541050490720955,0.5191117703111817,0.02678318061672267,2012-2016
2872315,2017,0.043149496573393537,0.6130511872836981,0.3437993161429084,2012-2016
2872318,2017,0.41432957745802795,0.4503492071824712,0.13532121535950087,2012-2016
2872323,2017,0.6333182077546403,0.3277883272297874,0.038893465015572254,2012-2016
2872320,2017,0.4482261166774864,0.5413983425523929,0.010375540770120678,2012-2016
2872316,2017,0.876084091576991,0.10675954942403548,0.01715635899897342,2012-2016
2872321,2017,0.8621807254139697,0.06329119284220316,0.0745280817438271,2012-2016
2872317,2017,0.10996775331049444,0.1669284589807544,0.7231037877087512,2012-2016
2872324,2017,0.018203396414592767,0.09957220794087647,0.8822243956445308,2012-2016
2872326,2017,0.6599328216471441,0.1375682825195091,0.20249889583334682,2012-2016
2872332,2017,0.39769536713346937,0.4009356389791479,0.2013689938873828,2012-2016
2872327,2017,0.30057323802327857,0.24837089773169674,0.45105586424502464,2012-2016
2872329,2017,0.16940407054796322,0.6527803941800913,0.17781553527194552,2012-2016
2872328,2017,0.22170985120148418,0.031014827040905905,0.7472753217576098,2012-2016
2872330,2017,0.8839378433001216,0.07674438223409777,0.0393177744657806,2012-2016
2872331,2017,0.09361102825567902,0.7019773409215456,0.20441163082277541,2012-2016
2872333,2017,0.018968641663151743,0.07893742724977856,0.9020939310870696,2012-2016
2872334,2017,0.28576502908774476,0.06873954004219783,0.6454954308700573,2012-2016
2872325,2017,0.4772158114783712,0.3796075567003927,0.1431766318212361,2012-2016
2872322,2017,0.8694438035426242,0.0876317042513298,0.04292449220604601,2012-2016
2872337,2017,0.17618059095542865,0.25032386551798264,0.5734955435265888,2012-2016
2872341,2017,0.9435109965439213,0.023103525758487044,0.03338547769759171,2012-2016
2872338,2017,0.292318920694738,0.5197147952391057,0.1879662840661563,2012-2016
2872343,2017,0.6901420637869602,0.27041538050337033,0.03944255570966945,2012-2016
2872342,2017,0.9399240348557321,0.05537602562932481,0.0046999395149431005,2012-2016
2872344,2017,0.20621608338601297,0.06657146904019585,0.7272124475737912,2012-2016
2872336,2017,0.8356607925529586,0.1528944307712444,0.01144477667579704,2012-2016
2872335,2017,0.14219293974356972,0.0405340203802555,0.8172730398761747,2012-2016
2872339,2017,0.6221791160774609,0.34719014720348124,0.0306307367190579,2012-2016
2872340,2017,0.3699276332663036,0.6160277631279839,0.014044603605712474,2012-2016
2872350,2017,0.9684644718920818,0.019660412326740644,0.011875115781177448,2012-2016
2872352,2017,0.5820117409947683,0.36136220992941154,0.056626049075820244,2012-2016
2872345,2017,0.9710407745099398,0.025810848607215133,0.0031483768828450467,2012-2016
2872346,2017,0.01604159455122959,0.052503159201360824,0.9314552462474097,2012-2016
2872347,2017,0.13227806375810014,0.3387503311076031,0.5289716051342968,2012-2016
2872348,2017,0.587729631081916,0.2852131936554614,0.1270571752626227,2012-2016
2872349,2017,0.2185021589086336,0.16713031555115407,0.6143675255402122,2012-2016
2872354,2017,0.15438637188697882,0.5431010850327308,0.3025125430802905,2012-2016
2872351,2017,0.05260395304001963,0.09293365746303853,0.8544623894969418,2012-2016
2872353,2017,0.11920607251834284,0.4440986136896635,0.4366953137919937,2012-2016
2872355,2017,0.305338562135944,0.22369402344838699,0.47096741441566886,2012-2016
2872356,2017,0.05620311487190877,0.5982929862001014,0.3455038989279898,2012-2016
2872357,2017,0.2876590389175709,0.6095756055855919,0.1027653554968372,2012-2016
2872358,2017,0.7301156147879491,0.08280007963221066,0.18708430557984018,2012-2016
2872359,2017,0.03713407323035087,0.6774159262137206,0.2854500005559285,2012-2016
2872360,2017,0.9936982425989328,0.002068909961310117,0.004232847439757188,2012-2016
2872361,2017,0.6795785602379463,0.045898032732103404,0.2745234070299503,2012-2016
2872362,2017,0.5681325758000968,0.22108642444630403,0.2107809997535992,2012-2016
2872363,2017,0.5605271583270577,0.11373964095789556,0.3257332007150467,2012-2016
2872364,2017,0.5943160709006927,0.1662915652110849,0.23939236388822233,2012-2016
2872367,2017,0.18871962178948445,0.5673654112020764,0.2439149670084391,2012-2016
2872366,2017,0.6049259118983428,0.316356172515017,0.07871791558664028,2012-2016
2872372,2017,0.587256059563556,0.025315111501106314,0.38742882893533775,2012-2016
2872365,2017,0.4655353595713956,0.22706218878981185,0.30740245163879265,2012-2016
2872370,2017,0.7517207151117,0.15389907769581848,0.09438020719248154,2012-2016
2872374,2017,0.10961533823965493,0.8792069222940093,0.011177739466335677,2012-2016
2872368,2017,0.035502337466725944,0.20276529235122176,0.7617323701820522,2012-2016
2872369,2017,0.3257430747376691,0.4524393479567876,0.22181757730554316,2012-2016
2872371,2017,0.35205683359530265,0.3809577606320337,0.26698540577266355,2012-2016
2872373,2017,0.0977567645611002,0.5176091660937299,0.3846340693451698,2012-2016
2872381,2017,0.4432851648431723,0.43317650915875106,0.1235383259980766,2012-2016
2872376,2017,0.3092757975894576,0.5452346793786943,0.14548952303184803,2012-2016
2872378,2017,0.7643766039696586,0.007484784536542426,0.22813861149379913,2012-2016
2872383,2017,0.5861057956012151,0.27244957755601573,0.14144462684276918,2012-2016
2872384,2017,0.3943291938432889,0.3396171234529807,0.2660536827037303,2012-2016
2872382,2017,0.2665315686202489,0.2928696435195473,0.44059878786020373,2012-2016
2872377,2017,0.008387492853731242,0.04984770154590437,0.9417648056003644,2012-2016
2872379,2017,0.03277656031580288,0.01508547832080798,0.952137961363389,2012-2016
2872380,2017,0.5972438110946614,0.10828763122442386,0.2944685576809148,2012-2016
2872375,2017,0.9002728561688951,0.09719671273784249,0.002530431093262503,2012-2016
2872390,2017,0.6687707226130369,0.26670420124463856,0.06452507614232447,2012-2016
2872385,2017,0.30725323969815543,0.5854913957597248,0.10725536454211974,2012-2016
2872388,2017,0.799750717173839,0.0355007348132265,0.1647485480129344,2012-2016
2872394,2017,0.4627529656294897,0.46281848950752047,0.07442854486298985,2012-2016
2872391,2017,0.9399514093321097,0.05623244910128969,0.003816141566600633,2012-2016
2872387,2017,0.12161168114089689,0.8015858708361882,0.07680244802291505,2012-2016
2872393,2017,0.3882914502191738,0.3649834335191709,0.2467251162616553,2012-2016
2872389,2017,0.01703093330748106,0.017019258219506395,0.9659498084730125,2012-2016
2872392,2017,0.5082166212465057,0.4339123140972993,0.05787106465619515,2012-2016
2872386,2017,0.1530002826383138,0.022104655807806444,0.8248950615538799,2012-2016
2872396,2017,0.9582803250203625,0.001546139099278589,0.04017353588035888,2012-2016
2872398,2017,0.6468508361698173,0.09893714354771505,0.2542120202824676,2012-2016
2872399,2017,0.9649329357590917,0.026390892027500844,0.008676172213407489,2012-2016
2872401,2017,0.6335822002553047,0.20754073729046185,0.15887706245423347,2012-2016
2872402,2017,0.5259766233037545,0.2696167588714789,0.20440661782476657,2012-2016
2872403,2017,0.9408244138079621,0.054887755382699216,0.00428783080933865,2012-2016
2872404,2017,0.8141806538584797,0.057038470359502665,0.12878087578201772,2012-2016
2872395,2017,0.03383430757748606,0.0176327185894249,0.9485329738330891,2012-2016
2872400,2017,0.9771907458684638,0.01320756957176347,0.0096016845597728,2012-2016
2872397,2017,0.15676466674461542,0.06915076162820895,0.7740845716271757,2012-2016
2872410,2017,0.5400226453318214,0.1347338914793557,0.3252434631888229,2012-2016
2872408,2017,0.7236441251310997,0.19244315850070134,0.08391271636819898,2012-2016
2872409,2017,0.0901970829219975,0.7936414844478422,0.11616143263016024,2012-2016
2872414,2017,0.3432638093150495,0.3002691254224108,0.3564670652625397,2012-2016
2872411,2017,0.42379707359924457,0.48711817560418524,0.08908475079657,2012-2016
2872413,2017,0.5909833686751486,0.17678508522729294,0.23223154609755847,2012-2016
2872407,2017,0.9151758897313829,0.08192186705349967,0.0029022432151174296,2012-2016
2872405,2017,0.2680106734278397,0.5519873385465494,0.1800019880256109,2012-2016
2872406,2017,0.6394275300117155,0.3447078384993374,0.015864631488947116,2012-2016
2872412,2017,0.043988719432440836,0.11595483697544047,0.8400564435921187,2012-2016
2872415,2017,0.7667354859376311,0.03606211268112592,0.19720240138124312,2012-2016
2872417,2017,0.5111224947642451,0.16793590693421498,0.3209415983015399,2012-2016
2872419,2017,0.9684785018470179,0.01808797499173195,0.013433523161250063,2012-2016
2872421,2017,0.1651799372208071,0.14809646952827146,0.6867235932509214,2012-2016
2872426,2017,0.5564858323674431,0.13091558334563796,0.31259858428691895,2012-2016
2872430,2017,0.8109180684472682,0.17975640021276418,0.009325531339967594,2012-2016
2872428,2017,0.24609399794078135,0.06909008016088972,0.6848159218983288,2012-2016
2872429,2017,0.17343958390028505,0.09531504858795183,0.7312453675117631,2012-2016
2872432,2017,0.41361047594662526,0.45523339252962436,0.13115613152375039,2012-2016
2872434,2017,0.18116486563754058,0.7696386125353347,0.049196521827124744,2012-2016
2872433,2017,0.2723203267830134,0.47649904657654757,0.251180626640439,2012-2016
2872431,2017,0.15819917906983777,0.09911220955650968,0.7426886113736525,2012-2016
2872425,2017,0.9769389985184112,0.016321021626318963,0.006739979855269845,2012-2016
2872427,2017,0.7384709714417148,0.24870552782665828,0.012823500731626986,2012-2016
2872439,2017,0.014706021873981213,0.008681288370592188,0.9766126897554265,2012-2016
2872440,2017,0.8141653021001198,0.12591463195697747,0.05992006594290267,2012-2016
2872435,2017,0.681475820692601,0.054053809863313866,0.26447036944408525,2012-2016
2872437,2017,0.32899867772378466,0.2696598459766477,0.4013414762995675,2012-2016
2872441,2017,0.9073342870428747,0.08574527713024313,0.00692043582688221,2012-2016
2872442,2017,0.003341188870043583,0.01981011004090527,0.9768487010890512,2012-2016
2872443,2017,0.3435913365464376,0.15986471392812507,0.49654394952543723,2012-2016
2872444,2017,0.15190932971614812,0.6431789490099409,0.204911721273911,2012-2016
2872436,2017,0.9491912371911894,0.04419834558528474,0.006610417223525902,2012-2016
2872438,2017,0.32090719091149894,0.6702193562685874,0.00887345281991372,2012-2016
2872448,2017,0.9665404793056482,0.02973077513514897,0.0037287455592028428,2012-2016
2872445,2017,0.19607209271321957,0.6455544321903155,0.15837347509646496,2012-2016
2872447,2017,0.6434357726897162,0.22660401064146035,0.12996021666882354,2012-2016
2872452,2017,0.26275631711687686,0.40689985347601243,0.33034382940711077,2012-2016
2872451,2017,0.42995456129231546,0.0970190549504197,0.47302638375726497,2012-2016
2872453,2017,0.05279965264751816,0.844518901624147,0.10268144572833487,2012-2016
2872446,2017,0.6449891301579853,0.08594865765315172,0.2690622121888629,2012-2016
2872449,2017,0.825833805925848,0.08879867874452657,0.08536751532962546,2012-2016
2872450,2017,0.04145108728869431,0.16137597189651093,0.7971729408147948,2012-2016
2872454,2017,0.6713284815002576,0.22475609212707612,0.10391542637266626,2012-2016
2872457,2017,0.07525169601755394,0.5034204452211942,0.42132785876125184,2012-2016
2872455,2017,0.040553905579780405,0.06236227226491284,0.8970838221553066,2012-2016
2872416,2017,0.7904980945501786,0.081621257226088,0.12788064822373343,2012-2016
2872460,2017,0.545774514870465,0.3908307808843849,0.06339470424515015,2012-2016
2872463,2017,0.2343108516072356,0.425046814121856,0.34064233427090823,2012-2016
2872464,2017,0.00993631940127011,0.03479328775942786,0.955270392839302,2012-2016
2872456,2017,0.8888553618766757,0.06760447023150243,0.04354016789182191,2012-2016
2872461,2017,0.9281767535985856,0.009178577184223023,0.0626446692171914,2012-2016
2872462,2017,0.002159955271049016,0.030062695171476687,0.9677773495574743,2012-2016
2872459,2017,0.2972221883786319,0.6171446477559274,0.08563316386544076,2012-2016
2872465,2017,0.17209581614032188,0.15297818771315833,0.6749259961465199,2012-2016
2872466,2017,0.40241137789497744,0.36117430361581754,0.23641431848920502,2012-2016
2872467,2017,0.3733681093239235,0.5299047768804768,0.09672711379559962,2012-2016
2872468,2017,0.9113354347955432,0.06381871824009873,0.02484584696435812,2012-2016
2872470,2017,0.2982790276262004,0.18796413180831062,0.513756840565489,2012-2016
2872471,2017,0.41417980193852844,0.41222277904640836,0.17359741901506334,2012-2016
2872472,2017,0.30976514300144514,0.49458580754953446,0.19564904944902026,2012-2016
2872469,2017,0.4378334348099408,0.021834262252799604,0.5403323029372595,2012-2016
2872474,2017,0.1329029467563133,0.07122300356198927,0.7958740496816973,2012-2016
2872473,2017,0.9051928938054646,0.08700323028183345,0.007803875912701971,2012-2016
2872477,2017,0.668945178062151,0.13928297854956995,0.19177184338827902,2012-2016
2872480,2017,0.2669146555357281,0.24251039464562008,0.4905749498186518,2012-2016
2872475,2017,0.3294103676852357,0.3023498250055754,0.368239807309189,2012-2016
2872479,2017,0.12008441361280948,0.7470447150947532,0.13287087129243724,2012-2016
2872483,2017,0.3678635610020999,0.4435320518631395,0.18860438713476055,2012-2016
2872484,2017,0.002303333615531662,0.0033230721137220143,0.9943735942707462,2012-2016
2872482,2017,0.4575496177543656,0.28898181474809786,0.25346856749753643,2012-2016
2872476,2017,0.790285289240365,0.18327098689211652,0.026443723867518452,2012-2016
2872478,2017,0.1687983765755657,0.6179128632045153,0.21328876021991894,2012-2016
2872481,2017,0.9717120215779169,0.022683838741915315,0.005604139680167742,2012-2016
2872422,2017,0.2883376348485829,0.6274338308020637,0.08422853434935353,2012-2016
2872418,2017,0.11805516200524657,0.4014426117491062,0.4805022262456472,2012-2016
2872420,2017,0.7752292803825338,0.11582297414349271,0.10894774547397355,2012-2016
2872423,2017,0.949175824931668,0.04314607059949618,0.007678104468835909,2012-2016
2872458,2017,0.9915140051227487,0.0076437674218126465,0.0008422274554387048,2012-2016
2872424,2017,0.05530429885851431,0.040280274347680466,0.9044154267938053,2012-2016
2872485,2017,0.7972413107439538,0.011534175339028441,0.1912245139170177,2012-2016
2872486,2017,0.6850365986377237,0.15206430650453215,0.1628990948577442,2012-2016
2872489,2017,0.9141621536618202,0.07374158894089039,0.012096257397289424,2012-2016
2872488,2017,0.9297354810567605,0.027871889418524323,0.04239262952471518,2012-2016
2872487,2017,0.0284721915652974,0.04736573792943318,0.9241620705052693,2012-2016
2872490,2017,0.5518365939702258,0.2984136413477141,0.14974976468206005,2012-2016
2872491,2017,0.08522711045870879,0.07938654643142204,0.8353863431098691,2012-2016
2872493,2017,0.49426826689498665,0.3823513809847066,0.12338035212030687,2012-2016
2872492,2017,0.4879230177461668,0.37085475002996177,0.1412222322238715,2012-2016
2872494,2017,0.18182566616158718,0.08357164565981898,0.7346026881785938,2012-2016
3050218,2018,0.08826429008916778,0.28070819065368846,0.6310275192571438,2012-2017
3050219,2018,0.06695541990678636,0.5125609906409934,0.42048358945222025,2012-2017
3050220,2018,0.046773141244892985,0.35975556717293083,0.5934712915821762,2012-2017
3050221,2018,0.7127944014868866,0.045240269540651884,0.24196532897246145,2012-2017
3050224,2018,0.8275466053022414,0.13170009180938233,0.04075330288837615,2012-2017
3050225,2018,0.45959715355693925,0.3348095265241662,0.2055933199188947,2012-2017
3050222,2018,0.035181359147996465,0.09735027860943082,0.8674683622425726,2012-2017
3050223,2018,0.5374915255517028,0.4062102734161262,0.056298201032171064,2012-2017
3050217,2018,0.6037944396891848,0.3394640072377544,0.05674155307306082,2012-2017
3050226,2018,0.2684779473539374,0.23336891069343998,0.49815314195262256,2012-2017
3050231,2018,0.19534765811851007,0.3981585323262686,0.40649380955522135,2012-2017
3050232,2018,0.07421113879316849,0.2507086711303706,0.6750801900764609,2012-2017
3050227,2018,0.14375850947741992,0.6454499910579347,0.21079149946464557,2012-2017
3050230,2018,0.48108651065372204,0.4609598367147099,0.057953652631568146,2012-2017
3050234,2018,0.06145853299378512,0.9137208541184545,0.024820612887760482,2012-2017
3050233,2018,0.9838303299261243,0.013710613647438898,0.0024590564264368327,2012-2017
3050236,2018,0.5262388030173867,0.33436603183405245,0.13939516514856085,2012-2017
3050235,2018,0.1754183510415331,0.07696334032752512,0.7476183086309418,2012-2017
3050229,2018,0.34211947357693523,0.12048996299106142,0.5373905634320033,2012-2017
3050228,2018,0.2932311382511313,0.4027489854617585,0.3040198762871102,2012-2017
3050237,2018,0.1659185802027718,0.6941093396631857,0.13997208013404258,2012-2017
3050239,2018,0.7419236453554421,0.08892550218872271,0.1691508524558352,2012-2017
3050238,2018,0.451485049929012,0.5410130516392475,0.007501898431740471,2012-2017
3050241,2018,0.5118998947309138,0.44914510778602146,0.03895499748306477,2012-2017
3050243,2018,0.9364549240261544,0.02257912748075536,0.04096594849309017,2012-2017
3050246,2018,0.3218435270167034,0.466472518979338,0.2116839540039586,2012-2017
3050245,2018,0.9560802730641798,0.0428957265283996,0.001024000407420589,2012-2017
3050240,2018,0.020319535900621716,0.47878179844107566,0.5008986656583027,2012-2017
3050242,2018,0.14668868754005798,0.289644695921195,0.5636666165387471,2012-2017
3050244,2018,0.01316426841589668,0.1948411527162081,0.7919945788678953,2012-2017
3050249,2018,0.6176248563819561,0.3091788729912311,0.0731962706268129,2012-2017
3050248,2018,0.6382917235304977,0.23007400828022528,0.13163426818927712,2012-2017
3050250,2018,0.8706849296276018,0.12299144049021783,0.006323629882180282,2012-2017
3050252,2018,0.17466044189414662,0.12826502912887963,0.6970745289769738,2012-2017
3050253,2018,0.9715171441461837,0.019102269106118095,0.009380586747698077,2012-2017
3050254,2018,0.7288204469928219,0.13095944192331782,0.14022011108386032,2012-2017
3050256,2018,0.4402503868633403,0.4820028665902553,0.07774674654640444,2012-2017
3050255,2018,0.029668599209596556,0.06272890517864642,0.9076024956117569,2012-2017
3050251,2018,0.8983848020568064,0.08888493207989445,0.012730265863299192,2012-2017
3050247,2018,0.4394027607026689,0.5561235680071152,0.004473671290215798,2012-2017
3050261,2018,0.48166384031067955,0.3891424736738434,0.12919368601547712,2012-2017
3050257,2018,0.6216679423230138,0.14141700154339795,0.2369150561335882,2012-2017
3050260,2018,0.13515164046117153,0.2815936596628584,0.58325469987597,2012-2017
3050264,2018,0.7460385942377897,0.23246052826974178,0.021500877492468484,2012-2017
3050266,2018,0.9388107731196174,0.05804603583088719,0.0031431910494954507,2012-2017
3050262,2018,0.9834988185337412,0.013516206631444578,0.002984974834814322,2012-2017
3050258,2018,0.132680613490189,0.22659738973385649,0.6407219967759545,2012-2017
3050259,2018,0.0021175760521364656,0.14248685805068276,0.8553955658971808,2012-2017
3050263,2018,0.3452634037011834,0.46891680110864997,0.18581979519016661,2012-2017
3050265,2018,0.12577247049767484,0.48869242885572983,0.38553510064659535,2012-2017
3050268,2018,0.7178928871825145,0.25966318246734954,0.02244393035013598,2012-2017
3050271,2018,0.13910926724942146,0.65602493180847,0.20486580094210857,2012-2017
3050269,2018,0.2664996344453555,0.6165657452720109,0.11693462028263364,2012-2017
3050275,2018,0.552390501166538,0.2735813341241424,0.17402816470931962,2012-2017
3050274,2018,0.039500111869080375,0.43043824743840925,0.5300616406925103,2012-2017
3050276,2018,0.30728603366409046,0.3865691518862596,0.3061448144496498,2012-2017
3050267,2018,0.389826117410544,0.6023109423376048,0.007862940251851315,2012-2017
3050270,2018,0.8107633767719767,0.18466499044546072,0.0045716327825625755,2012-2017
3050273,2018,0.9535356751148537,0.04365901398142254,0.0028053109037237114,2012-2017
3050272,2018,0.4585657160029677,0.42722351633972755,0.1142107676573049,2012-2017
3050285,2018,0.060620272747719174,0.5981089770156393,0.3412707502366415,2012-2017
3050286,2018,0.21702905465811514,0.16011747452452124,0.6228534708173636,2012-2017
3050278,2018,0.4056772639635617,0.5429353380899837,0.05138739794645465,2012-2017
3050280,2018,0.030757565141399375,0.19490851683590946,0.774333918022691,2012-2017
3050281,2018,0.07726581793679105,0.06101574428169151,0.8617184377815174,2012-2017
3050282,2018,0.25562818367151574,0.7179852244628013,0.026386591865682943,2012-2017
3050279,2018,0.9154751886511412,0.08300966969810646,0.0015151416507524474,2012-2017
3050277,2018,0.9217174925408715,0.04912970299040764,0.029152804468720796,2012-2017
3050284,2018,0.9661623177199777,0.02706457142838649,0.006773110851635791,2012-2017
3050283,2018,0.7062852053963786,0.2051328318046511,0.08858196279897029,2012-2017
3050288,2018,0.27431710712440693,0.04114243468838936,0.6845404581872037,2012-2017
3050290,2018,0.8129886880941775,0.1520521563169486,0.03495915558887395,2012-2017
3050291,2018,0.8886943721500739,0.048961263049433275,0.06234436480049276,2012-2017
3050292,2018,0.8981270440924263,0.09116683965901713,0.010706116248556647,2012-2017
3050293,2018,0.28893744198023313,0.3883107461363435,0.32275181188342333,2012-2017
3050294,2018,0.3492983063041384,0.26423067913316406,0.38647101456269756,2012-2017
3050295,2018,0.03803735887101143,0.16097684134577367,0.800985799783215,2012-2017
3050287,2018,0.22633272977036065,0.3215551378492489,0.45211213238039055,2012-2017
3050296,2018,0.3598577873361799,0.43988067971044476,0.2002615329533754,2012-2017
3050289,2018,0.4975613592486711,0.33098230142072743,0.17145633933060137,2012-2017
3050298,2018,0.1458867576830323,0.7161345047396498,0.13797873757731793,2012-2017
3050300,2018,0.710502307721075,0.06819486846781794,0.221302823811107,2012-2017
3050302,2018,0.18067225416301433,0.6261069181576572,0.19322082767932852,2012-2017
3050301,2018,0.6146478711827432,0.17445307133580276,0.21089905748145396,2012-2017
3050306,2018,0.04452971851184362,0.21892549767695588,0.7365447838112004,2012-2017
3050305,2018,0.9185082764414657,0.061099723243373594,0.020392000315160665,2012-2017
3050304,2018,0.9558885425776359,0.04299115387979563,0.0011203035425685116,2012-2017
3050297,2018,0.3968996528406573,0.5897418825024195,0.013358464656923074,2012-2017
3050299,2018,0.9451520923541049,0.03479140720381236,0.020056500442082754,2012-2017
3050303,2018,0.762750891457966,0.11304187092809628,0.1242072376139377,2012-2017
3050308,2018,0.40032459566942913,0.5133766256849674,0.08629877864560338,2012-2017
3050311,2018,0.09444605288420162,0.025941950232790754,0.8796119968830076,2012-2017
3050307,2018,0.6829795293604691,0.29158883285913206,0.025431637780398718,2012-2017
3050312,2018,0.3928554633518538,0.43583390772916336,0.17131062891898288,2012-2017
3050309,2018,0.04247031856565645,0.25705015678729265,0.7004795246470509,2012-2017
3050310,2018,0.054139821869380836,0.1540606147433517,0.7917995633872674,2012-2017
3050313,2018,0.23362725322896405,0.026677747619207208,0.7396949991518288,2012-2017
3050315,2018,0.9321662472029328,0.05933254422533082,0.008501208571736292,2012-2017
3050316,2018,0.7784527201916179,0.2132771623235665,0.008270117484815686,2012-2017
3056407,2018,0.529525698779021,0.11781599478276263,0.35265830643821633,2012-2017
3050318,2018,0.13436968579216382,0.8152340196694718,0.05039629453836431,2012-2017
3050319,2018,0.15466134181652258,0.7352845615832856,0.11005409660019191,2012-2017
3050317,2018,0.7235754271648245,0.2706710355883942,0.005753537246781293,2012-2017
3050320,2018,0.37295257543714544,0.3888594464243992,0.2381879781384555,2012-2017
3050321,2018,0.2221483040225178,0.25105121481952464,0.5268004811579575,2012-2017
3050326,2018,0.9177068822071128,0.07227046722110711,0.010022650571780117,2012-2017
3050323,2018,0.4569096467184866,0.22693488180136184,0.3161554714801515,2012-2017
3050324,2018,0.8852433034571228,0.1095263728089651,0.0052303237339121015,2012-2017
3050325,2018,0.45767259750892864,0.2247511884188377,0.3175762140722337,2012-2017
3050322,2018,0.5950326524098544,0.045436135464983256,0.35953121212516254,2012-2017
3050328,2018,0.06420924456892749,0.26022360443097925,0.6755671510000933,2012-2017
3050329,2018,0.06220544843241273,0.6151749039593727,0.3226196476082147,2012-2017
3050330,2018,0.30612063511464965,0.3488244950936065,0.3450548697917437,2012-2017
3050332,2018,0.9809286377877422,0.013312075850033637,0.00575928636222429,2012-2017
3050334,2018,0.8324591939844102,0.15377676173367624,0.013764044281913572,2012-2017
3050335,2018,0.6199472545055498,0.3722553904471663,0.007797355047283935,2012-2017
3050336,2018,0.5509455043403929,0.4022647962974311,0.0467896993621759,2012-2017
3050333,2018,0.06046747033812009,0.2035248191878101,0.7360077104740698,2012-2017
3050327,2018,0.0515368978960012,0.03361968897904641,0.9148434131249523,2012-2017
3050331,2018,0.9658361084244197,0.025137886020866796,0.009026005554713478,2012-2017
3050346,2018,0.2634783577691519,0.09087580865966477,0.6456458335711834,2012-2017
3050337,2018,0.9287898137601692,0.06703720454912346,0.004172981690707269,2012-2017
3050338,2018,0.1658818654249114,0.7731516026709646,0.060966531904124016,2012-2017
3050339,2018,0.06344321401317875,0.02837712416507011,0.9081796618217512,2012-2017
3050340,2018,0.7151958142132496,0.17967160843896002,0.10513257734779036,2012-2017
3050342,2018,0.5902812036526741,0.29042917710551563,0.11928961924181022,2012-2017
3050343,2018,0.990329018681338,0.00704956510914889,0.0026214162095129587,2012-2017
3050344,2018,0.5635766618958842,0.1370227563863273,0.2994005817177885,2012-2017
3050345,2018,0.47507956233665133,0.39064391066185744,0.1342765270014913,2012-2017
3050341,2018,0.05282605086898823,0.25762686334522805,0.6895470857857837,2012-2017
3050419,2018,0.3579562450083542,0.3703075737119562,0.2717361812796896,2012-2017
3050417,2018,0.024731175166042334,0.02832870118413183,0.9469401236498258,2012-2017
3050418,2018,0.30541517912161403,0.09374393413767884,0.600840886740707,2012-2017
3050426,2018,0.272109839249742,0.25727569700307473,0.47061446374718324,2012-2017
3050420,2018,0.5841133058131399,0.2849308069734529,0.13095588721340715,2012-2017
3050423,2018,0.9292774468581223,0.06279408539785898,0.007928467744018784,2012-2017
3050425,2018,0.8918665246709275,0.09885373559968388,0.009279739729388638,2012-2017
3050422,2018,0.5572697563212651,0.41890117058152204,0.02382907309721284,2012-2017
3050421,2018,0.12491466523150109,0.4572696171949602,0.41781571757353886,2012-2017
3050424,2018,0.7020030534116265,0.22495509815051595,0.07304184843785758,2012-2017
3050347,2018,0.21739992057713242,0.21632850642197374,0.5662715730008938,2012-2017
3050350,2018,0.4172583797848809,0.2122944954576373,0.3704471247574818,2012-2017
3050351,2018,0.7078427279446555,0.216211125719284,0.07594614633606044,2012-2017
3050352,2018,0.9453517623345911,0.026922363731044518,0.02772587393436445,2012-2017
3050355,2018,0.9151007770968473,0.06448496437978565,0.020414258523366986,2012-2017
3050356,2018,0.30978479346749066,0.6607919181508125,0.02942328838169685,2012-2017
3050348,2018,0.2689067942577027,0.2281206565899845,0.5029725491523127,2012-2017
3050349,2018,0.396138828152098,0.31581789010856753,0.28804328173933436,2012-2017
3050353,2018,0.5992607844754528,0.15618482288966332,0.2445543926348839,2012-2017
3050354,2018,0.027257661125941537,0.30806495914093285,0.6646773797331256,2012-2017
3050357,2018,0.8971491348178487,0.09513251336389866,0.007718351818252597,2012-2017
3050359,2018,0.010895307347526436,0.18000606410821632,0.8090986285442572,2012-2017
3050361,2018,0.19934069073118982,0.6056160513493962,0.19504325791941393,2012-2017
3050360,2018,0.9195960473792575,0.06848191710758389,0.011922035513158666,2012-2017
3050362,2018,0.3565365653761114,0.5072398917770928,0.1362235428467958,2012-2017
3050358,2018,0.21609504517058423,0.6596941227910217,0.12421083203839411,2012-2017
3050365,2018,0.4562383215251075,0.48318997257158125,0.060571705903311186,2012-2017
3050366,2018,0.24567434656697526,0.6840722722846002,0.07025338114842457,2012-2017
3050364,2018,0.013507854434793156,0.2209161780668545,0.7655759674983524,2012-2017
3050363,2018,0.7596958291514404,0.0375031640019244,0.20280100684663513,2012-2017
3050367,2018,0.004735552678239582,0.09790920349626309,0.8973552438254974,2012-2017
3050368,2018,0.18542331336755496,0.5310190190456767,0.2835576675867683,2012-2017
3050369,2018,0.2009504655226139,0.6791172397400098,0.11993229473737638,2012-2017
3050370,2018,0.8534183003488058,0.11461431614602889,0.03196738350516517,2012-2017
3050371,2018,0.7496222434188883,0.07942533710695938,0.1709524194741524,2012-2017
3050373,2018,0.681139822847568,0.2692548353035254,0.049605341848906685,2012-2017
3050376,2018,0.09762374801682686,0.3170344936371248,0.5853417583460482,2012-2017
3050372,2018,0.3157656460168213,0.35021772279571856,0.3340166311874602,2012-2017
3050375,2018,0.9323086488589394,0.05857080580187656,0.009120545339184062,2012-2017
3050374,2018,0.8490258762192813,0.09202687305737249,0.058947250723346285,2012-2017
3050377,2018,0.7133302451749195,0.2495266519120286,0.03714310291305194,2012-2017
3050382,2018,0.920752319316881,0.05708351453311899,0.022164166150000077,2012-2017
3050381,2018,0.7593712398953036,0.20609578512882812,0.03453297497586827,2012-2017
3050378,2018,0.06633687065594743,0.2788739944726719,0.6547891348713806,2012-2017
3050383,2018,0.8641708260458405,0.10700341303830785,0.028825760915851737,2012-2017
3050384,2018,0.6428044178628036,0.11288421607611962,0.2443113660610768,2012-2017
3050386,2018,0.7024076564583834,0.22127472224084105,0.07631762130077548,2012-2017
3050385,2018,0.4024122074034409,0.49845610890716446,0.09913168368939468,2012-2017
3050379,2018,0.00569159232148227,0.3453596450781869,0.6489487626003309,2012-2017
3050380,2018,0.007617561075815961,0.4077468651384719,0.5846355737857121,2012-2017
3050387,2018,0.980166232006478,0.01551058492398899,0.004323183069533063,2012-2017
3050389,2018,0.3665381483231663,0.14375596882422614,0.48970588285260747,2012-2017
3050390,2018,0.6009369070873722,0.2121825686841785,0.18688052422844917,2012-2017
3050391,2018,0.17508800102684674,0.7378006113543119,0.08711138761884148,2012-2017
3050392,2018,0.6276797500562203,0.25310494276944057,0.11921530717433916,2012-2017
3050393,2018,0.022526949973672376,0.34953134489829957,0.6279417051280282,2012-2017
3050388,2018,0.054124521975791616,0.0678547520402237,0.8780207259839847,2012-2017
3050394,2018,0.40185438653735345,0.19706335875468878,0.4010822547079579,2012-2017
3050395,2018,0.8744263125947596,0.0823927564742702,0.043180930930970196,2012-2017
3050396,2018,0.7647223888039885,0.21110983098042368,0.024167780215587867,2012-2017
3050399,2018,0.2535103274158925,0.26425573195075014,0.4822339406333575,2012-2017
3050397,2018,0.36081985454451326,0.28781648477234467,0.351363660683142,2012-2017
3050401,2018,0.6255369996158257,0.1848032128437784,0.18965978754039597,2012-2017
3050398,2018,0.283621240854628,0.5772769346060662,0.13910182453930578,2012-2017
3050402,2018,0.40603682530351637,0.38656242912131306,0.20740074557517066,2012-2017
3050405,2018,0.45725557351455953,0.5386405006770288,0.004103925808411603,2012-2017
3050400,2018,0.9122064055933079,0.04026160681782278,0.04753198758886936,2012-2017
3050403,2018,0.2718189588750261,0.3346793973905561,0.39350164373441776,2012-2017
3050404,2018,0.6258038910652393,0.2873987978661409,0.08679731106861986,2012-2017
3050406,2018,0.15367282991848283,0.5904682195421876,0.25585895053932955,2012-2017
3050432,2018,0.10777064652215813,0.1976032594896866,0.6946260939881553,2012-2017
3050407,2018,0.8432775688907524,0.08948269745964789,0.0672397336495996,2012-2017
3050408,2018,0.14377926831405086,0.6461753211021013,0.21004541058384796,2012-2017
3050409,2018,0.02560757239736304,0.05642668617994325,0.9179657414226938,2012-2017
3050410,2018,0.05784570321288393,0.12665660101551454,0.8154976957716015,2012-2017
3050411,2018,0.968467770962885,0.021415878169620903,0.010116350867494002,2012-2017
3050413,2018,0.14072080271119036,0.8052937601512467,0.05398543713756308,2012-2017
3050415,2018,0.45112979449754353,0.313569525941705,0.2353006795607514,2012-2017
3050412,2018,0.9464078423107634,0.0068041668941145545,0.046787990795122025,2012-2017
3050414,2018,0.6847527967967797,0.28416207107319913,0.031085132130021134,2012-2017
3050416,2018,0.5547821585018686,0.2940898408176907,0.15112800068044066,2012-2017
3050430,2018,0.2554258259257158,0.01317181254380429,0.73140236153048,2012-2017
3050436,2018,0.49421755862524386,0.47596643946025957,0.029816001914496605,2012-2017
3050428,2018,0.25787413402198356,0.06649091039280235,0.6756349555852141,2012-2017
3050429,2018,0.02843070319078376,0.025690066401081537,0.9458792304081347,2012-2017
3050433,2018,0.4056204479744504,0.03673234684943256,0.5576472051761171,2012-2017
3050435,2018,0.4778905398288285,0.12199795845688488,0.4001115017142866,2012-2017
3050427,2018,0.8948810640278033,0.026100483238231945,0.07901845273396477,2012-2017
3050434,2018,0.27721722627612677,0.37716335487722547,0.34561941884664776,2012-2017
3050438,2018,0.5830310482636761,0.1072178664282448,0.3097510853080791,2012-2017
3050439,2018,0.0336599951356114,0.05381246322611683,0.9125275416382718,2012-2017
3050440,2018,0.8539692728758191,0.041029446790338785,0.1050012803338421,2012-2017
3050443,2018,0.8177903793395277,0.06201646761728088,0.1201931530431914,2012-2017
3050437,2018,0.8519245913205132,0.0528925987050122,0.09518280997447454,2012-2017
3050441,2018,0.638458672273817,0.05456373921532019,0.30697758851086276,2012-2017
3050442,2018,0.5578496711725922,0.15764019981092794,0.2845101290164798,2012-2017
3050444,2018,0.49632260739505807,0.36633245452035895,0.13734493808458306,2012-2017
3050445,2018,0.9954016662850314,0.0015930492391195653,0.0030052844758491175,2012-2017
3050446,2018,0.9535961089600117,0.03846838315602559,0.007935507883962727,2012-2017
3050448,2018,0.8918709626411658,0.059172136862245116,0.048956900496589004,2012-2017
3050452,2018,0.7469181442919703,0.22726213280856658,0.025819722899463066,2012-2017
3050449,2018,0.5065845589875752,0.18851896031896545,0.30489648069345937,2012-2017
3050455,2018,0.42801331943823984,0.3245753956314143,0.24741128493034584,2012-2017
3050453,2018,0.3627004185869859,0.33819784087394045,0.29910174053907373,2012-2017
3050456,2018,0.746030157900773,0.14615324507108032,0.1078165970281466,2012-2017
3050447,2018,0.02883034874538683,0.011704656401832492,0.9594649948527807,2012-2017
3050450,2018,0.15746386484613617,0.11396399550201416,0.7285721396518496,2012-2017
3050451,2018,0.09459971003973475,0.14605678701696337,0.759343502943302,2012-2017
3050454,2018,0.6193799543662645,0.26560415666197884,0.11501588897175664,2012-2017
3050465,2018,0.5150585931230904,0.17455060563476693,0.3103908012421427,2012-2017
3050466,2018,0.6657513958261909,0.05214020576830433,0.28210839840550467,2012-2017
3050458,2018,0.18232411881974314,0.0728468292380733,0.7448290519421835,2012-2017
3050460,2018,0.5952460682608391,0.2349177943040738,0.169836137435087,2012-2017
3050461,2018,0.442385880877948,0.13180012336019095,0.4258139957618609,2012-2017
3050462,2018,0.7465893058526976,0.23971700607730123,0.013693688070001264,2012-2017
3050464,2018,0.9848601852468218,0.008839712325233633,0.006300102427944574,2012-2017
3050457,2018,0.8998989497966052,0.08116092605959838,0.018940124143796328,2012-2017
3050459,2018,0.937245187071661,0.03471068285332639,0.028044130075012483,2012-2017
3050463,2018,0.9763941428411076,0.003656738539753097,0.019949118619139436,2012-2017
3050475,2018,0.6184194051040901,0.2637557163204085,0.1178248785755014,2012-2017
3050477,2018,0.4309769475290946,0.08894139136509016,0.48008166110581524,2012-2017
3050483,2018,0.8457316637673438,0.0876039349172907,0.06666440131536547,2012-2017
3050478,2018,0.4726369918538798,0.16610550677652072,0.3612575013695994,2012-2017
3050479,2018,0.007246796727368424,0.012755382881326141,0.9799978203913052,2012-2017
3050486,2018,0.6769861211831197,0.23902132389064384,0.08399255492623639,2012-2017
3050487,2018,0.05028801468581875,0.11414836471146927,0.835563620602712,2012-2017
3050489,2018,0.9261334638519332,0.05610785376726248,0.01775868238080431,2012-2017
3050490,2018,0.003193802360550493,0.010412415410456087,0.9863937822289934,2012-2017
3050491,2018,0.2168826160705706,0.7143412457610758,0.06877613816835346,2012-2017
3050493,2018,0.9105865784286872,0.01652520191265069,0.07288821965866224,2012-2017
3050494,2018,0.22456460160655775,0.679388697362195,0.09604670103124718,2012-2017
3050488,2018,0.23662317404071975,0.05938464799367572,0.7039921779656045,2012-2017
3050492,2018,0.9274784508769306,0.03628039920729603,0.03624114991577327,2012-2017
3050485,2018,0.9517427361570475,0.014095912576094641,0.03416135126685776,2012-2017
3050503,2018,0.7415372504784585,0.1715630561346485,0.086899693386893,2012-2017
3050504,2018,0.03131483886830834,0.8253793287558513,0.14330583237584038,2012-2017
3050431,2018,0.9305750678575623,0.03358015001021636,0.035844782132221344,2012-2017
3050481,2018,0.8351816273428277,0.04399352989558661,0.12082484276158566,2012-2017
3050499,2018,0.527272017242437,0.31142032341646436,0.16130765934109878,2012-2017
3050501,2018,0.07946402650837334,0.2079374589285369,0.7125985145630899,2012-2017
3050495,2018,0.1744987160189073,0.556728612656678,0.26877267132441485,2012-2017
3050498,2018,0.07413206692762488,0.16276066896455801,0.763107264107817,2012-2017
3050500,2018,0.12610017738302756,0.6214297156236915,0.25247010699328093,2012-2017
3050497,2018,0.04079700946918954,0.16110803931895337,0.7980949512118571,2012-2017
3050496,2018,0.7064946134159547,0.21696457128989688,0.07654081529414847,2012-2017
3050517,2018,0.3280749105285744,0.5573139116432643,0.11461117782816124,2012-2017
3050513,2018,0.5558948510142103,0.3961118873931855,0.04799326159260417,2012-2017
3050514,2018,0.4686314628759414,0.32703493439205894,0.2043336027319997,2012-2017
3050516,2018,0.21938600509749207,0.15186945444523792,0.6287445404572701,2012-2017
3050519,2018,0.6791696272186475,0.20219029565656577,0.11864007712478676,2012-2017
3050520,2018,0.045591429955163056,0.01850212903197485,0.9359064410128621,2012-2017
3050521,2018,0.6523108987484186,0.3368436132903499,0.010845487961231389,2012-2017
3050515,2018,0.013312001811509037,0.5291910036126043,0.4574969945758868,2012-2017
3050518,2018,0.5697584472637371,0.15555493254170405,0.2746866201945587,2012-2017
3050522,2018,0.06466999763008335,0.6594681001761681,0.27586190219374845,2012-2017
3050476,2018,0.4179982975871972,0.28689119376949146,0.2951105086433113,2012-2017
3050524,2018,0.6795494315431769,0.2970233362950838,0.02342723216173918,2012-2017
3050528,2018,0.01167469926155898,0.04991276120321844,0.9384125395352226,2012-2017
3050529,2018,0.4725168989404698,0.031160114336406617,0.49632298672312364,2012-2017
3050530,2018,0.2874410159160177,0.4996578856294372,0.21290109845454525,2012-2017
3050531,2018,0.45478610901645056,0.45477319922100967,0.09044069176253981,2012-2017
3050532,2018,0.7567472109004075,0.16645168866183555,0.07680110043775693,2012-2017
3050527,2018,0.35577451524570713,0.2725537038519526,0.3716717809023403,2012-2017
3050523,2018,0.9368870695761077,0.013819891031985143,0.04929303939190718,2012-2017
3050525,2018,0.07012677692254204,0.14590256794257347,0.7839706551348846,2012-2017
3050526,2018,0.8315793274823781,0.10090247422891918,0.06751819828870266,2012-2017
3050482,2018,0.6358102221917913,0.25589947836583643,0.10829029944237223,2012-2017
3050502,2018,0.9362850738698693,0.05426091076437156,0.009454015365759261,2012-2017
3050480,2018,0.059867774872855814,0.6948051819353331,0.24532704319181106,2012-2017
3050484,2018,0.23649134187995716,0.3094711742050471,0.4540374839149958,2012-2017
3050538,2018,0.5918769849632786,0.3211634462859624,0.08695956875075903,2012-2017
3050535,2018,0.26745924435286966,0.6760079724790259,0.0565327831681045,2012-2017
3050536,2018,0.37274060645846574,0.3603156548727068,0.26694373866882737,2012-2017
3050533,2018,0.08099563760296638,0.5169466500490627,0.4020577123479709,2012-2017
3050541,2018,0.8695043240172424,0.05605482608189745,0.07444084990086018,2012-2017
3050542,2018,0.12329063203327816,0.8253807039080098,0.05132866405871198,2012-2017
3050540,2018,0.2850762441514095,0.5787548232391944,0.13616893260939605,2012-2017
3050534,2018,0.13034164555948,0.20998994103207932,0.6596684134084407,2012-2017
3050537,2018,0.7291899916966835,0.09650958268541847,0.17430042561789805,2012-2017
3050539,2018,0.33103381186533715,0.42511854004649335,0.24384764808816947,2012-2017
3050555,2018,0.5715515423500939,0.38159711422033543,0.046851343429570785,2012-2017
3050552,2018,0.13151790229729088,0.051085370817432814,0.8173967268852764,2012-2017
3050553,2018,0.023987949448921752,0.5598448661758612,0.41616718437521716,2012-2017
3050558,2018,0.20648652020151984,0.10096635957610726,0.692547120222373,2012-2017
3050559,2018,0.25390386145579674,0.5778546607199153,0.168241477824288,2012-2017
3050560,2018,0.6487780096740894,0.34146519038173395,0.00975679994417663,2012-2017
3050551,2018,0.751412161900878,0.07817277842539383,0.1704150596737282,2012-2017
3050554,2018,0.7901532470882905,0.15631106048418605,0.0535356924275234,2012-2017
3050556,2018,0.02522491684542719,0.049569742129729456,0.9252053410248433,2012-2017
3050557,2018,0.9668593114553796,0.019310005269909343,0.01383068327471099,2012-2017
3050565,2018,0.18200688780601082,0.13033974509698218,0.687653367097007,2012-2017
3050561,2018,0.014566949179521732,0.016165944666671202,0.9692671061538072,2012-2017
3050563,2018,0.6670676656652372,0.126775993152883,0.20615634118187978,2012-2017
3050564,2018,0.35551889536337733,0.07657988770507318,0.5679012169315496,2012-2017
3050562,2018,0.197182848526143,0.03831479458389969,0.7645023568899573,2012-2017
3050566,2018,0.9588194684114275,0.02357891388200641,0.0176016177065661,2012-2017
3050568,2018,0.687986225134263,0.010030229363509575,0.30198354550222734,2012-2017
3050569,2018,0.918828536885149,0.04030663988011938,0.04086482323473158,2012-2017
3050567,2018,0.953040494215194,0.043095235984257456,0.003864269800548673,2012-2017
3050570,2018,0.5671324101021922,0.25202755458182086,0.18084003531598702,2012-2017
3219076,2019,0.2212670353926333,0.548975243327037,0.2297577212803298,2012-2018
3219072,2019,0.48781757947295584,0.1416210133665993,0.37056140716044483,2012-2018
3219075,2019,0.28794112794899634,0.5202024960626466,0.19185637598835703,2012-2018
3219410,2019,0.8521998630654087,0.14669845386628294,0.0011016830683082339,2012-2018
3219412,2019,0.38217838651957603,0.20823240986540187,0.409589203615022,2012-2018
3219417,2019,0.24845274327938113,0.42520829477856653,0.32633896194205236,2012-2018
3219071,2019,0.01762248338815413,0.30827496799001686,0.6741025486218291,2012-2018
3219073,2019,0.22741669287393365,0.6416675347915494,0.130915772334517,2012-2018
3219074,2019,0.6673353850728863,0.323435765780215,0.009228849146898798,2012-2018
3219413,2019,0.20949865400667358,0.39228547277124365,0.39821587322208274,2012-2018
3219404,2019,0.8743878519216374,0.1199999844136739,0.005612163664688691,2012-2018
3219069,2019,0.18163026051165335,0.04139968166270774,0.7769700578256389,2012-2018
3219403,2019,0.9049440899647095,0.07760333659916203,0.017452573436128438,2012-2018
3219070,2019,0.12284742241526353,0.32507752231530257,0.5520750552694338,2012-2018
3219407,2019,0.9433625282308027,0.032340009946095205,0.024297461823102023,2012-2018
3219409,2019,0.3885295049802722,0.37801657695026714,0.23345391806946075,2012-2018
3219411,2019,0.5325070195131663,0.11548973395394646,0.3520032465328874,2012-2018
3219408,2019,0.1521004316895284,0.6406701615537539,0.20722940675671767,2012-2018
3219067,2019,0.8003240958681209,0.12707355584647195,0.07260234828540717,2012-2018
3219068,2019,0.32902355818985457,0.4751715955976755,0.19580484621246994,2012-2018
3219397,2019,0.21283620823512242,0.21337872299333205,0.5737850687715456,2012-2018
3219390,2019,0.10197479398911975,0.23756821059812397,0.6604569954127564,2012-2018
3219394,2019,0.45783598217058274,0.47769537964863146,0.06446863818078577,2012-2018
3219405,2019,0.6558039125256745,0.04642008235637562,0.29777600511794994,2012-2018
3219406,2019,0.5550626301166702,0.3203971674732367,0.12454020241009303,2012-2018
3219402,2019,0.0736069861511731,0.14295866429874585,0.7834343495500811,2012-2018
3219066,2019,0.2887711564285787,0.17324098313723116,0.5379878604341901,2012-2018
3219399,2019,0.3457960216386535,0.3186003719212253,0.33560360644012127,2012-2018
3219400,2019,0.5280390142048429,0.4373225140901745,0.03463847170498261,2012-2018
3219401,2019,0.9378440169818868,0.061865722795232427,0.000290260222880724,2012-2018
3219388,2019,0.4093853047804683,0.4209534798659372,0.16966121535359444,2012-2018
3219392,2019,0.704114995275467,0.20886453340569486,0.08702047131883821,2012-2018
3219383,2019,0.9744708263542038,0.008211387137463111,0.017317786508333124,2012-2018
3219391,2019,0.46406108840699684,0.24077715281439005,0.29516175877861317,2012-2018
3219396,2019,0.6039999673232964,0.39289995049915216,0.00310008217755146,2012-2018
3219398,2019,0.7371713808454294,0.20386111588433495,0.05896750327023562,2012-2018
3219395,2019,0.11655846818236507,0.7737160536684464,0.10972547814918857,2012-2018
3219393,2019,0.4013754085759038,0.46338844178755345,0.1352361496365427,2012-2018
3219384,2019,0.16475961720792126,0.5105108153619734,0.32472956743010534,2012-2018
3219386,2019,0.10571358673251394,0.047965247990842515,0.8463211652766436,2012-2018
3219379,2019,0.08854911826160437,0.3371253006079817,0.574325581130414,2012-2018
3219381,2019,0.1578171136482098,0.24438858105124628,0.597794305300544,2012-2018
3219382,2019,0.9855966805537818,0.013134934825648297,0.0012683846205698518,2012-2018
3219373,2019,0.049289561227186404,0.1421368761239131,0.8085735626489005,2012-2018
3219374,2019,0.37359370939379016,0.39080612557613226,0.23560016503007752,2012-2018
3219387,2019,0.5823961045902544,0.3095271641865081,0.10807673122323751,2012-2018
3219380,2019,0.29677043505019396,0.2454916479648365,0.4577379169849697,2012-2018
3219377,2019,0.15742704593168685,0.31700169720726223,0.525571256861051,2012-2018
3219389,2019,0.901138144654761,0.0956982311155782,0.0031636242296608588,2012-2018
3219385,2019,0.6366609913372339,0.33887810064193513,0.02446090802083111,2012-2018
3219367,2019,0.3877385877731986,0.4989802074835723,0.11328120474322907,2012-2018
3219361,2019,0.042341023626491704,0.22607049046063454,0.7315884859128737,2012-2018
3219365,2019,0.23567209026407887,0.07197083900682595,0.6923570707290951,2012-2018
3219362,2019,0.9685729826296816,0.03103838394022839,0.0003886334300899454,2012-2018
3219372,2019,0.04765867651404537,0.10545218293772088,0.8468891405482336,2012-2018
3219371,2019,0.47830031662907907,0.31237106740831366,0.2093286159626073,2012-2018
3219378,2019,0.31649589835429714,0.2897102876210862,0.39379381402461666,2012-2018
3219370,2019,0.7705539564041344,0.11755947214116316,0.11188657145470243,2012-2018
3219375,2019,0.6244734090260092,0.19383403509953145,0.1816925558744593,2012-2018
3219376,2019,0.3187867173846959,0.1200749706298661,0.561138311985438,2012-2018
3219350,2019,0.5963890039107826,0.20113573595754292,0.2024752601316744,2012-2018
3219353,2019,0.5862384880748936,0.3003846075577447,0.11337690436736156,2012-2018
3219359,2019,0.4679659863212843,0.45102034630397325,0.08101366737474237,2012-2018
3219360,2019,0.2970908651590557,0.5723214527927419,0.13058768204820254,2012-2018
3219363,2019,0.7257217076951088,0.2594735396270066,0.014804752677884598,2012-2018
3219368,2019,0.32320111457582196,0.5730350248545846,0.10376386056959351,2012-2018
3219369,2019,0.9223148488807797,0.060201982460521476,0.0174831686586987,2012-2018
3219366,2019,0.5489122724373323,0.2810195074240133,0.1700682201386543,2012-2018
3219352,2019,0.665013704508398,0.17174378788973246,0.16324250760186945,2012-2018
3219364,2019,0.21993416356224973,0.45236069639488447,0.3277051400428659,2012-2018
3219340,2019,0.5685011524123998,0.33571605063162746,0.0957827969559727,2012-2018
3219343,2019,0.16156743620379435,0.4472156477435623,0.3912169160526433,2012-2018
3219346,2019,0.9828223568009868,0.00815782153423379,0.00901982166477937,2012-2018
3219351,2019,0.01838885011753001,0.034618887464343474,0.9469922624181265,2012-2018
3219354,2019,0.07016586775182815,0.28887812731222323,0.6409560049359486,2012-2018
3219355,2019,0.6628462384619704,0.20651354036583647,0.130640221172193,2012-2018
3219357,2019,0.8480178980431267,0.14722586345118266,0.004756238505690612,2012-2018
3219358,2019,0.38425044356523086,0.27226769515077226,0.3434818612839969,2012-2018
3219349,2019,0.5091015529938966,0.2635941536227382,0.22730429338336527,2012-2018
3219356,2019,0.5039283668752104,0.23665414065716592,0.2594174924676238,2012-2018
3219333,2019,0.3553567894136779,0.2562778107901374,0.38836539979618473,2012-2018
3219339,2019,0.7699081773023639,0.20760268129700624,0.022489141400629905,2012-2018
3219341,2019,0.2233461355147602,0.32568672089111667,0.45096714359412304,2012-2018
3219342,2019,0.9733257526011264,0.00380306568449464,0.022871181714379057,2012-2018
3219345,2019,0.22307667811255252,0.5538109631438136,0.22311235874363392,2012-2018
3219347,2019,0.7318011579568686,0.22348999668434275,0.04470884535878862,2012-2018
3219332,2019,0.37334706541232326,0.3936084657673917,0.23304446882028504,2012-2018
3219338,2019,0.37289996811409604,0.26484507983912753,0.36225495204677644,2012-2018
3219344,2019,0.5954773334893804,0.3361844493594547,0.06833821715116499,2012-2018
3219348,2019,0.575902544833346,0.403381489599122,0.020715965567532014,2012-2018
3219322,2019,0.41477328386818774,0.37480489846972953,0.2104218176620828,2012-2018
3219331,2019,0.01119674059525042,0.03310813114477313,0.9556951282599764,2012-2018
3219320,2019,0.9567944814090567,0.018135301261366796,0.025070217329576486,2012-2018
3219323,2019,0.8535362315050138,0.04647899230359068,0.09998477619139562,2012-2018
3219325,2019,0.5076187406972236,0.47874909701636414,0.013632162286412345,2012-2018
3219330,2019,0.7473232211024831,0.24535996079149952,0.00731681810601739,2012-2018
3219335,2019,0.4644803314047299,0.4942555111638343,0.04126415743143577,2012-2018
3219337,2019,0.27258343466131596,0.6047339137783451,0.12268265156033904,2012-2018
3219334,2019,0.4579522819442313,0.3418459302181083,0.20020178783766052,2012-2018
3219336,2019,0.5375199191057451,0.3104401463772028,0.15203993451705206,2012-2018
3219319,2019,0.46150747132399456,0.2745887412126525,0.26390378746335297,2012-2018
3219326,2019,0.1342089450007725,0.21698426905901297,0.6488067859402145,2012-2018
3219310,2019,0.14630399245484751,0.05127917341405671,0.8024168341310958,2012-2018
3219329,2019,0.9258923023103455,0.06647358889728146,0.007634108792373071,2012-2018
3219321,2019,0.007482270613885694,0.1681059611121807,0.8244117682739335,2012-2018
3219324,2019,0.372848129617469,0.5440297338810116,0.08312213650151935,2012-2018
3219315,2019,0.17482546370061053,0.7280947398250568,0.09707979647433257,2012-2018
3219328,2019,0.019270013459364195,0.4086579751707997,0.5720720113698362,2012-2018
3219327,2019,0.41862379079741946,0.1346216711385083,0.4467545380640723,2012-2018
3219311,2019,0.5781278289349261,0.23458851230856564,0.18728365875650824,2012-2018
3219305,2019,0.7626483155722932,0.2218635417817739,0.015488142645932948,2012-2018
3219309,2019,0.2860541801828004,0.34786102958565945,0.3660847902315402,2012-2018
3219313,2019,0.9896592341966753,0.0022547351223216076,0.00808603068100319,2012-2018
3219314,2019,0.11625158988593277,0.6503506517101824,0.23339775840388494,2012-2018
3219316,2019,0.9947318213258382,0.0024828697446511927,0.002785308929510644,2012-2018
3219318,2019,0.39883874137145586,0.4826514985157121,0.11850976011283214,2012-2018
3219300,2019,0.43463867089571634,0.3500158300608653,0.21534549904341846,2012-2018
3219308,2019,0.6960274701433067,0.22363275962931592,0.08033977022737747,2012-2018
3219317,2019,0.31882055946060484,0.055337241262665135,0.62584219927673,2012-2018
3219312,2019,0.15098718437415046,0.5668373378528307,0.28217547777301877,2012-2018
3219303,2019,0.3205167893190408,0.5425267772487095,0.13695643343224978,2012-2018
3219299,2019,0.4280908737325977,0.2110516788155897,0.3608574474518127,2012-2018
3219297,2019,0.5034544501806427,0.3645500686032098,0.1319954812161475,2012-2018
3219289,2019,0.518021516877418,0.27845172181606104,0.20352676130652098,2012-2018
3219301,2019,0.37516461300140735,0.4516004870160774,0.17323489998251526,2012-2018
3219307,2019,0.6432206445935699,0.12648850928740707,0.23029084611902315,2012-2018
3219304,2019,0.37459692700938474,0.33384509127125195,0.2915579817193633,2012-2018
3219298,2019,0.17195515772517103,0.25316720693205935,0.5748776353427696,2012-2018
3219306,2019,0.8344059736153415,0.06716575615864226,0.09842827022601615,2012-2018
3219284,2019,0.554473986259872,0.42790998245188644,0.017616031288241574,2012-2018
3219278,2019,0.2969482676497306,0.4113985598621339,0.2916531724881355,2012-2018
3219281,2019,0.41479198686775787,0.4152280211558595,0.1699799919763828,2012-2018
3219302,2019,0.1600675029203314,0.6883907151919159,0.15154178188775272,2012-2018
3219290,2019,0.2960488948016906,0.6468269255296477,0.057124179668661616,2012-2018
3219295,2019,0.5639422387475364,0.3038108090465584,0.13224695220590532,2012-2018
3219296,2019,0.6700889383340696,0.11278009179707459,0.21713096986885583,2012-2018
3219293,2019,0.9094579922556087,0.0872127069957931,0.003329300748598197,2012-2018
3219291,2019,0.22238205448062998,0.44723423469012097,0.33038371082924917,2012-2018
3219292,2019,0.09861077728166776,0.5359188285542277,0.36547039416410454,2012-2018
3219267,2019,0.1559540918313367,0.1622915638376474,0.6817543443310159,2012-2018
3219277,2019,0.42204067345318885,0.5526408380596307,0.02531848848718044,2012-2018
3219273,2019,0.3071133202357881,0.24448127799623232,0.4484054017679795,2012-2018
3219286,2019,0.32356992818266095,0.46905332353007345,0.2073767482872656,2012-2018
3219280,2019,0.09462028947790178,0.6833999312033634,0.2219797793187348,2012-2018
3219282,2019,0.15630713743767202,0.3630606904981635,0.4806321720641644,2012-2018
3219271,2019,0.062281107286391996,0.40900044872458224,0.5287184439890257,2012-2018
3219279,2019,0.5202412194164044,0.299313808394577,0.18044497218901856,2012-2018
3219283,2019,0.849621078792065,0.09245067379554489,0.05792824741239,2012-2018
3219294,2019,0.8846359781787844,0.06390381324985046,0.05146020857136512,2012-2018
3219269,2019,0.07135345769971037,0.03821804303922061,0.8904284992610689,2012-2018
3219259,2019,0.40085080967876285,0.1227120734629249,0.47643711685831225,2012-2018
3219262,2019,0.289346721352817,0.20238485617015142,0.5082684224770315,2012-2018
3219274,2019,0.7246315824696471,0.09834415061251289,0.17702426691783998,2012-2018
3219268,2019,0.30941621554420773,0.6181519489959713,0.07243183545982101,2012-2018
3219276,2019,0.08898889463914124,0.25748784544703496,0.6535232599138239,2012-2018
3219285,2019,0.241820226246325,0.4851851980240621,0.2729945757296129,2012-2018
3219287,2019,0.23080245376172254,0.3769974457570663,0.3922001004812111,2012-2018
3219272,2019,0.9227638605902724,0.0734685622339298,0.0037675771757978574,2012-2018
3219270,2019,0.5363750527599552,0.11302450295528249,0.3506004442847622,2012-2018
3219256,2019,0.33799871090715755,0.514597067178535,0.14740422191430744,2012-2018
3219250,2019,0.27720169215244783,0.5390675273014252,0.18373078054612693,2012-2018
3219258,2019,0.6392087091130779,0.2860356559114054,0.07475563497551678,2012-2018
3219255,2019,0.03647470893780402,0.6587188909154724,0.3048064001467237,2012-2018
3219275,2019,0.42233209890843676,0.3448695777263769,0.23279832336518627,2012-2018
3219263,2019,0.9710394683196601,0.02471689383926973,0.0042436378410702184,2012-2018
3219265,2019,0.20114131550685435,0.7240993305074329,0.07475935398571273,2012-2018
3219253,2019,0.40813399936221967,0.3346456266549137,0.2572203739828666,2012-2018
3219260,2019,0.07553798539063554,0.30525374680933565,0.6192082678000288,2012-2018
3219266,2019,0.2021081256906822,0.19798347330565044,0.5999084010036674,2012-2018
3219254,2019,0.40406373833031334,0.5083933904093021,0.08754287126038451,2012-2018
3219257,2019,0.16405117244703618,0.7573271300477694,0.07862169750519443,2012-2018
3219241,2019,0.5546377119902787,0.2583490370843454,0.18701325092537588,2012-2018
3219245,2019,0.28753804451500853,0.03395204432220809,0.6785099111627834,2012-2018
3219246,2019,0.22715050951010077,0.4516144566260923,0.3212350338638069,2012-2018
3219247,2019,0.2969643286105924,0.30614803712841815,0.3968876342609895,2012-2018
3219252,2019,0.6023262458729578,0.24852395654782067,0.14914979757922145,2012-2018
3219261,2019,0.973408522448004,0.025145325546849742,0.0014461520051461348,2012-2018
3219251,2019,0.7356665680769781,0.20847644032737683,0.05585699159564504,2012-2018
3219264,2019,0.300813855383096,0.16257533421435905,0.5366108104025449,2012-2018
3219234,2019,0.49831939647947643,0.3854790031579737,0.11620160036254988,2012-2018
3219236,2019,0.07796482083509167,0.20534065641465948,0.7166945227502489,2012-2018
3219237,2019,0.37161475033121016,0.10555387625368907,0.5228313734151008,2012-2018
3219238,2019,0.5030188598771079,0.3177704547355754,0.17921068538731663,2012-2018
3219244,2019,0.26632979820842545,0.4694718876591187,0.2641983141324557,2012-2018
3219249,2019,0.2751248681243958,0.5571829924361619,0.16769213943944236,2012-2018
3219239,2019,0.7401485474092665,0.2489377297052815,0.010913722885451985,2012-2018
3219240,2019,0.5302293924571555,0.44049696523123627,0.029273642311608245,2012-2018
3219243,2019,0.4742226152474275,0.4272372448789114,0.09854013987366107,2012-2018
3219248,2019,0.01444043542790911,0.25307325796738367,0.7324863066047073,2012-2018
3219288,2019,0.014239229785834967,0.5315268397486355,0.4542339304655297,2012-2018
3219227,2019,0.5498406782365037,0.37203261700625545,0.07812670475724082,2012-2018
3219220,2019,0.2947450763456112,0.6427872537106267,0.06246766994376208,2012-2018
3219222,2019,0.9481146378108158,0.03285106117198353,0.019034301017200602,2012-2018
3219226,2019,0.28817959824864525,0.674008408429665,0.03781199332168966,2012-2018
3219232,2019,0.4709620046829642,0.4386643451434737,0.09037365017356203,2012-2018
3219235,2019,0.13014417645534898,0.7564674682484549,0.11338835529619604,2012-2018
3219242,2019,0.40546781480997574,0.289380196641105,0.3051519885489192,2012-2018
3219231,2019,0.2362684844960898,0.47109552453498854,0.2926359909689217,2012-2018
3219228,2019,0.11082321705241178,0.14761392660170042,0.7415628563458879,2012-2018
3219233,2019,0.19731506436561502,0.6410097609243219,0.1616751747100631,2012-2018
3219208,2019,0.08211208115488593,0.7386485582179109,0.17923936062720328,2012-2018
3219223,2019,0.6075335653520383,0.2568917693690275,0.13557466527893422,2012-2018
3219221,2019,0.6397483127790374,0.21349549135180013,0.14675619586916236,2012-2018
3219187,2019,0.11400852985615284,0.2147310270789255,0.6712604430649216,2012-2018
3219224,2019,0.23445724092990627,0.6788020564839392,0.08674070258615438,2012-2018
3219230,2019,0.0027841580885021983,0.014308443253313362,0.9829073986581844,2012-2018
3219219,2019,0.198942292840631,0.16249454832557855,0.6385631588337906,2012-2018
3219225,2019,0.8312390799426692,0.11408519064370129,0.054675729413629505,2012-2018
3219218,2019,0.3094293338171521,0.5243496347516177,0.16622103143123027,2012-2018
3219229,2019,0.9655052176305262,0.03148108640826126,0.0030136959612124133,2012-2018
3219181,2019,0.514043888085148,0.10873247030457661,0.3772236416102753,2012-2018
3219185,2019,0.7036008683297473,0.17132273664965353,0.1250763950205992,2012-2018
3219182,2019,0.5772633062965602,0.1408264708738523,0.2819102228295875,2012-2018
3219216,2019,0.4010794886220459,0.3537709984959379,0.24514951288201617,2012-2018
3219193,2019,0.794240927821875,0.06489380025938923,0.14086527191873582,2012-2018
3219186,2019,0.8319613319244578,0.05448790706945221,0.11355076100609002,2012-2018
3219183,2019,0.9192526687821059,0.045440989867327114,0.035306341350566955,2012-2018
3219196,2019,0.8826074126440603,0.07001567294025787,0.04737691441568195,2012-2018
3219212,2019,0.8781723729685508,0.058395345993705605,0.06343228103774369,2012-2018
3219192,2019,0.9346489773553577,0.004624703610364864,0.0607263190342775,2012-2018
3219215,2019,0.33105442440917054,0.08693839301129826,0.5820071825795312,2012-2018
3219211,2019,0.4464973209575483,0.44095973566329155,0.11254294337916013,2012-2018
3219210,2019,0.019950005476433573,0.05274459654239579,0.9273053979811706,2012-2018
3219217,2019,0.19414649344261253,0.028029988900867275,0.7778235176565201,2012-2018
3219214,2019,0.4842851314543756,0.3453859798532293,0.17032888869239513,2012-2018
3219122,2019,0.810564751423281,0.06287042133304088,0.12656482724367815,2012-2018
3219202,2019,0.4528779607370686,0.2672506866578851,0.27987135260504625,2012-2018
3219209,2019,0.560155310565323,0.2687414232423954,0.17110326619228167,2012-2018
3219112,2019,0.6663543420457906,0.2916700415555004,0.041975616398709024,2012-2018
3219118,2019,0.11340710906016084,0.7304242228314562,0.15616866810838284,2012-2018
3219117,2019,0.8691061943965372,0.06759328485973634,0.06330052074372643,2012-2018
3219145,2019,0.6999042509945417,0.12420069268185559,0.1758950563236026,2012-2018
3219128,2019,0.9732746442135379,0.00042373886786851875,0.026301616918593625,2012-2018
3219133,2019,0.6785114457894833,0.256658861157363,0.06482969305315359,2012-2018
3219113,2019,0.4456210839606289,0.3578449238580299,0.19653399218134118,2012-2018
3219119,2019,0.6815481249433162,0.28710887104588423,0.031343004010799584,2012-2018
3219135,2019,0.6106046113831095,0.06521177843117669,0.3241836101857138,2012-2018
3219154,2019,0.8970697868745582,0.09549535492083436,0.007434858204607568,2012-2018
3219130,2019,0.9012252875977065,0.041023984541189884,0.057750727861103655,2012-2018
3219203,2019,0.7649694742647795,0.027495361688222912,0.20753516404699765,2012-2018
3219141,2019,0.7037253864588553,0.19780518991838394,0.09846942362276084,2012-2018
3219155,2019,0.6640206577433598,0.1723414719981602,0.16363787025848,2012-2018
3219153,2019,0.5333206659517109,0.0940370148171647,0.3726423192311244,2012-2018
3219164,2019,0.16237431385788867,0.01278063074981105,0.8248450553923002,2012-2018
3219140,2019,0.009704038078468553,0.0014942415943903806,0.9888017203271411,2012-2018
3219144,2019,0.21637590997610395,0.2203886390447713,0.5632354509791249,2012-2018
3219150,2019,0.3790901845695189,0.06557852393319202,0.5553312914972891,2012-2018
3219138,2019,0.3071226748149595,0.10136013082866835,0.5915171943563721,2012-2018
3219142,2019,0.0034359204965993917,0.03312986554165444,0.9634342139617461,2012-2018
3219169,2019,0.9001126117022816,0.05174448963069141,0.04814289866702705,2012-2018
3219159,2019,0.8484646984449579,0.1153218686693673,0.036213432885674884,2012-2018
3219160,2019,0.937157808715736,0.05120456156001963,0.011637629724244473,2012-2018
3219161,2019,0.9827930912393872,0.0076293017254219775,0.009577607035190824,2012-2018
3219184,2019,0.5469670767941285,0.19714170485183125,0.2558912183540403,2012-2018
3219167,2019,0.5641758455294775,0.2769541156104355,0.15887003886008694,2012-2018
3219175,2019,0.8780600096024005,0.06361728040651608,0.058322709991083514,2012-2018
3219170,2019,0.05132070106634216,0.2528462932911669,0.6958330056424908,2012-2018
3219158,2019,0.5052895085873244,0.22267523160308644,0.27203525980958915,2012-2018
3219165,2019,0.39834753250183,0.3531215279819666,0.24853093951620342,2012-2018
3219168,2019,0.29570884110020906,0.06735731793137383,0.6369338409684172,2012-2018
3219179,2019,0.11428401097713067,0.06773220517129433,0.817983783851575,2012-2018
3219172,2019,0.3625840468382018,0.41073462182294024,0.2266813313388579,2012-2018
3219213,2019,0.48651482738680485,0.2322904506791756,0.2811947219340195,2012-2018
3219171,2019,0.07680168835715093,0.2529868176986395,0.6702114939442095,2012-2018
3219178,2019,0.23692588811772905,0.17400000163448046,0.5890741102477905,2012-2018
3219174,2019,0.15203623480909909,0.629099850170463,0.218863915020438,2012-2018
3219195,2019,0.24171251780664835,0.29353129527793836,0.4647561869154134,2012-2018
3219173,2019,0.9142427976449764,0.01683896448324177,0.06891823787178188,2012-2018
3219176,2019,0.10708320910011834,0.7014329111439075,0.19148387975597408,2012-2018
3219180,2019,0.5478004220487983,0.23027294476640284,0.2219266331847989,2012-2018
3219125,2019,0.560736888496599,0.37727288755063776,0.06199022395276329,2012-2018
3219191,2019,0.7949939580531795,0.18201086962588992,0.022995172320930523,2012-2018
3219204,2019,0.9105015816919897,0.03471726132989098,0.054781156978119375,2012-2018
3219205,2019,0.45557184863299605,0.20184882902112192,0.3425793223458819,2012-2018
3219207,2019,0.1369904875530375,0.11979899076411991,0.7432105216828426,2012-2018
3219188,2019,0.6117606742579428,0.23404341237035145,0.15419591337170577,2012-2018
3219189,2019,0.9340703215555096,0.018226516313768832,0.04770316213072151,2012-2018
3219199,2019,0.0902385184543702,0.38334282727747926,0.5264186542681505,2012-2018
3219201,2019,0.4598357074264329,0.46425595278727044,0.07590833978629662,2012-2018
3219190,2019,0.45220018599949074,0.3321420035442422,0.2156578104562669,2012-2018
3219200,2019,0.5597473404143299,0.1592235947423692,0.28102906484330087,2012-2018
3219115,2019,0.08226022932878632,0.06793301399864322,0.8498067566725704,2012-2018
3219198,2019,0.19747730994569238,0.2571316652016113,0.5453910248526964,2012-2018
3219114,2019,0.20958540149275007,0.686105145963941,0.104309452543309,2012-2018
3219131,2019,0.9723617084103797,0.019642476679502866,0.007995814910117409,2012-2018
3219194,2019,0.4437677560846156,0.4799575159580644,0.07627472795732007,2012-2018
3219206,2019,0.04923738073223508,0.44932210024385766,0.5014405190239072,2012-2018
3219109,2019,0.07207864553471795,0.8221385755523333,0.10578277891294884,2012-2018
3219116,2019,0.04720703964720506,0.16131040109601139,0.7914825592567836,2012-2018
3219197,2019,0.07337060925901148,0.43342971413267944,0.4931996766083091,2012-2018
3219120,2019,0.04656820150263635,0.011905479983030834,0.9415263185143328,2012-2018
3219124,2019,0.9720106291549,0.01985823553188268,0.008131135313217411,2012-2018
3219107,2019,0.17111016859710054,0.33030233950502663,0.4985874918978728,2012-2018
3219148,2019,0.12897677792199008,0.2591066302293692,0.6119165918486408,2012-2018
3219123,2019,0.2705622136877679,0.39786122524257317,0.33157656106965894,2012-2018
3219106,2019,0.013286326181870556,0.15236782945650926,0.8343458443616202,2012-2018
3219110,2019,0.24371901193877332,0.6735465462599898,0.0827344418012368,2012-2018
3219111,2019,0.5764232590732841,0.1408394669649471,0.28273727396176884,2012-2018
3219134,2019,0.16684079477760536,0.7761548929941647,0.05700431222822989,2012-2018
3219121,2019,0.9240287863859535,0.05227216029289234,0.02369905332115424,2012-2018
3219137,2019,0.8310336801333235,0.040986492017453344,0.1279798278492233,2012-2018
3219129,2019,0.31140078778267816,0.5985022895441632,0.09009692267315857,2012-2018
3219132,2019,0.33069888482111287,0.04183007952063788,0.6274710356582492,2012-2018
3219136,2019,0.8307047427063058,0.12072177889990178,0.04857347839379243,2012-2018
3219152,2019,0.10884881422525444,0.2973218112865381,0.5938293744882075,2012-2018
3219127,2019,0.690605012486834,0.2180091145230272,0.0913858729901388,2012-2018
3219139,2019,0.5177197633750187,0.20498120607481168,0.2772990305501696,2012-2018
3219143,2019,0.04670301339240954,0.09545209134394346,0.8578448952636472,2012-2018
3219166,2019,0.9011496667862754,0.058326364027167586,0.04052396918655691,2012-2018
3219126,2019,0.4857005632286746,0.26948223632121526,0.24481720045011005,2012-2018
3219177,2019,0.2101697663004158,0.211251171805728,0.5785790618938562,2012-2018
3219146,2019,0.10388553773067843,0.7173984993965201,0.1787159628728014,2012-2018
3219156,2019,0.4324130684459064,0.3579624498031378,0.20962448175095583,2012-2018
3219151,2019,0.7538177678329335,0.08396947459499163,0.16221275757207476,2012-2018
3219157,2019,0.6616713876074948,0.265533217606676,0.07279539478582923,2012-2018
3219147,2019,0.5713770771101379,0.3808287397172224,0.04779418317263976,2012-2018
3219101,2019,0.12293843655026881,0.5478193356757838,0.32924222777394735,2012-2018
3219149,2019,0.03485655719081886,0.10096537217484569,0.8641780706343354,2012-2018
3219162,2019,0.686972387264186,0.17454785161147984,0.13847976112433422,2012-2018
3219163,2019,0.757595053959104,0.04114761512783302,0.20125733091306303,2012-2018
3219099,2019,0.9944680986367379,0.0019287152387603053,0.0036031861245019088,2012-2018
3219100,2019,0.24022520006703021,0.19495318658350055,0.5648216133494692,2012-2018
3219096,2019,0.3490801757579495,0.09956906515746557,0.551350759084585,2012-2018
3219098,2019,0.27831676615763923,0.5065853119356051,0.21509792190675567,2012-2018
3219097,2019,0.8721005731998959,0.050423978757728284,0.07747544804237594,2012-2018
3219108,2019,0.7214903075920455,0.07936888304798148,0.199140809359973,2012-2018
3219104,2019,0.15229151256302143,0.20970151209069873,0.6380069753462799,2012-2018
3219105,2019,0.07947173105036527,0.7358598758180894,0.18466839313154523,2012-2018
3219103,2019,0.5565674326690598,0.2513517534793587,0.1920808138515816,2012-2018
3219102,2019,0.029999645273003025,0.06667999107010678,0.9033203636568902,2012-2018
3421727,2020,0.20088913114554938,0.3674290482000537,0.431681820654397,2012-2019
3421728,2020,0.9974808551666088,0.00039123816302653685,0.002127906670364579,2012-2019
3421723,2020,0.4902754543944928,0.43953269534882583,0.07019185025668147,2012-2019
3421730,2020,0.1375176063971486,0.5392617032897424,0.3232206903131089,2012-2019
3421732,2020,0.2822259546968391,0.5252362697282025,0.19253777557495833,2012-2019
3421725,2020,0.9107872668924065,0.02091478171844616,0.06829795138914736,2012-2019
3421742,2020,0.41269080796347013,0.4555794950868171,0.13172969694971265,2012-2019
3421734,2020,0.17358518277446416,0.3544690339699643,0.47194578325557157,2012-2019
3421737,2020,0.5088274259193472,0.43055835384331365,0.060614220237339256,2012-2019
3421740,2020,0.027866010217621008,0.17757784419370906,0.7945561455886699,2012-2019
3421733,2020,0.38126060306875287,0.5793797496299457,0.03935964730130153,2012-2019
3421738,2020,0.2971163888569989,0.652526966468572,0.050356644674429046,2012-2019
3421739,2020,0.3013267270677313,0.2987872221473427,0.39988605078492595,2012-2019
3421741,2020,0.7602533364058381,0.21367191070964311,0.02607475288451879,2012-2019
3421735,2020,0.7610734745940307,0.14829279150172542,0.0906337339042439,2012-2019
3421736,2020,0.11381539795833416,0.10685990941064373,0.7793246926310221,2012-2019
3421744,2020,0.9571855307679557,0.038197210031291916,0.004617259200752555,2012-2019
3421750,2020,0.26818914782277975,0.44918658851202836,0.28262426366519194,2012-2019
3421745,2020,0.9425861665189066,0.018816461722621306,0.03859737175847217,2012-2019
3421746,2020,0.21003129073245227,0.14828852170352522,0.6416801875640227,2012-2019
3421747,2020,0.8182579491618432,0.14259983789167385,0.03914221294648304,2012-2019
3421752,2020,0.6251798609169427,0.3551596131987842,0.019660525884273212,2012-2019
3421743,2020,0.30050568578773107,0.14115849431106375,0.5583358199012051,2012-2019
3421748,2020,0.8468195695602109,0.08466196151957144,0.06851846892021775,2012-2019
3421749,2020,0.18384825903757515,0.5979731349524546,0.2181786060099702,2012-2019
3421751,2020,0.20810005157764136,0.22021755727291212,0.5716823911494465,2012-2019
3421753,2020,0.5613273749719322,0.4285900751405819,0.010082549887485968,2012-2019
3421758,2020,0.9636553540077781,0.02639153858517256,0.009953107407049227,2012-2019
3421759,2020,0.18699810677577694,0.08452763741050998,0.7284742558137131,2012-2019
3421761,2020,0.8777480106684148,0.08770358343524996,0.034548405896335385,2012-2019
3421755,2020,0.6113080667962569,0.1811870828853839,0.2075048503183591,2012-2019
3421756,2020,0.23701644491305998,0.6799542813291731,0.08302927375776693,2012-2019
3421757,2020,0.3116225697014031,0.5136566191750916,0.17472081112350535,2012-2019
3421760,2020,0.14912135198780535,0.35955069162655084,0.49132795638564375,2012-2019
3421754,2020,0.026051676987447432,0.5572825391422391,0.4166657838703135,2012-2019
3421762,2020,0.10274650192956758,0.5497226812403805,0.34753081683005194,2012-2019
3421766,2020,0.5250143717966947,0.3715992838453547,0.10338634435795058,2012-2019
3421764,2020,0.1834757573151265,0.5526136070426578,0.26391063564221573,2012-2019
3421767,2020,0.4200280319685863,0.320831211864913,0.25914075616650073,2012-2019
3421769,2020,0.7786782172229136,0.1467458447779737,0.07457593799911273,2012-2019
3421771,2020,0.4681420497055494,0.02244627642015566,0.509411673874295,2012-2019
3421763,2020,0.4387403844669046,0.3754902406802255,0.18576937485286985,2012-2019
3421765,2020,0.3882096641899187,0.4738662362542455,0.13792409955583573,2012-2019
3421770,2020,0.22732391484717215,0.6533545429370642,0.1193215422157637,2012-2019
3421768,2020,0.8553753251169012,0.0994752832641013,0.04514939161899764,2012-2019
3421772,2020,0.8750128861776262,0.018421265173791612,0.10656584864858211,2012-2019
3421775,2020,0.2285430508708219,0.08807360653646218,0.6833833425927159,2012-2019
3421776,2020,0.546684147824338,0.44137877493880623,0.011937077236855791,2012-2019
3421778,2020,0.8809591177791962,0.08433408054334557,0.034706801677458175,2012-2019
3421782,2020,0.3178964257060113,0.26415075417915324,0.41795282011483553,2012-2019
3421780,2020,0.6259279382834695,0.3027520390691877,0.07132002264734276,2012-2019
3421781,2020,0.35596265620485656,0.0769146955921256,0.5671226482030178,2012-2019
3421777,2020,0.40271693299331496,0.5372906091383347,0.059992457868350335,2012-2019
3421779,2020,0.02490857342285815,0.08462065107062552,0.8904707755065164,2012-2019
3421774,2020,0.2962374102438545,0.09386352801447007,0.6098990617416754,2012-2019
3421787,2020,0.38238530876935767,0.186116891257279,0.4314977999733633,2012-2019
3421785,2020,0.25702979046541435,0.6794057408990646,0.06356446863552105,2012-2019
3421789,2020,0.4918320719612605,0.364446132159044,0.14372179587969552,2012-2019
3421790,2020,0.40610581111129523,0.18566292250750968,0.40823126638119506,2012-2019
3421792,2020,0.3063109075122159,0.3410204588752031,0.35266863361258094,2012-2019
3421783,2020,0.5933336134048504,0.30387037797072614,0.10279600862442352,2012-2019
3421791,2020,0.9984956070273082,0.0013166428150183606,0.0001877501576733707,2012-2019
3421784,2020,0.1471704257688871,0.017919191399771297,0.8349103828313417,2012-2019
3421788,2020,0.8978969317488471,0.0712965095922877,0.03080655865886528,2012-2019
3421786,2020,0.023441498572840416,0.23378617492285875,0.7427723265043008,2012-2019
3421800,2020,0.4487678715850174,0.4287373577280751,0.12249477068690758,2012-2019
3421802,2020,0.692208803186321,0.15937959899687937,0.14841159781679966,2012-2019
3421793,2020,0.659831014075544,0.2254740600112477,0.11469492591320819,2012-2019
3421795,2020,0.35471565060568755,0.5530511979627465,0.09223315143156599,2012-2019
3421796,2020,0.40998113648326606,0.22743081784858984,0.36258804566814407,2012-2019
3421797,2020,0.5533988724381572,0.26158232099234413,0.18501880656949873,2012-2019
3421799,2020,0.348901573873935,0.23250207087886346,0.4185963552472015,2012-2019
3421801,2020,0.1979617131778603,0.7232440450908332,0.07879424173130657,2012-2019
3421794,2020,0.49937520476495467,0.32805643963445735,0.172568355600588,2012-2019
3421798,2020,0.029174035306086827,0.5782520748002483,0.3925738898936649,2012-2019
3421809,2020,0.49384800901397685,0.47628233788049984,0.02986965310552333,2012-2019
3421810,2020,0.4667578369478711,0.5175466948429142,0.015695468209214778,2012-2019
3421806,2020,0.36915456372726224,0.23103155404466705,0.3998138822280707,2012-2019
3421807,2020,0.8213605041016785,0.16383661509095826,0.014802880807363314,2012-2019
3421808,2020,0.6278224810086223,0.0918827554830494,0.28029476350832827,2012-2019
3421803,2020,0.7415544061435685,0.16193021632049587,0.0965153775359356,2012-2019
3421812,2020,0.1341737104320802,0.06593228200741451,0.7998940075605052,2012-2019
3421811,2020,0.5743399732681465,0.27752381150432504,0.1481362152275285,2012-2019
3421804,2020,0.3704346962135964,0.08244792358065722,0.5471173802057464,2012-2019
3421805,2020,0.3290785924887038,0.24570756073125596,0.42521384678004015,2012-2019
3421813,2020,0.3024131974706433,0.5627937159061966,0.13479308662316003,2012-2019
3421814,2020,0.8130336360080532,0.18096632527006096,0.0060000387218858255,2012-2019
3421815,2020,0.06801354119130681,0.15225465469065227,0.7797318041180409,2012-2019
3421817,2020,0.43547767462736914,0.18401839924029698,0.3805039261323338,2012-2019
3421819,2020,0.4594718877709973,0.5144609493740264,0.02606716285497624,2012-2019
3421820,2020,0.07293524047214527,0.4084684593957217,0.518596300132133,2012-2019
3421816,2020,0.8383671142912495,0.049163883244054976,0.11246900246469545,2012-2019
3421818,2020,0.9941723364684628,0.005308044834418051,0.0005196186971190668,2012-2019
3421821,2020,0.6713627007680709,0.19862760099954332,0.13000969823238578,2012-2019
3421822,2020,0.31341912327600485,0.31924599714710816,0.36733487957688704,2012-2019
3421825,2020,0.16619892950632634,0.7270954577324877,0.10670561276118595,2012-2019
3421826,2020,0.40295136881657734,0.2125799618412596,0.3844686693421631,2012-2019
3421824,2020,0.5228706020980958,0.364941291460917,0.11218810644098721,2012-2019
3421823,2020,0.5584213579479104,0.2766649970011858,0.1649136450509039,2012-2019
3421828,2020,0.7733857051486984,0.11763749969134306,0.10897679515995849,2012-2019
3421832,2020,0.3397704412856103,0.0970975507479942,0.5631320079663956,2012-2019
3421830,2020,0.4339688650438749,0.4715781859034192,0.09445294905270592,2012-2019
3421829,2020,0.0651272140366981,0.35398676021644776,0.5808860257468541,2012-2019
3421837,2020,0.19026630952255655,0.6806763426940774,0.129057347783366,2012-2019
3421838,2020,0.6878819041610069,0.2615830748151866,0.050535021023806505,2012-2019
3421833,2020,0.26352153626387426,0.33157943927990047,0.4048990244562254,2012-2019
3421836,2020,0.8972397344165565,0.06513447114506188,0.03762579443838177,2012-2019
3421841,2020,0.7424796730967628,0.11889891238232185,0.13862141452091536,2012-2019
3421842,2020,0.41972839159781533,0.3313573482257029,0.24891426017648183,2012-2019
3421835,2020,0.5928544109040997,0.3457930925801898,0.06135249651571043,2012-2019
3421839,2020,0.49695542790110153,0.11352924679157085,0.3895153253073275,2012-2019
3421840,2020,0.40243918045575966,0.16046314859578417,0.43709767094845625,2012-2019
3420828,2020,0.09524310251166943,0.1007614005818462,0.8039954969064844,2012-2019
3421848,2020,0.2978677376320686,0.22956065946441648,0.47257160290351485,2012-2019
3421850,2020,0.490433718631744,0.33364197902941845,0.17592430233883743,2012-2019
3421831,2020,0.9269494194729052,0.05266966820386578,0.020380912323229052,2012-2019
3421852,2020,0.6603455894894342,0.16698475845077404,0.17266965205979176,2012-2019
3421843,2020,0.49866534936254064,0.32286835759008564,0.17846629304737374,2012-2019
3421855,2020,0.36426918758071114,0.07305213900454176,0.5626786734147472,2012-2019
3421856,2020,0.7759247874586203,0.10418467238677874,0.11989054015460086,2012-2019
3421857,2020,0.18712297707826261,0.5987617837918496,0.2141152391298877,2012-2019
3421861,2020,0.44675596200549533,0.08708871198739285,0.46615532600711174,2012-2019
3421862,2020,0.525097231982814,0.44320331078960074,0.031699457227585215,2012-2019
3421858,2020,0.6991600032127543,0.08746046250872933,0.21337953427851647,2012-2019
3421859,2020,0.5588377406944968,0.27768428954569013,0.16347796975981307,2012-2019
3421860,2020,0.1501224381839531,0.10777633560619908,0.7421012262098479,2012-2019
3421853,2020,0.5149511166319377,0.1355856533983241,0.3494632299697383,2012-2019
3421847,2020,0.3872027776892883,0.4732390525252933,0.13955816978541832,2012-2019
3421849,2020,0.5858968038537559,0.2226334959925333,0.19146970015371093,2012-2019
3420829,2020,0.3609473569154081,0.3180069970508133,0.32104564603377866,2012-2019
3421845,2020,0.11018313871677933,0.05713345258564436,0.8326834086975763,2012-2019
3421851,2020,0.8186703791558076,0.14433466238451007,0.036994958459682335,2012-2019
3421773,2020,0.725391183276012,0.24422415121526975,0.030384665508718142,2012-2019
3429687,2020,0.18731288792985468,0.10818004733598124,0.704507064734164,2012-2019
3429689,2020,0.7266264842155802,0.13116330573301718,0.14221021005140264,2012-2019
3429690,2020,0.1684693398396556,0.34321605512937836,0.488314605030966,2012-2019
3429691,2020,0.680503596049847,0.24073400662659614,0.07876239732355679,2012-2019
3429683,2020,0.5711595819348958,0.31579437806778726,0.11304603999731691,2012-2019
3429684,2020,0.4839003450967052,0.11910011932502285,0.396999535578272,2012-2019
3429685,2020,0.32511998748838944,0.32834685977309735,0.3465331527385132,2012-2019
3429686,2020,0.9900925316352117,0.0020629011649152796,0.007844567199872967,2012-2019
3429688,2020,0.8021883288461561,0.12952663534243455,0.06828503581140942,2012-2019
3429692,2020,0.27686833161741464,0.5092671871377735,0.21386448124481178,2012-2019
3429693,2020,0.7107967188155369,0.20261186016074206,0.08659142102372104,2012-2019
3429696,2020,0.487649824391182,0.20537738361906702,0.306972791989751,2012-2019
3429697,2020,0.5740281789444116,0.23866273389370715,0.1873090871618812,2012-2019
3429699,2020,0.9863439336755598,0.01272970690892016,0.0009263594155199281,2012-2019
3429700,2020,0.5051772098860363,0.34946279391931234,0.1453599961946513,2012-2019
3429701,2020,0.8328320301502944,0.08082591106242448,0.08634205878728116,2012-2019
3429694,2020,0.27100056555976515,0.3526872629007739,0.37631217153946095,2012-2019
3429695,2020,0.42213831006214464,0.11116490571266667,0.4666967842251886,2012-2019
3429698,2020,0.47998059955019695,0.33451168532337133,0.1855077151264318,2012-2019
3429702,2020,0.3950135134400634,0.3672226093986294,0.2377638771613072,2012-2019
3429707,2020,0.4053892040720569,0.5139191163036042,0.0806916796243389,2012-2019
3429708,2020,0.5790225012615801,0.3713406464434153,0.049636852295004634,2012-2019
3429709,2020,0.39742679434346956,0.16700771257736083,0.4355654930791697,2012-2019
3429711,2020,0.4318324404354868,0.35623241895378127,0.21193514061073201,2012-2019
3429704,2020,0.19609434171970697,0.09399885828102603,0.709906799999267,2012-2019
3429703,2020,0.2809275055637606,0.45310845899601615,0.2659640354402233,2012-2019
3429705,2020,0.17471054205662673,0.23478347530898638,0.5905059826343869,2012-2019
3429710,2020,0.8867692371742634,0.08725759688644248,0.02597316593929417,2012-2019
3429706,2020,0.3586901966187392,0.6117369911936489,0.0295728121876119,2012-2019
3429712,2020,0.3120987070927886,0.556740780744982,0.13116051216222943,2012-2019
3429718,2020,0.8245901392510044,0.07464051227032292,0.10076934847867261,2012-2019
3429719,2020,0.7180136531737749,0.08416013563363707,0.19782621119258806,2012-2019
3429713,2020,0.41834622894271256,0.49548159439353523,0.08617217666375222,2012-2019
3429714,2020,0.07927882434645396,0.5986747760469311,0.322046399606615,2012-2019
3429715,2020,0.2337579155389704,0.47488553146592466,0.291356552995105,2012-2019
3429717,2020,0.5398003291139823,0.09511834123755358,0.36508132964846407,2012-2019
3429720,2020,0.2538919380666743,0.08174330349929768,0.664364758434028,2012-2019
3429721,2020,0.7755845193359807,0.13678961277719737,0.087625867886822,2012-2019
3429722,2020,0.22867509918698156,0.34046890881088765,0.43085599200213076,2012-2019
3429716,2020,0.7560153588964206,0.14071108160606033,0.10327355949751903,2012-2019
3429724,2020,0.3098508526479709,0.39765173083617805,0.292497416515851,2012-2019
3429726,2020,0.4089391143053172,0.3842540230168763,0.20680686267780646,2012-2019
3429728,2020,0.46104564098910106,0.40396713621703184,0.1349872227938671,2012-2019
3429729,2020,0.620927105253185,0.21260894686319462,0.16646394788362048,2012-2019
3429723,2020,0.2828613630142645,0.5078800209914361,0.20925861599429935,2012-2019
3429727,2020,0.7830838706134833,0.11321513637651481,0.10370099301000191,2012-2019
3429730,2020,0.377559859016887,0.29812708095876816,0.32431306002434485,2012-2019
3429731,2020,0.2657609611048752,0.3974239446471279,0.33681509424799694,2012-2019
3429725,2020,0.4601245021998624,0.26670138330577275,0.2731741144943649,2012-2019
3429732,2020,0.8415783752098622,0.09055958322358339,0.06786204156655436,2012-2019
3421827,2020,0.7634845887019249,0.11180105890074785,0.12471435239732725,2012-2019
3421834,2020,0.22254618016206776,0.40096920989923535,0.3764846099386968,2012-2019
3429742,2020,0.5783848744945586,0.30986286595503315,0.11175225955040821,2012-2019
3429736,2020,0.6436015851465642,0.3536840909970906,0.0027143238563452597,2012-2019
3429737,2020,0.7113380849021012,0.21849750112871028,0.07016441396918853,2012-2019
3429738,2020,0.9148589320369903,0.0653050303419516,0.019836037621057998,2012-2019
3429740,2020,0.43552468722415905,0.37751079420643585,0.18696451856940507,2012-2019
3429733,2020,0.34283509272913737,0.3670876280808148,0.2900772791900479,2012-2019
3429734,2020,0.42409517013771253,0.4332403124957152,0.14266451736657212,2012-2019
3429739,2020,0.9645214548085804,0.02766505451302458,0.007813490678394925,2012-2019
3429741,2020,0.4748608200552197,0.2368886109076881,0.2882505690370922,2012-2019
3429735,2020,0.848879305793444,0.09301284976514307,0.05810784444141291,2012-2019
3421846,2020,0.30036006505337404,0.6294643478751287,0.07017558707149729,2012-2019
3429746,2020,0.19369266748688627,0.7549441799805634,0.05136315253255023,2012-2019
3429748,2020,0.9442130351963617,0.049134551682665256,0.006652413120973031,2012-2019
3429749,2020,0.6521751455935907,0.18440830559157712,0.16341654881483228,2012-2019
3429752,2020,0.7034391302416424,0.11531350544872614,0.18124736430963154,2012-2019
3429743,2020,0.39550201425970377,0.24100137015786788,0.3634966155824284,2012-2019
3429744,2020,0.3253908799514333,0.6317676322534049,0.042841487795161795,2012-2019
3429747,2020,0.3545983307383325,0.5247535475086758,0.12064812175299161,2012-2019
3429750,2020,0.5126918911578601,0.1158748369234303,0.3714332719187097,2012-2019
3429751,2020,0.39106531993304083,0.49306708542959427,0.1158675946373649,2012-2019
3429745,2020,0.8542502131735433,0.09740510464996759,0.04834468217648904,2012-2019
3429778,2020,0.9271858490814681,0.03176396832916758,0.04105018258936433,2012-2019
3429774,2020,0.4520267961517337,0.060380526915955725,0.4875926769323106,2012-2019
3429775,2020,0.21883399289932548,0.024730903762501224,0.7564351033381733,2012-2019
3429779,2020,0.6489369059365426,0.027451974114716945,0.32361111994874037,2012-2019
3429777,2020,0.6902464695773514,0.2564346363409941,0.0533188940816544,2012-2019
3429781,2020,0.8346299395620491,0.015365883812040355,0.15000417662591045,2012-2019
3429815,2020,0.35882289166594333,0.1569472754911806,0.4842298328428762,2012-2019
3429753,2020,0.22954010180092047,0.6462155762844214,0.12424432191465808,2012-2019
3429754,2020,0.48977085183586716,0.17121693754201897,0.33901221062211395,2012-2019
3429755,2020,0.5561074801112039,0.12537325542951944,0.3185192644592766,2012-2019
3429759,2020,0.5448689368255494,0.2834176852888907,0.17171337788555985,2012-2019
3429757,2020,0.803087781076215,0.1849182365938212,0.011993982329963692,2012-2019
3429758,2020,0.9296572775932957,0.04598983374709292,0.024352888659611258,2012-2019
3429760,2020,0.8379736107751126,0.08031524645212659,0.08171114277276083,2012-2019
3429761,2020,0.573884872210418,0.1112542508061121,0.31486087698347,2012-2019
3429756,2020,0.9572004155881089,0.03453852737928947,0.008261057032601556,2012-2019
3429762,2020,0.7174630165033898,0.18209699056415943,0.10043999293245083,2012-2019
3429819,2020,0.7372083669693051,0.23413014930508114,0.028661483725613716,2012-2019
3429770,2020,0.5462244921147235,0.3043237807251951,0.14945172716008148,2012-2019
3429764,2020,0.7726739009066517,0.19978222073483232,0.027543878358516002,2012-2019
3429765,2020,0.8203450498961297,0.1623066733760035,0.017348276727866888,2012-2019
3429766,2020,0.02730489742505668,0.03134291089252407,0.9413521916824192,2012-2019
3429767,2020,0.15012509458894993,0.4656866868343877,0.3841882185766624,2012-2019
3429763,2020,0.5543390892413003,0.23978638328084972,0.20587452747785004,2012-2019
3429768,2020,0.985833700708859,0.008442586817175536,0.0057237124739654074,2012-2019
3429769,2020,0.927962176049443,0.0268359925932389,0.04520183135731814,2012-2019
3429771,2020,0.4900137771230238,0.12820734388330554,0.3817788789936707,2012-2019
3429772,2020,0.1303743018540343,0.08602749974139956,0.7835981984045662,2012-2019
3429776,2020,0.16587393864784733,0.0910447099549755,0.7430813513971772,2012-2019
3429773,2020,0.8202439313549403,0.08470182788435338,0.0950542407607062,2012-2019
3421844,2020,0.5203943065171025,0.22498805717478657,0.2546176363081109,2012-2019
3429782,2020,0.4901471105256404,0.2781700483005108,0.23168284117384882,2012-2019
3429785,2020,0.5778151870483119,0.10473192525312244,0.31745288769856556,2012-2019
3429787,2020,0.8507919850934579,0.028939709784991236,0.12026830512155093,2012-2019
3429783,2020,0.8840911755342676,0.08325254653823934,0.032656277927493066,2012-2019
3429788,2020,0.15703877144982745,0.3112328876248817,0.5317283409252909,2012-2019
3429789,2020,0.8453467975427502,0.021694308926756747,0.13295889353049298,2012-2019
3429784,2020,0.524102039064224,0.43074745647703955,0.04515050445873652,2012-2019
3429791,2020,0.580278748199986,0.3994134839980695,0.02030776780194459,2012-2019
3429790,2020,0.8332037852621489,0.011359680599439394,0.15543653413841166,2012-2019
3429786,2020,0.5883671378992849,0.38649773451732605,0.025135127583388966,2012-2019
3429792,2020,0.23211181045541115,0.11276722604113745,0.6551209635034515,2012-2019
3429796,2020,0.23548031073092976,0.28104979695415033,0.4834698923149198,2012-2019
3429795,2020,0.7053430339703611,0.15701495969145599,0.13764200633818294,2012-2019
3429797,2020,0.4458199633653252,0.3828074454579297,0.17137259117674514,2012-2019
3429798,2020,0.9529604721081204,0.044467795834927853,0.0025717320569518098,2012-2019
3429794,2020,0.3922941515743991,0.23284129037855972,0.3748645580470413,2012-2019
3429799,2020,0.025409081639698603,0.06255998597355816,0.9120309323867432,2012-2019
3429800,2020,0.6863329859536212,0.13184498030078462,0.18182203374559408,2012-2019
3429802,2020,0.4082994690991745,0.44241196592359494,0.1492885649772307,2012-2019
3429793,2020,0.18361174615600817,0.2995609007590145,0.5168273530849773,2012-2019
3429801,2020,0.5229387040233059,0.2666538566839407,0.21040743929275343,2012-2019
3429806,2020,0.45723051903370293,0.3433169923869651,0.19945248857933207,2012-2019
3429810,2020,0.33105232663866646,0.2557265240128901,0.4132211493484435,2012-2019
3429812,2020,0.5118939965475598,0.29841814010175877,0.18968786335068127,2012-2019
3429803,2020,0.7112221758450167,0.26715055828717676,0.02162726586780666,2012-2019
3429809,2020,0.966156512654846,0.010644278796317606,0.023199208548836312,2012-2019
3429807,2020,0.3417493818161919,0.3430950478294109,0.3151555703543971,2012-2019
3429805,2020,0.6471910211689667,0.20427346535736038,0.14853551347367291,2012-2019
3429780,2020,0.5399819511356283,0.2941537487701527,0.16586430009421907,2012-2019
3429804,2020,0.0661204914613531,0.09842814233782315,0.8354513662008238,2012-2019
3429808,2020,0.9718974585770347,0.027503497691550034,0.0005990437314151811,2012-2019
3429813,2020,0.15054747933189994,0.7715523270713366,0.07790019359676348,2012-2019
3429818,2020,0.5822407213225039,0.39548411849300474,0.022275160184491317,2012-2019
3429820,2020,0.6564076331167009,0.12817626243949162,0.2154161044438074,2012-2019
3429821,2020,0.24791952095110772,0.49662569622342384,0.2554547828254685,2012-2019
3429814,2020,0.7879856771782402,0.1616388499664222,0.05037547285533754,2012-2019
3429816,2020,0.13874841525445122,0.4164182443034426,0.4448333404421061,2012-2019
3429822,2020,0.13537943616053572,0.6194958563111508,0.24512470752831353,2012-2019
3429817,2020,0.8332059131265848,0.14902782083977612,0.01776626603363905,2012-2019
3429830,2020,0.0993659667895093,0.2928307530638149,0.6078032801466757,2012-2019
3429823,2020,0.5031410802055217,0.17246798756689125,0.3243909322275871,2012-2019
3429825,2020,0.8376578423070907,0.03328573884294404,0.12905641884996524,2012-2019
3429826,2020,0.10682435163369466,0.19756173813505154,0.6956139102312539,2012-2019
3429827,2020,0.3422156893281337,0.136310855344181,0.5214734553276853,2012-2019
3429829,2020,0.3950477187896411,0.17734535084347633,0.42760693036688247,2012-2019
3429831,2020,0.914225697183016,0.04872645783423678,0.03704784498274724,2012-2019
3429824,2020,0.1755126774871082,0.2234021550298419,0.60108516748305,2012-2019
3429832,2020,0.1630500771987939,0.4450119421393655,0.3919379806618406,2012-2019
3429837,2020,0.7983006431395475,0.13912725177993743,0.06257210508051499,2012-2019
3429836,2020,0.19693699841795903,0.1286227444553707,0.6744402571266702,2012-2019
3429838,2020,0.6612530489442303,0.2521313618255996,0.08661558923017011,2012-2019
3429839,2020,0.3760751412964514,0.5827150120413729,0.04120984666217573,2012-2019
3429840,2020,0.36508615092781405,0.20806188877521328,0.42685196029697264,2012-2019
3429833,2020,0.35276515156587906,0.5876188156561089,0.05961603277801216,2012-2019
3429834,2020,0.5829594361395276,0.0828641960804193,0.33417636778005316,2012-2019
3429841,2020,0.24237801885161167,0.6939653347005752,0.06365664644781308,2012-2019
3429842,2020,0.4057326456669387,0.5359263070071802,0.05834104732588111,2012-2019
3429835,2020,0.10100377898894443,0.16721577574331378,0.7317804452677417,2012-2019
3429811,2020,0.2373745352330344,0.7104891274174723,0.05213633734949332,2012-2019
3429846,2020,0.5679347912437841,0.219428190699009,0.21263701805720694,2012-2019
3429848,2020,0.4787994819716624,0.33479705744700816,0.18640346058132956,2012-2019
3421854,2020,0.4467611272504628,0.30431252332052783,0.24892634942900946,2012-2019
3429828,2020,0.5360563055574258,0.36352410376973443,0.10041959067283987,2012-2019
3429850,2020,0.5644267553922754,0.0451267391812538,0.3904465054264708,2012-2019
3429843,2020,0.5470068617332114,0.20844897175233965,0.24454416651444888,2012-2019
3429844,2020,0.23170490092119148,0.571857558456459,0.19643754062234944,2012-2019
3429851,2020,0.3139362093662447,0.558729756548381,0.12733403408537422,2012-2019
3429845,2020,0.8679274986512159,0.1250024469409228,0.007070054407861219,2012-2019
3429847,2020,0.16760726375354032,0.04710182563414875,0.785290910612311,2012-2019
3429849,2020,0.16041682626504244,0.27999637145065237,0.5595868022843052,2012-2019
3429852,2020,0.5806240239410309,0.14146293853522182,0.27791303752374735,2012-2019
3429853,2020,0.6800154308074222,0.21234254077237902,0.10764202842019871,2012-2019
3429855,2020,0.16210203758703595,0.5975857499828504,0.24031221243011375,2012-2019
3429858,2020,0.8725845720720101,0.1258638120032902,0.0015516159246997516,2012-2019
3429860,2020,0.2863961196971589,0.4852481710327775,0.22835570927006354,2012-2019
3429857,2020,0.6082021460708056,0.2557635634581564,0.1360342904710379,2012-2019
3429854,2020,0.3928192211093979,0.3948280595033583,0.21235271938724376,2012-2019
3429856,2020,0.8051405344287554,0.07873974250324405,0.1161197230680005,2012-2019
3429861,2020,0.43593071696799013,0.34189590791286334,0.22217337511914642,2012-2019
3429862,2020,0.48181573997712923,0.2191585933383002,0.2990256666845704,2012-2019
3429859,2020,0.9283290787150191,0.025372833641064976,0.046298087643916026,2012-2019
3429863,2020,0.49797169553859966,0.27309301893397353,0.22893528552742684,2012-2019
3429864,2020,0.5923779180835607,0.13477838919593024,0.2728436927205092,2012-2019
3429865,2020,0.11070652530513182,0.276151873680117,0.6131416010147511,2012-2019
3429866,2020,0.7935538899644529,0.10048407558421206,0.10596203445133505,2012-2019
3429867,2020,0.16009120800250196,0.31853959593262215,0.5213691960648758,2012-2019
3429868,2020,0.5012530556999704,0.39693882959850846,0.10180811470152124,2012-2019
3429869,2020,0.8917122630085318,0.04580535724668812,0.06248237974478016,2012-2019
3429870,2020,0.046899504346756125,0.30996718443209076,0.643133311221153,2012-2019
3429871,2020,0.45197883216084117,0.3574061673120934,0.19061500052706543,2012-2019
3429872,2020,0.08050280272201948,0.08238800853938984,0.8371091887385906,2012-2019
3591983,2021,0.45235785164804987,0.09145280505707604,0.4561893432948741,2012-2020
3591982,2021,0.2903272882859966,0.010807997833014105,0.6988647138809891,2012-2020
3591985,2021,0.9454312736711716,0.02299635104961093,0.03157237527921736,2012-2020
3591986,2021,0.17641493159924576,0.19417277624527698,0.6294122921554773,2012-2020
3591987,2021,0.8728266587439483,0.045710735392944235,0.0814626058631075,2012-2020
3591990,2021,0.48162198104920323,0.4186605719532838,0.09971744699751299,2012-2020
3591988,2021,0.912629128528683,0.04062908993027777,0.04674178154103912,2012-2020
3591981,2021,0.5024629621064902,0.19454788604072554,0.3029891518527843,2012-2020
3591989,2021,0.22753498664399763,0.6596917714381467,0.11277324191785568,2012-2020
3591984,2021,0.06356407902173382,0.532460822461373,0.4039750985168931,2012-2020
3592001,2021,0.8174912253002085,0.15461806386359334,0.027890710836198238,2012-2020
3592002,2021,0.9332902310727454,0.018375262807604764,0.04833450611964987,2012-2020
3592003,2021,0.8398663207413182,0.13402961265867114,0.026104066600010734,2012-2020
3592005,2021,0.38506885991569306,0.29984162722947577,0.3150895128548312,2012-2020
3592007,2021,0.699981518800942,0.20021031923931049,0.09980816195974755,2012-2020
3592010,2021,0.8635905822126201,0.13250726863590118,0.003902149151478778,2012-2020
3592004,2021,0.15139824280788627,0.655996948039767,0.19260480915234676,2012-2020
3592006,2021,0.07437236250121189,0.7802025670311372,0.1454250704676507,2012-2020
3592008,2021,0.1468107904795764,0.650349317310618,0.20283989220980553,2012-2020
3592009,2021,0.33198323100028815,0.6230867428895327,0.04493002611017915,2012-2020
3592012,2021,0.44632872061179685,0.5255031382913897,0.028168141096813478,2012-2020
3592020,2021,0.1375062892368838,0.10238130837670459,0.7601124023864115,2012-2020
3592016,2021,0.912640141912217,0.047867714719071745,0.039492143368711166,2012-2020
3592013,2021,0.213770694690457,0.10112040123664327,0.6851089040728997,2012-2020
3592015,2021,0.20676253899023106,0.12978190411215088,0.663455556897618,2012-2020
3592019,2021,0.5711705894514927,0.2920368045362568,0.1367926060122505,2012-2020
3592018,2021,0.059336373118658664,0.12117388152783118,0.81948974535351,2012-2020
3592014,2021,0.3974263125225261,0.4779569546536717,0.12461673282380237,2012-2020
3592017,2021,0.542597234157187,0.3432490720744588,0.11415369376835414,2012-2020
3592011,2021,0.41228277054241497,0.5212489751780075,0.0664682542795775,2012-2020
3592041,2021,0.20964999891393551,0.4425286269610224,0.347821374125042,2012-2020
3592044,2021,0.9777910570132177,0.015744356989806554,0.006464585996975706,2012-2020
3592045,2021,0.6319748146791742,0.25483022562487134,0.11319495969595454,2012-2020
3592043,2021,0.07652818647134527,0.6426712664196704,0.2808005471089843,2012-2020
3592046,2021,0.3885013483375691,0.49857271673408454,0.11292593492834639,2012-2020
3592047,2021,0.6047366200974578,0.2409443082178714,0.15431907168467088,2012-2020
3592049,2021,0.5641580596340047,0.2318690257126346,0.20397291465336082,2012-2020
3592042,2021,0.551838989242083,0.1897200807962734,0.2584409299616437,2012-2020
3592048,2021,0.4072154284811774,0.37181989344452204,0.22096467807430045,2012-2020
3592050,2021,0.7754244444592475,0.1577751789440011,0.06680037659675143,2012-2020
3591973,2021,0.611014346794712,0.22878910294430546,0.16019655026098248,2012-2020
3591975,2021,0.7874480199669841,0.17610607695687486,0.03644590307614106,2012-2020
3591974,2021,0.9675038345307191,0.027850705945213362,0.004645459524067579,2012-2020
3591978,2021,0.23932965057516103,0.4068090793093811,0.3538612701154578,2012-2020
3591976,2021,0.055561507690726215,0.1958614306845533,0.7485770616247206,2012-2020
3591979,2021,0.2893320690135922,0.4556433258019348,0.25502460518447306,2012-2020
3591972,2021,0.26357293504341833,0.1240275484075107,0.612399516549071,2012-2020
3591971,2021,0.10878386533520265,0.6368588574195407,0.2543572772452566,2012-2020
3591977,2021,0.16651552623061872,0.22989460873285775,0.6035898650365235,2012-2020
3591980,2021,0.06456187056034243,0.2736483744945016,0.661789754945156,2012-2020
3591959,2021,0.26426087343772275,0.3710439423923376,0.36469518416993957,2012-2020
3591952,2021,0.8228901949958981,0.13510917507266865,0.04200062993143333,2012-2020
3591953,2021,0.3590205797528989,0.22686930422779486,0.41411011601930614,2012-2020
3591954,2021,0.9294469873111127,0.0612165243590416,0.009336488329845677,2012-2020
3591955,2021,0.39957930884305815,0.238212318958445,0.3622083721984969,2012-2020
3591958,2021,0.07143686103593362,0.6939922851891847,0.23457085377488177,2012-2020
3591951,2021,0.27279128091485605,0.48588829435423125,0.24132042473091284,2012-2020
3591956,2021,0.1726522569928854,0.361321652287897,0.4660260907192176,2012-2020
3591957,2021,0.1558750701378616,0.31812116935849144,0.5260037605036469,2012-2020
3591960,2021,0.09139587122921408,0.22755186072531572,0.6810522680454701,2012-2020
3592031,2021,0.29697788489585975,0.32532636968444206,0.37769574541969814,2012-2020
3592032,2021,0.24153654825213366,0.379848022890357,0.3786154288575092,2012-2020
3592033,2021,0.06720755858512592,0.12219767725454375,0.8105947641603304,2012-2020
3592034,2021,0.6986514894679051,0.2718088190763732,0.02953969145572163,2012-2020
3592036,2021,0.35060774008570067,0.20877772090037855,0.4406145390139207,2012-2020
3592037,2021,0.1593149515782376,0.6158873389817502,0.22479770944001215,2012-2020
3592039,2021,0.48135208899733095,0.13022467417369574,0.38842323682897334,2012-2020
3592040,2021,0.28406935372075925,0.1433634388008813,0.5725672074783595,2012-2020
3592035,2021,0.8656571809524691,0.11910128493599642,0.015241534111534404,2012-2020
3592038,2021,0.2034053644558129,0.5337836634027585,0.26281097214142846,2012-2020
3592091,2021,0.5858789378509246,0.26118404191008016,0.1529370202389952,2012-2020
3592100,2021,0.4144576430797876,0.17228022421453634,0.4132621327056761,2012-2020
3592093,2021,0.3320257818092384,0.4846818996835387,0.1832923185072228,2012-2020
3592098,2021,0.852261847699892,0.1285754917492837,0.019162660550824363,2012-2020
3592096,2021,0.2122667306870016,0.5429427576980975,0.24479051161490087,2012-2020
3592092,2021,0.41692088420412304,0.5283881898586783,0.0546909259371987,2012-2020
3592095,2021,0.9746983385570545,0.018632199960162184,0.006669461482783376,2012-2020
3592097,2021,0.4606999831927324,0.3650334372108518,0.1742665795964157,2012-2020
3592099,2021,0.4793880466762522,0.4353920361862721,0.08521991713747569,2012-2020
3592133,2021,0.09331491224353954,0.3996967781505235,0.5069883096059371,2012-2020
3592138,2021,0.7923529558067091,0.14598020689792315,0.0616668372953678,2012-2020
3592135,2021,0.23938678421627524,0.2381722839661274,0.5224409318175974,2012-2020
3592132,2021,0.1164668841767577,0.3211563396361235,0.5623767761871188,2012-2020
3592131,2021,0.04755224251064788,0.8320131362710858,0.1204346212182663,2012-2020
3592139,2021,0.24587144802960642,0.5205467470676624,0.2335818049027312,2012-2020
3592137,2021,0.2916596311835658,0.5831814823160486,0.12515888650038562,2012-2020
3592136,2021,0.5003854013423772,0.340520906601557,0.1590936920560658,2012-2020
3592134,2021,0.06313071239344033,0.775761803325107,0.16110748428145272,2012-2020
3592140,2021,0.3761467132828974,0.20315027279026512,0.4207030139268375,2012-2020
3592065,2021,0.4759430574527925,0.3413403496820649,0.1827165928651428,2012-2020
3592069,2021,0.360498300489055,0.05417797703416187,0.5853237224767832,2012-2020
3592066,2021,0.21721223170990414,0.42648918118965323,0.3562985871004427,2012-2020
3592068,2021,0.1146802480479052,0.17360130866207504,0.7117184432900197,2012-2020
3592070,2021,0.020578085079521424,0.020586286657192927,0.9588356282632858,2012-2020
3592061,2021,0.6930565128363585,0.19956484920109432,0.10737863796254714,2012-2020
3592063,2021,0.201985705577838,0.574953837820847,0.2230604566013151,2012-2020
3592064,2021,0.7095127279944149,0.2346489114131934,0.0558383605923918,2012-2020
3592067,2021,0.7393749559114289,0.10555840091127,0.15506664317730104,2012-2020
3592062,2021,0.1103736664304728,0.6890288479576873,0.20059748561183993,2012-2020
3592072,2021,0.5028353231366577,0.2884202318065516,0.20874444505679077,2012-2020
3592078,2021,0.672418765958293,0.16129237942916738,0.16628885461253964,2012-2020
3592075,2021,0.8841137339664165,0.08020680437843783,0.03567946165514572,2012-2020
3592080,2021,0.25892621525623777,0.15564520355708103,0.5854285811866813,2012-2020
3592079,2021,0.9430843815621373,0.04584629350330714,0.011069324934555615,2012-2020
3592071,2021,0.4018503304355083,0.49193969730039194,0.10620997226409977,2012-2020
3592076,2021,0.5113612083925854,0.15538786617154438,0.33325092543587026,2012-2020
3592077,2021,0.35711887581994517,0.6177431163929281,0.02513800778712679,2012-2020
3592074,2021,0.28262475595204456,0.06953246099911442,0.647842783048841,2012-2020
3592057,2021,0.10052580865645737,0.4079469756146773,0.4915272157288655,2012-2020
3592060,2021,0.5233758256983028,0.3376785545328923,0.138945619768805,2012-2020
3592051,2021,0.2899304588489415,0.3582690555432373,0.35180048560782123,2012-2020
3592053,2021,0.2742995554391428,0.07371820462367745,0.6519822399371797,2012-2020
3592055,2021,0.3482333511883018,0.5109320303555525,0.1408346184561458,2012-2020
3592058,2021,0.8631565417149729,0.06040672942644288,0.07643672885858425,2012-2020
3592059,2021,0.2712446374653847,0.6850366705230432,0.043718692011572136,2012-2020
3592083,2021,0.012649237179019623,0.10546317492202502,0.8818875878989553,2012-2020
3592085,2021,0.017123588715288147,0.022799756254819434,0.9600766550298925,2012-2020
3592087,2021,0.03577390813150811,0.07870271159390857,0.8855233802745833,2012-2020
3592090,2021,0.3174805397961563,0.018872249188072107,0.6636472110157716,2012-2020
3592151,2021,0.31726336760244267,0.020192407747859752,0.6625442246496975,2012-2020
3592163,2021,0.6795275697238937,0.17928885852874304,0.1411835717473632,2012-2020
3592208,2021,0.7752116335344491,0.16275193383050712,0.06203643263504374,2012-2020
3592233,2021,0.2973901036261657,0.43572690181372603,0.2668829945601084,2012-2020
3592253,2021,0.626869189667185,0.26787172473985704,0.10525908559295803,2012-2020
3592263,2021,0.6359281254743954,0.297525491386185,0.06654638313941962,2012-2020
3592220,2021,0.4563420851928062,0.24311272584144694,0.3005451889657467,2012-2020
3592294,2021,0.786940604664379,0.19329169551149053,0.01976769982413044,2012-2020
3592297,2021,0.06284442566636682,0.02350235151974514,0.913653222813888,2012-2020
3592299,2021,0.03107914743291795,0.8064199672664764,0.16250088530060572,2012-2020
3592300,2021,0.4050079968785302,0.19034902513914662,0.4046429779823232,2012-2020
3592171,2021,0.10695778105623362,0.02314368149015955,0.8698985374536069,2012-2020
3592188,2021,0.4077569802307926,0.4883337309802942,0.10390928878891334,2012-2020
3592298,2021,0.7289407522629249,0.07403546395156418,0.19702378378551108,2012-2020
3592301,2021,0.06209418960720342,0.633473632424804,0.30443217796799255,2012-2020
3592304,2021,0.4164431960370798,0.3279755234724003,0.2555812804905198,2012-2020
3592310,2021,0.46834315712993385,0.4167599629494846,0.11489687992058153,2012-2020
3592303,2021,0.42739978936105044,0.30078167172221465,0.27181853891673496,2012-2020
3592302,2021,0.38828206897481604,0.42730251816221954,0.18441541286296442,2012-2020
3592306,2021,0.3105547408149346,0.10558080200676288,0.5838644571783025,2012-2020
3592305,2021,0.42300458338176783,0.1830096003666474,0.39398581625158474,2012-2020
3592308,2021,0.6512623631524961,0.08093165660622481,0.2678059802412791,2012-2020
3592086,2021,0.28519427712337575,0.5193996141881418,0.19540610868848238,2012-2020
3592089,2021,0.7461208514393164,0.24220459167286607,0.011674556887817395,2012-2020
3592112,2021,0.1669623970169641,0.6115653036834747,0.2214722992995612,2012-2020
3592116,2021,0.36749016013045865,0.35380478101481416,0.2787050588547272,2012-2020
3592115,2021,0.7536967723807334,0.0406047470069727,0.20569848061229384,2012-2020
3592120,2021,0.7014508046474006,0.21445496723136726,0.0840942281212322,2012-2020
3592117,2021,0.28408264688101453,0.0896539093977653,0.6262634437212201,2012-2020
3592111,2021,0.43046805553883427,0.3083160599291026,0.261215884532063,2012-2020
3592114,2021,0.6391018396002464,0.2739305656805265,0.0869675947192271,2012-2020
3592119,2021,0.5825227758348568,0.37963750145585345,0.03783972270928967,2012-2020
3592166,2021,0.13078586412810644,0.549913252872726,0.31930088299916753,2012-2020
3592052,2021,0.1880473817573823,0.46586662879531265,0.34608598944730495,2012-2020
3592056,2021,0.2164013680384785,0.6127696098726527,0.17082902208886871,2012-2020
3592130,2021,0.4590720983380459,0.4794288199821662,0.0614990816797878,2012-2020
3592128,2021,0.4624897113279393,0.4271719291945604,0.11033835947750019,2012-2020
3592129,2021,0.025766662542074086,0.3054975267899485,0.6687358106679774,2012-2020
3592122,2021,0.2316164815002576,0.49700467597164144,0.2713788425281008,2012-2020
3592125,2021,0.24336360920936553,0.5535812866312554,0.20305510415937905,2012-2020
3592126,2021,0.4966128997582298,0.310329408543039,0.19305769169873127,2012-2020
3592123,2021,0.7074019339423449,0.1966076850810442,0.0959903809766109,2012-2020
3592121,2021,0.8371252968223761,0.12214402094067958,0.040730682236944246,2012-2020
3592127,2021,0.6135965863847623,0.220667356398228,0.16573605721700968,2012-2020
3592124,2021,0.04088471792121721,0.7207394981987005,0.23837578388008238,2012-2020
3592054,2021,0.504277105026289,0.2854976522048355,0.2102252427688756,2012-2020
3592180,2021,0.16400650067884784,0.48828667542453497,0.34770682389661717,2012-2020
3592212,2021,0.8105373239161453,0.06605049307550814,0.12341218300834651,2012-2020
3592273,2021,0.44892279019264436,0.2870053273508778,0.2640718824564778,2012-2020
3592258,2021,0.6354450501583438,0.10404649711586551,0.2605084527257907,2012-2020
3592280,2021,0.5234707812120785,0.057938689507101175,0.4185905292808203,2012-2020
3592156,2021,0.35412875924153275,0.48784003343193666,0.15803120732653056,2012-2020
3592196,2021,0.14580293117570559,0.2056516274310925,0.648545441393202,2012-2020
3592228,2021,0.4676894099448958,0.10311209616382215,0.42919849389128206,2012-2020
3592244,2021,0.9163551996167644,0.03699846903106135,0.046646331352174136,2012-2020
3592190,2021,0.3081397171534858,0.2922087355469237,0.3996515472995905,2012-2020
3592239,2021,0.12844041299132475,0.41879849529007,0.45276109171860535,2012-2020
3592153,2021,0.6085979295769175,0.21273151705569748,0.17867055336738494,2012-2020
3592266,2021,0.10315075047132788,0.46071951393974003,0.43612973558893203,2012-2020
3592210,2021,0.5684281432451846,0.30882943585748845,0.12274242089732691,2012-2020
3592198,2021,0.5724906034701106,0.2606722439151271,0.16683715261476217,2012-2020
3592162,2021,0.025544717783196818,0.5189546353470738,0.45550064686972946,2012-2020
3592256,2021,0.2562193456388616,0.40046042071120785,0.34332023364993053,2012-2020
3592225,2021,0.39042955694381,0.2233868748015434,0.38618356825464667,2012-2020
3592084,2021,0.27248052300915937,0.437957032120737,0.2895624448701035,2012-2020
3592101,2021,0.9322139182872019,0.03868117939426594,0.029104902318532057,2012-2020
3592102,2021,0.1617770133664014,0.6906735089890167,0.14754947764458198,2012-2020
3592103,2021,0.5058429161374577,0.1333963507342453,0.36076073312829704,2012-2020
3592104,2021,0.17874526300072827,0.49906594804078264,0.3221887889584892,2012-2020
3592106,2021,0.8980899884494697,0.08034894294354075,0.021561068606989565,2012-2020
3592107,2021,0.9590951586881356,0.016099934000742163,0.024804907311122185,2012-2020
3592108,2021,0.1344914410178459,0.5434484800241876,0.32206007895796646,2012-2020
3592109,2021,0.5162824137036068,0.4281313679143939,0.0555862183819992,2012-2020
3592105,2021,0.14512426892890787,0.5062499609722719,0.34862577009882023,2012-2020
3592110,2021,0.6422523678556634,0.337659181910477,0.020088450233859637,2012-2020
3592088,2021,0.5580072520690802,0.12625093447278285,0.315741813458137,2012-2020
3592094,2021,0.22337281938496645,0.46643938985161704,0.3101877907634164,2012-2020
3592191,2021,0.7460716630454314,0.23451790598851935,0.019410430966049327,2012-2020
3592158,2021,0.314296791753223,0.5117014203664844,0.17400178788029264,2012-2020
3592292,2021,0.7801264667729444,0.1745368357525059,0.045336697474549756,2012-2020
3592288,2021,0.5313117462540192,0.32057269345615874,0.148115560289822,2012-2020
3592286,2021,0.19851584731984293,0.4605775868149919,0.34090656586516516,2012-2020
3592285,2021,0.2651825729002931,0.6131133480077927,0.12170407909191416,2012-2020
3592289,2021,0.03676093344853059,0.22933905807559185,0.7339000084758776,2012-2020
3592291,2021,0.8829491319926817,0.0701034037812709,0.046947464226047494,2012-2020
3592290,2021,0.13761067336785648,0.2824772172204387,0.5799121094117048,2012-2020
3592293,2021,0.43340882734956243,0.21089424826764372,0.35569692438279377,2012-2020
3592113,2021,0.3734951766509919,0.3570811800100177,0.26942364333899044,2012-2020
3592141,2021,0.13191664903592848,0.30090249988713147,0.56718085107694,2012-2020
3592142,2021,0.42568682828049303,0.20787980061236877,0.36643337110713814,2012-2020
3592150,2021,0.33870694670336626,0.43544066160363615,0.22585239169299748,2012-2020
3592143,2021,0.8403545109763274,0.14858371115096533,0.011061777872707197,2012-2020
3592146,2021,0.20761118724307576,0.3788291833383925,0.4135596294185319,2012-2020
3592147,2021,0.7015689402383186,0.073504431346278,0.22492662841540345,2012-2020
3592144,2021,0.9905896930484351,0.0054109102363900366,0.003999396715174942,2012-2020
3592145,2021,0.903356852916261,0.037318607555698914,0.059324539528040066,2012-2020
3592149,2021,0.22902973991560208,0.067962197580676,0.7030080625037218,2012-2020
3592148,2021,0.2890770051125776,0.3185180227382252,0.39240497214919723,2012-2020
3592296,2021,0.2794484256667981,0.4150936494119492,0.3054579249212527,2012-2020
3592309,2021,0.3706711630151215,0.2281856872013693,0.4011431497835092,2012-2020
3592243,2021,0.15940270471982657,0.1913304460707613,0.6492668492094121,2012-2020
3592279,2021,0.3625578298589374,0.05869540470549394,0.5787467654355687,2012-2020
3592165,2021,0.5163287135079399,0.18310497688570093,0.3005663096063592,2012-2020
3592176,2021,0.04455184842734695,0.24523110025781208,0.7102170513148409,2012-2020
3592236,2021,0.2367766716705966,0.4124540084940197,0.35076931983538373,2012-2020
3592155,2021,0.45418695962330313,0.48006463510866604,0.06574840526803072,2012-2020
3592189,2021,0.8068090265379861,0.10776186210317587,0.08542911135883804,2012-2020
3592211,2021,0.0896352254182392,0.21699494808213146,0.6933698264996293,2012-2020
3592223,2021,0.7217697279310279,0.23230320457732673,0.045927067491645275,2012-2020
3592248,2021,0.728841047966837,0.06130439482044385,0.20985455721271912,2012-2020
3592259,2021,0.49213103009303744,0.22565680237150929,0.28221216753545325,2012-2020
3592201,2021,0.11969258882980191,0.23505827599992346,0.6452491351702746,2012-2020
3592073,2021,0.13425722568684206,0.04363238627713465,0.8221103880360233,2012-2020
3592284,2021,0.358752509553001,0.34694015454438815,0.2943073359026108,2012-2020
3592295,2021,0.3495830063960959,0.15132778229487076,0.4990892113090332,2012-2020
3592271,2021,0.7366587965142515,0.23870324751361396,0.02463795597213468,2012-2020
3592157,2021,0.3743161788068926,0.04562987524592054,0.5800539459471868,2012-2020
3592183,2021,0.47702404498392226,0.3945349951148381,0.12844095990123963,2012-2020
3592254,2021,0.408870835871714,0.37588598145484214,0.2152431826734439,2012-2020
3592207,2021,0.2989484478541049,0.43092502378636494,0.27012652835953016,2012-2020
3592167,2021,0.0928941373550219,0.35514420609495084,0.5519616565500274,2012-2020
3592179,2021,0.8145506050241864,0.17760589222408113,0.007843502751732474,2012-2020
3592272,2021,0.21812166526092988,0.570832649363931,0.2110456853751391,2012-2020
3592222,2021,0.8683384511881733,0.11831402883633382,0.013347519975492909,2012-2020
3592237,2021,0.6724133827142673,0.12143905279270545,0.20614756449302715,2012-2020
3592152,2021,0.9492532134171486,0.048016227334397504,0.002730559248453935,2012-2020
3592251,2021,0.9265907652723686,0.03391468364614942,0.039494551081482025,2012-2020
3592262,2021,0.6366982930714121,0.3220709840416151,0.04123072288697268,2012-2020
3592194,2021,0.4754543534271592,0.07113118418953616,0.4534144623833047,2012-2020
3592177,2021,0.2774205608347837,0.15479019202117392,0.5677892471440422,2012-2020
3592226,2021,0.1963580886935884,0.17454210651570762,0.629099804790704,2012-2020
3592154,2021,0.4240431559628008,0.2398636947512324,0.33609314928596684,2012-2020
3592164,2021,0.19850951038045442,0.3405621423055898,0.4609283473139557,2012-2020
3592186,2021,0.18080107468940249,0.20000702914898164,0.6191918961616157,2012-2020
3592252,2021,0.19795937475380382,0.3137242264127034,0.48831639883349276,2012-2020
3592268,2021,0.7037081766659046,0.2253579575610163,0.07093386577307917,2012-2020
3592174,2021,0.07539380807563892,0.05967053486454019,0.864935657059821,2012-2020
3592199,2021,0.3520712370767762,0.5589231639643201,0.08900559895890371,2012-2020
3592215,2021,0.6695831976103515,0.210984564759926,0.1194322376297226,2012-2020
3592238,2021,0.18186864269741088,0.29650723692084135,0.5216241203817478,2012-2020
3592218,2021,0.7283986920382216,0.22151876736737597,0.05008254059440241,2012-2020
3592242,2021,0.23344912122040298,0.40233045139998574,0.36422042737961136,2012-2020
3592255,2021,0.6948096343653121,0.05764248215364429,0.2475478834810437,2012-2020
3592267,2021,0.14471179420306668,0.12404880782719926,0.7312393979697339,2012-2020
3592231,2021,0.4139887757377984,0.20737087612634938,0.3786403481358522,2012-2020
3592275,2021,0.3175191904440039,0.351206513624536,0.3312742959314601,2012-2020
3592203,2021,0.9782568816320452,0.015504746870808772,0.00623837149714611,2012-2020
3592082,2021,0.2598689336376874,0.31327552346176557,0.42685554290054695,2012-2020
3592175,2021,0.9355408521813705,0.029246767964271513,0.035212379854357836,2012-2020
3592217,2021,0.896190830480605,0.07694356110491164,0.026865608414483343,2012-2020
3592230,2021,0.6517865707296625,0.07847273105356496,0.26974069821677255,2012-2020
3592168,2021,0.47993163916608694,0.26902476115072277,0.25104359968319034,2012-2020
3592170,2021,0.3428864857222887,0.36034781186832865,0.29676570240938255,2012-2020
3592181,2021,0.2852067709800465,0.2735392361482551,0.4412539928716985,2012-2020
3592246,2021,0.2951395701004116,0.1297469928740633,0.5751134370255252,2012-2020
3592274,2021,0.47313579146860524,0.514002324525002,0.012861884006392764,2012-2020
3592283,2021,0.12566612098426388,0.1400625315320654,0.7342713474836707,2012-2020
3592192,2021,0.8100135250045293,0.10599227702571339,0.08399419796975736,2012-2020
3592204,2021,0.3692611953018332,0.12081015104741659,0.5099286536507504,2012-2020
3592221,2021,0.8907544030826489,0.04126655179329203,0.06797904512405917,2012-2020
3592264,2021,0.9184494550403769,0.02363794946200577,0.057912595497617424,2012-2020
3592234,2021,0.9194005960056955,0.04284015721027827,0.03775924678402639,2012-2020
3592202,2021,0.24576059143166376,0.159745752923953,0.5944936556443834,2012-2020
3592185,2021,0.7092905342151773,0.22308436982419277,0.06762509596063002,2012-2020
3592209,2021,0.07094624255992481,0.03922530432250259,0.8898284531175725,2012-2020
3592232,2021,0.09982134611097666,0.12211470944398313,0.7780639444450403,2012-2020
3592245,2021,0.1687223444251323,0.49368178607608193,0.3375958694987858,2012-2020
3592269,2021,0.41264570629437086,0.388172598104632,0.19918169560099716,2012-2020
3592281,2021,0.46270964944760773,0.1345880607136185,0.40270228983877376,2012-2020
3592197,2021,0.18511200885696752,0.2069524258337084,0.607935565309324,2012-2020
3592257,2021,0.7735264031772795,0.03610331962453169,0.19037027719818875,2012-2020
3592276,2021,0.5853994033608112,0.1541891416061597,0.26041145503302904,2012-2020
3592219,2021,0.3735920785425534,0.5384425263612923,0.08796539509615423,2012-2020
3592173,2021,0.5815892557484181,0.1647879691699762,0.2536227750816057,2012-2020
3592187,2021,0.7269542745878278,0.092336018939171,0.1807097064730012,2012-2020
3592200,2021,0.20370742848654805,0.48677621174977415,0.3095163597636778,2012-2020
3592213,2021,0.36447595935122934,0.3370583368110401,0.2984657038377305,2012-2020
3592227,2021,0.9047770857620432,0.08999467446370288,0.005228239774253926,2012-2020
3592247,2021,0.8169823594688116,0.07216512383037442,0.11085251670081395,2012-2020
3592160,2021,0.7076212524466751,0.22641423945777245,0.0659645080955526,2012-2020
3592235,2021,0.697025286045707,0.10655367066063383,0.19642104329365903,2012-2020
3592265,2021,0.9600067128931207,0.02991120819814964,0.01008207890872967,2012-2020
3592277,2021,0.17944731774738143,0.22718583998093522,0.5933668422716835,2012-2020
3592178,2021,0.024211648434449864,0.06317126249614625,0.9126170890694039,2012-2020
3592206,2021,0.07013296094773054,0.06542643599594959,0.8644406030563198,2012-2020
3592261,2021,0.47015479199135274,0.34103774792492514,0.18880746008372207,2012-2020
3592282,2021,0.23946203154465837,0.010623497813312342,0.7499144706420292,2012-2020
3592307,2021,0.45555879518427966,0.4300430769946417,0.11439812782107851,2012-2020
3592118,2021,0.5585949661022312,0.2820579577566709,0.1593470761410978,2012-2020
3592240,2021,0.42195860104151983,0.4991689818438914,0.07887241711458874,2012-2020
3592159,2021,0.640540485613139,0.25984179210307595,0.09961772228378515,2012-2020
3592184,2021,0.38765264584026243,0.21059621864869824,0.40175113551103925,2012-2020
3592270,2021,0.059140788976091464,0.03743952822434863,0.9034196827995601,2012-2020
3592249,2021,0.11434655866341643,0.6877464005845333,0.19790704075205023,2012-2020
3592278,2021,0.8609414147283689,0.12183283363450768,0.017225751637123393,2012-2020
3592172,2021,0.19200491772248163,0.7109244342705724,0.09707064800694597,2012-2020
3592216,2021,0.2736608354013699,0.10907308935904554,0.6172660752395847,2012-2020
3592229,2021,0.13961676133889114,0.08945541983210373,0.7709278188290052,2012-2020
3592081,2021,0.7356193343339223,0.16590860132830088,0.09847206433777676,2012-2020
3592193,2021,0.43498426422211284,0.39190680402013567,0.1731089317577515,2012-2020
3592287,2021,0.6963915983914494,0.2769876605330496,0.026620741075500998,2012-2020
3592205,2021,0.955053383655641,0.03581660743016773,0.009130008914191443,2012-2020
3592169,2021,0.8723556001319677,0.05197402362832965,0.07567037623970263,2012-2020
3592182,2021,0.3328239065395518,0.16596929605196614,0.5012067974084821,2012-2020
3592195,2021,0.18881423359725744,0.264585683155089,0.5466000832476535,2012-2020
3592161,2021,0.37809307111811713,0.25771219553317365,0.3641947333487093,2012-2020
3592214,2021,0.8190970147048805,0.04750122988486035,0.13340175541025923,2012-2020
3592224,2021,0.6628721702662338,0.2800231881891024,0.05710464154466373,2012-2020
3592241,2021,0.7826787106637292,0.17181312406673832,0.04550816526953254,2012-2020
3592260,2021,0.06935162674200589,0.1460607207655601,0.784587652492434,2012-2020
3592250,2021,0.8756200493169728,0.09755151881492334,0.026828431868103794,2012-2020
3837976,2022,0.2737000311162705,0.16719449606671946,0.55910547281701,2012-2021
3837972,2022,0.09779038113637077,0.05511889677274015,0.847090722090889,2012-2021
3837975,2022,0.1879445375498546,0.3776520051990976,0.4344034572510479,2012-2021
3837973,2022,0.08357362037259235,0.650921458591831,0.2655049210355765,2012-2021
3837978,2022,0.18759941210413206,0.6244867522119605,0.1879138356839075,2012-2021
3837980,2022,0.8339392144384608,0.05429775120911745,0.11176303435242174,2012-2021
3837981,2022,0.5568918327347324,0.32939866009903396,0.11370950716623358,2012-2021
3837979,2022,0.38650425224125073,0.4825222373641733,0.13097351039457591,2012-2021
3837974,2022,0.923800338494587,0.06684839475680161,0.009351266748611435,2012-2021
3837977,2022,0.18955110702709813,0.131849124903803,0.678599768069099,2012-2021
3837998,2022,0.23669000020855274,0.456303539004278,0.3070064607871692,2012-2021
3838005,2022,0.17081465355109537,0.27444546909876744,0.5547398773501373,2012-2021
3838004,2022,0.7163186734808784,0.25091593160198516,0.03276539491713651,2012-2021
3838006,2022,0.9606204505369318,0.026082662373276,0.013296887089792249,2012-2021
3838007,2022,0.14145173773514336,0.47245151079716685,0.3860967514676897,2012-2021
3837999,2022,0.2110462575338031,0.06218759999301639,0.7267661424731805,2012-2021
3838002,2022,0.646067725341394,0.24567214177043525,0.10826013288817077,2012-2021
3838008,2022,0.13428233302003026,0.6992055830485149,0.1665120839314548,2012-2021
3838009,2022,0.3336563141097762,0.09037296611829793,0.5759707197719258,2012-2021
3838010,2022,0.5420879766379161,0.21165765019552354,0.2462543731665604,2012-2021
3838011,2022,0.28093155580017204,0.44487562831107735,0.2741928158887507,2012-2021
3838014,2022,0.985385248806682,0.004204532957493254,0.010410218235824649,2012-2021
3838016,2022,0.3347415522047725,0.2636773693472486,0.4015810784479789,2012-2021
3838017,2022,0.5917602432709832,0.08971911813150711,0.31852063859750973,2012-2021
3838012,2022,0.6414613953190951,0.26182649141714814,0.09671211326375681,2012-2021
3838015,2022,0.8870250717499155,0.09368208567604158,0.019292842574042783,2012-2021
3838013,2022,0.574609488738652,0.36323646860407827,0.062154042657269766,2012-2021
3838018,2022,0.4106878435599213,0.19208074438962522,0.3972314120504534,2012-2021
3838020,2022,0.17690956829741789,0.7182096378615324,0.10488079384104984,2012-2021
3838021,2022,0.7472753742788597,0.21119789976839567,0.041526725952744696,2012-2021
3838024,2022,0.9269243925718843,0.05301891063051665,0.020056696797598965,2012-2021
3838025,2022,0.2362961130370664,0.5135488420824116,0.25015504488052204,2012-2021
3838019,2022,0.30091520394647353,0.11460029876112736,0.584484497292399,2012-2021
3838022,2022,0.1883348773220446,0.48708894366234073,0.3245761790156147,2012-2021
3838023,2022,0.674240947728011,0.26254295428640745,0.06321609798558142,2012-2021
3838027,2022,0.2418208103010079,0.4258434690378186,0.3323357206611734,2012-2021
3838026,2022,0.5303706001695003,0.2971618126116207,0.17246758721887892,2012-2021
3838029,2022,0.06535765263890728,0.18988786374433603,0.7447544836167567,2012-2021
3838030,2022,0.1159155337187022,0.7360773162323604,0.14800715004893736,2012-2021
3838032,2022,0.19120360896034513,0.32620278910946626,0.4825936019301886,2012-2021
3838036,2022,0.9136526705444638,0.04098451272010989,0.04536281673542638,2012-2021
3838037,2022,0.5648398897750485,0.19863597702104618,0.23652413320390536,2012-2021
3838028,2022,0.12073007757046342,0.5903924695216184,0.28887745290791816,2012-2021
3838031,2022,0.07468379867605071,0.7045620854554187,0.22075411586853055,2012-2021
3838033,2022,0.13293628182405995,0.039016127892989166,0.8280475902829509,2012-2021
3838034,2022,0.46507763735192337,0.35017336975742996,0.18474899289064678,2012-2021
3838035,2022,0.47862693116078486,0.1078790094667453,0.41349405937246986,2012-2021
3838053,2022,0.8765756990521452,0.07366121325417455,0.04976308769368023,2012-2021
3838056,2022,0.3143241206960373,0.11498076411595015,0.5706951151880125,2012-2021
3838050,2022,0.5462668202345414,0.09052535720367422,0.3632078225617843,2012-2021
3838059,2022,0.47529036099803174,0.1693624019104531,0.3553472370915151,2012-2021
3838052,2022,0.09369468326279216,0.49575533322989285,0.41054998350731503,2012-2021
3838058,2022,0.7621829272413757,0.17655761297400233,0.06125945978462204,2012-2021
3838057,2022,0.6872034344741759,0.11991408187973777,0.1928824836460864,2012-2021
3838054,2022,0.02550025991683086,0.34585243955311834,0.6286473005300508,2012-2021
3838055,2022,0.4331222112989357,0.4080897298905746,0.15878805881048969,2012-2021
3838189,2022,0.2738093160147991,0.32547536987462933,0.40071531411057154,2012-2021
3838190,2022,0.37086258668598154,0.4548211639772954,0.1743162493367231,2012-2021
3838192,2022,0.8963162646735044,0.08077880622740663,0.02290492909908906,2012-2021
3838193,2022,0.08678600762880308,0.5710780766051892,0.34213591576600777,2012-2021
3838194,2022,0.0359150111493046,0.18825095824519258,0.7758340306055028,2012-2021
3838195,2022,0.4776189595428329,0.052830137396040845,0.4695509030611263,2012-2021
3838197,2022,0.30866888749449,0.10871914122631933,0.5826119712791907,2012-2021
3838188,2022,0.1653143499050834,0.1491143295965686,0.685571320498348,2012-2021
3838191,2022,0.3315403892703716,0.5374485395449912,0.13101107118463723,2012-2021
3838196,2022,0.5329708963753823,0.3762251604437249,0.09080394318089287,2012-2021
3838206,2022,0.496497683504006,0.32095352747204675,0.18254878902394714,2012-2021
3838204,2022,0.33193818771893785,0.3423671600685338,0.32569465221252836,2012-2021
3838208,2022,0.24414463802357747,0.6042481738166061,0.15160718815981636,2012-2021
3838207,2022,0.29612415050246776,0.6312804344135825,0.07259541508394961,2012-2021
3838213,2022,0.3347544295062997,0.44162299798302296,0.22362257251067738,2012-2021
3838211,2022,0.7875522310165852,0.08829471131061911,0.12415305767279554,2012-2021
3838210,2022,0.08946326145163791,0.24849453624321477,0.6620422023051472,2012-2021
3838209,2022,0.25310023203184884,0.6983303551340979,0.04856941283405317,2012-2021
3838205,2022,0.9774421136510612,0.01702059775064196,0.005537288598296822,2012-2021
3838212,2022,0.43306034100885205,0.4660365969284526,0.10090306206269527,2012-2021
3838229,2022,0.279669742232178,0.42898021063529845,0.29135004713252355,2012-2021
3838231,2022,0.4419228547508258,0.20256593538139242,0.3555112098677818,2012-2021
3838228,2022,0.39510676852483184,0.36680813495380765,0.23808509652136053,2012-2021
3838235,2022,0.4721610645014831,0.23848778049999814,0.2893511549985187,2012-2021
3838230,2022,0.9869305295446771,0.0037865817416215045,0.009282888713701358,2012-2021
3838226,2022,0.02637245316316419,0.5868283914003046,0.3867991554365312,2012-2021
3838227,2022,0.24110037058048078,0.5077897796812513,0.251109849738268,2012-2021
3838232,2022,0.2035898639822366,0.41556274193024534,0.3808473940875179,2012-2021
3838233,2022,0.2579838151548944,0.5295030652978411,0.21251311954726454,2012-2021
3838234,2022,0.19399136323694657,0.6705893173156412,0.13541931944741215,2012-2021
3838239,2022,0.6586755267298383,0.29817057823916515,0.04315389503099652,2012-2021
3838241,2022,0.7707450422706446,0.07548374985046871,0.1537712078788867,2012-2021
3838236,2022,0.15120491080789136,0.48620679154473107,0.3625882976473775,2012-2021
3838240,2022,0.7865350966169676,0.11519092730122113,0.09827397608181113,2012-2021
3838244,2022,0.24472637716986945,0.5434098103270228,0.21186381250310762,2012-2021
3838245,2022,0.2847026020253583,0.24490172606066132,0.47039567191398046,2012-2021
3838243,2022,0.627369841356044,0.20069819698744454,0.17193196165651148,2012-2021
3838242,2022,0.27908104597093436,0.24195740745395372,0.47896154657511186,2012-2021
3838237,2022,0.48807042183032256,0.15209479496347222,0.3598347832062052,2012-2021
3838238,2022,0.20982220698090728,0.28716468639155485,0.503013106627538,2012-2021
3838252,2022,0.5622681547957122,0.011182713259101999,0.4265491319451857,2012-2021
3838253,2022,0.16690386279569053,0.15882760171155041,0.6742685354927592,2012-2021
3838254,2022,0.115191070863125,0.14195666205526597,0.742852267081609,2012-2021
3838256,2022,0.15488729138143587,0.7060198613056226,0.13909284731294153,2012-2021
3838257,2022,0.6198712007724851,0.19424581884110198,0.18588298038641282,2012-2021
3838259,2022,0.5663766482950422,0.36919225093121333,0.06443110077374449,2012-2021
3838261,2022,0.19498105712518743,0.5154947084050097,0.289524234469803,2012-2021
3838255,2022,0.45849237092641,0.29955065232495437,0.24195697674863564,2012-2021
3838260,2022,0.5606184616363427,0.35263100879026377,0.08675052957339364,2012-2021
3838258,2022,0.06808773671897744,0.38459447783155154,0.547317785449471,2012-2021
3838265,2022,0.7153414503102029,0.23328619015634539,0.05137235953345174,2012-2021
3838270,2022,0.1071702466517891,0.3143504191046773,0.5784793342435335,2012-2021
3838262,2022,0.5058722456321368,0.20932052982085916,0.284807224547004,2012-2021
3838263,2022,0.10790895700450757,0.3262127811067935,0.5658782618886988,2012-2021
3838264,2022,0.7807094200596074,0.12131414580960699,0.09797643413078556,2012-2021
3838266,2022,0.7527079245368455,0.17449554443724766,0.07279653102590686,2012-2021
3838267,2022,0.8720863597039317,0.12443772482166766,0.00347591547440066,2012-2021
3838271,2022,0.10731016515867796,0.3613626534665819,0.5313271813747402,2012-2021
3838268,2022,0.053549973347922074,0.11362474251873421,0.8328252841333437,2012-2021
3838269,2022,0.4611114955200798,0.3695440437764957,0.1693444607034246,2012-2021
3838274,2022,0.2047393622895938,0.2559001400089754,0.5393604977014308,2012-2021
3838272,2022,0.496033742478551,0.3235628808431578,0.1804033766782912,2012-2021
3838277,2022,0.13278794819031114,0.2722093533292913,0.5950026984803976,2012-2021
3838279,2022,0.1559269562340723,0.6488416034292904,0.19523144033663734,2012-2021
3838280,2022,0.9018033099507263,0.05432493132874785,0.04387175872052576,2012-2021
3838278,2022,0.510789920049401,0.030321375676282618,0.45888870427431633,2012-2021
3838273,2022,0.282803118455872,0.5429575178290413,0.17423936371508658,2012-2021
3838276,2022,0.3083933540771512,0.1967400600304541,0.49486658589239474,2012-2021
3838281,2022,0.768532782252633,0.17831784635927495,0.0531493713880922,2012-2021
3838275,2022,0.3229739867780852,0.1587406329673086,0.5182853802546062,2012-2021
3837991,2022,0.3151664311849134,0.40898192992673127,0.27585163888835534,2012-2021
3838791,2022,0.2644918548521186,0.5150979052235776,0.22041023992430378,2012-2021
3838792,2022,0.7951911273946237,0.0666765663712137,0.13813230623416248,2012-2021
3838793,2022,0.49170660998969723,0.28177265869733864,0.22652073131296405,2012-2021
3838795,2022,0.4344278683606291,0.45134143092360235,0.11423070071576867,2012-2021
3838797,2022,0.21906389063796863,0.3300729025810255,0.4508632067810059,2012-2021
3838799,2022,0.07005356876326216,0.6323479646277841,0.2975984666089538,2012-2021
3838800,2022,0.483546025839405,0.30111736258668065,0.2153366115739143,2012-2021
3838794,2022,0.9086043228792094,0.06143652982507765,0.029959147295712855,2012-2021
3838796,2022,0.44430426395816136,0.2389610302700396,0.3167347057717992,2012-2021
3838798,2022,0.9227502069299763,0.047482350886742186,0.02976744218328155,2012-2021
3837990,2022,0.22249219152417388,0.49172457796695723,0.2857832305088688,2012-2021
3837995,2022,0.4668769229642512,0.31294557359168024,0.22017750344406858,2012-2021
3838782,2022,0.1840022807637153,0.35974124010091557,0.4562564791353692,2012-2021
3838783,2022,0.46042370091112234,0.27447967836047293,0.26509662072840484,2012-2021
3838784,2022,0.5148374316984956,0.3528777160429464,0.13228485225855804,2012-2021
3838786,2022,0.26941942220311815,0.2619187092804297,0.468661868516452,2012-2021
3838787,2022,0.11201295192643489,0.2432544605834155,0.6447325874901495,2012-2021
3838790,2022,0.10234672546741187,0.3975064385762285,0.5001468359563596,2012-2021
3838781,2022,0.8248245323058646,0.06889588430373629,0.10627958339039915,2012-2021
3838785,2022,0.8492965552380549,0.09856801222931061,0.05213543253263461,2012-2021
3838788,2022,0.14140664249255624,0.4069280963477231,0.45166526115972055,2012-2021
3838789,2022,0.5561697453253701,0.41136782791913323,0.032462426755496585,2012-2021
3838774,2022,0.3014795073883524,0.28249143847913505,0.41602905413251245,2012-2021
3838771,2022,0.6465162766861573,0.09564252093716731,0.25784120237667535,2012-2021
3838772,2022,0.37957620821853266,0.04055002613547597,0.5798737656459914,2012-2021
3838773,2022,0.8198160329105906,0.13465736502906167,0.04552660206034782,2012-2021
3838775,2022,0.0639666509993914,0.2692946559054249,0.6667386930951837,2012-2021
3838776,2022,0.8137226761494196,0.08559621974777691,0.10068110410280336,2012-2021
3838777,2022,0.20535045495745258,0.3336861496862694,0.46096339535627806,2012-2021
3838780,2022,0.5407782275994072,0.379840826442554,0.07938094595803875,2012-2021
3838778,2022,0.39439649996986254,0.4328944888499065,0.17270901118023105,2012-2021
3838779,2022,0.4098819943194227,0.22036086804527483,0.36975713763530244,2012-2021
3838003,2022,0.8816835342720323,0.04009836675476175,0.07821809897320603,2012-2021
3838762,2022,0.24634674429950595,0.55542592548806,0.1982273302124339,2012-2021
3838761,2022,0.41141270796332846,0.4008816843108845,0.1877056077257871,2012-2021
3838766,2022,0.6443590751940732,0.12934161440174585,0.22629931040418103,2012-2021
3838769,2022,0.8102253489243274,0.13577029753443265,0.05400435354123996,2012-2021
3838768,2022,0.0377311810315458,0.06991622906153462,0.8923525899069197,2012-2021
3838767,2022,0.040247640526517185,0.062312230717195397,0.8974401287562874,2012-2021
3838765,2022,0.266004932313575,0.16568913735954843,0.5683059303268765,2012-2021
3838763,2022,0.42333946075226236,0.5177635364927732,0.05889700275496458,2012-2021
3838770,2022,0.44186881728470856,0.32313227244915527,0.23499891026613626,2012-2021
3838764,2022,0.3089253740154663,0.23893283097163306,0.45214179501290075,2012-2021
3838051,2022,0.5008834027036027,0.2369218716467382,0.2621947256496591,2012-2021
3838754,2022,0.6246043811061521,0.29561325660841814,0.07978236228542981,2012-2021
3838751,2022,0.3147598590777332,0.17762622322131172,0.5076139177009551,2012-2021
3838753,2022,0.40244515491927235,0.14225558346382658,0.455299261616901,2012-2021
3838752,2022,0.609708260495833,0.17875154406210664,0.21154019544206024,2012-2021
3838758,2022,0.3794481541309623,0.24430308384084126,0.3762487620281964,2012-2021
3838757,2022,0.5898602018780005,0.3531454169550562,0.05699438116694338,2012-2021
3838760,2022,0.12203762830072731,0.10269128525718178,0.7752710864420909,2012-2021
3838755,2022,0.17735857342324649,0.7110485625254586,0.1115928640512949,2012-2021
3838756,2022,0.7085291686144762,0.10789912782732393,0.18357170355819988,2012-2021
3838759,2022,0.687010581874967,0.2056091726171194,0.10738024550791361,2012-2021
3838744,2022,0.32471655749776296,0.5349808576451536,0.14030258485708352,2012-2021
3838741,2022,0.09060183905567164,0.24840820946103193,0.6609899514832963,2012-2021
3838742,2022,0.30763379074115427,0.28313646318420327,0.40922974607464246,2012-2021
3838743,2022,0.3064180229019338,0.32606046326134874,0.36752151383671744,2012-2021
3838745,2022,0.4644154046096511,0.38533233465880246,0.1502522607315464,2012-2021
3838746,2022,0.5419480916354209,0.20857265444295037,0.2494792539216287,2012-2021
3838750,2022,0.5601393721581974,0.1136600896481678,0.32620053819363476,2012-2021
3838749,2022,0.3012891856518572,0.4781704899524789,0.22054032439566396,2012-2021
3837989,2022,0.8535358319428651,0.03128816586736445,0.11517600218977042,2012-2021
3837994,2022,0.8195051874496868,0.13128749113143645,0.04920732141887672,2012-2021
3838739,2022,0.4105762177950821,0.46625643704255915,0.12316734516235893,2012-2021
3838740,2022,0.9793598993829715,0.01157858023543317,0.009061520381595368,2012-2021
3838731,2022,0.1854748402975341,0.23792443539173705,0.5766007243107288,2012-2021
3838732,2022,0.46728919374642897,0.2720181528668889,0.2606926533866822,2012-2021
3838734,2022,0.8354637015023396,0.10640177741317633,0.05813452108448411,2012-2021
3838736,2022,0.2396391576470326,0.3076757593069393,0.45268508304602795,2012-2021
3838737,2022,0.5152707185819226,0.3147322934278751,0.16999698799020233,2012-2021
3838733,2022,0.4318393888514119,0.04203037479065751,0.5261302363579305,2012-2021
3838735,2022,0.33941867255727565,0.4173995244989893,0.2431818029437351,2012-2021
3838738,2022,0.5271860175195066,0.24144641577636672,0.23136756670412675,2012-2021
3838721,2022,0.12628186438618666,0.2834737694107185,0.5902443662030947,2012-2021
3838722,2022,0.14561362808002323,0.3137049304055217,0.5406814415144551,2012-2021
3838723,2022,0.18739049001300795,0.044611949293054,0.767997560693938,2012-2021
3838725,2022,0.046413881851171575,0.1043412025519298,0.8492449155968986,2012-2021
3838727,2022,0.8702028219454652,0.06417512888586933,0.06562204916866543,2012-2021
3838730,2022,0.16276864039741876,0.5579957607750596,0.2792355988275217,2012-2021
3838724,2022,0.1261062253279721,0.06765175557697779,0.80624201909505,2012-2021
3838726,2022,0.873888507388491,0.07741352476777003,0.04869796784373899,2012-2021
3838728,2022,0.5522561336669574,0.3973730968178303,0.05037076951521234,2012-2021
3838729,2022,0.8632088993451159,0.10173737104901179,0.03505372960587235,2012-2021
3837996,2022,0.552102197358575,0.26660929408180345,0.1812885085596216,2012-2021
3838000,2022,0.6242259654649142,0.1959028774088671,0.17987115712621873,2012-2021
3838718,2022,0.10077964335888862,0.16137173704011912,0.7378486196009924,2012-2021
3838712,2022,0.5521589096266833,0.24762737205758142,0.20021371831573517,2012-2021
3838713,2022,0.8702720274281494,0.05302506165418516,0.07670291091766554,2012-2021
3838715,2022,0.6031576565803947,0.3223190872012399,0.07452325621836542,2012-2021
3838719,2022,0.5227383426232985,0.18580748734168936,0.291454170035012,2012-2021
3838720,2022,0.28540597763986303,0.25356157303891247,0.4610324493212245,2012-2021
3838711,2022,0.9329079363500756,0.026715814483900438,0.040376249166023864,2012-2021
3838706,2022,0.5990258091382056,0.19407407482344358,0.20690011603835093,2012-2021
3838704,2022,0.7596482180507611,0.020040542883611567,0.22031123906562738,2012-2021
3838709,2022,0.3339053094782678,0.3814200201908935,0.2846746703308388,2012-2021
3838702,2022,0.3415275500159454,0.30967536642522697,0.34879708355882755,2012-2021
3838708,2022,0.4550433378840045,0.2957721159429402,0.24918454617305527,2012-2021
3838710,2022,0.9654668173286239,0.023468532038111445,0.011064650633264709,2012-2021
3838707,2022,0.8859770455625753,0.07239969987911314,0.041623254558311486,2012-2021
3838701,2022,0.5665318585210709,0.13852871195261074,0.29493942952631835,2012-2021
3838703,2022,0.32069147936442594,0.2796384746923603,0.39967004594321376,2012-2021
3838705,2022,0.4514984336642206,0.11234050121055336,0.43616106512522596,2012-2021
3837992,2022,0.3151799880961531,0.4646303582251074,0.2201896536787394,2012-2021
3837993,2022,0.2785579660582433,0.3631500778627743,0.3582919560789824,2012-2021
3837988,2022,0.33467952461131645,0.10495889943655297,0.5603615759521304,2012-2021
3838001,2022,0.277100772649586,0.26087306860791976,0.4620261587424943,2012-2021
3837997,2022,0.47439821986730774,0.24880347157881805,0.27679830855387416,2012-2021
3838747,2022,0.5754644484455392,0.26505743798234804,0.15947811357211278,2012-2021
3838691,2022,0.37947987177289083,0.3922035741392979,0.22831655408781132,2012-2021
3838692,2022,0.5059090472483071,0.37898313635971326,0.11510781639197966,2012-2021
3838693,2022,0.31686708043949363,0.11286086953969045,0.5702720500208159,2012-2021
3838694,2022,0.49429087743287337,0.3749349052156954,0.1307742173514311,2012-2021
3838696,2022,0.3034150571562306,0.5720165603003282,0.1245683825434413,2012-2021
3838698,2022,0.2782940452201789,0.4728303582344897,0.24887559654533137,2012-2021
3838699,2022,0.20313460552406318,0.34670825198671074,0.45015714248922606,2012-2021
3838700,2022,0.5818340337866437,0.29134483314846465,0.12682113306489173,2012-2021
3838695,2022,0.283329522993091,0.22395523401581854,0.4927152429910905,2012-2021
3838697,2022,0.5041653881155884,0.11741403801062879,0.37842057387378286,2012-2021
3838678,2022,0.8608387833955009,0.0834480881049598,0.05571312849953942,2012-2021
3838676,2022,0.33744971432326787,0.1717534375630579,0.49079684811367413,2012-2021
3838683,2022,0.6031599584850874,0.22807245669505963,0.168767584819853,2012-2021
3838675,2022,0.34932106417413433,0.14563792246273102,0.5050410133631347,2012-2021
3838681,2022,0.9509573331189216,0.03863042930525231,0.010412237575826147,2012-2021
3838684,2022,0.15931570981358129,0.20602745333247252,0.6346568368539462,2012-2021
3838679,2022,0.33451487518401274,0.3716629182780479,0.2938222065379394,2012-2021
3838677,2022,0.10149936807825405,0.045299579368906905,0.8532010525528391,2012-2021
3838680,2022,0.03903083838954239,0.17509089180029955,0.7858782698101582,2012-2021
3838682,2022,0.21283394959656748,0.5197559603104799,0.2674100900929526,2012-2021
3838674,2022,0.9682636427469753,0.01794820510945559,0.013788152143569196,2012-2021
3838669,2022,0.6888242227172194,0.2888021671973895,0.02237361008539113,2012-2021
3838667,2022,0.9781732579186296,0.013116248559012894,0.0087104935223576,2012-2021
3838670,2022,0.4162580202666512,0.22086436057886297,0.36287761915448574,2012-2021
3838672,2022,0.17402413941594963,0.46023126899869476,0.36574459158535555,2012-2021
3838668,2022,0.12245826900016062,0.42965829764797075,0.4478834333518687,2012-2021
3838665,2022,0.5888369382968698,0.23888613211440285,0.1722769295887273,2012-2021
3838673,2022,0.343875693601855,0.10945905679208057,0.5466652496060643,2012-2021
3838656,2022,0.187383441248897,0.5767307000082874,0.23588585874281556,2012-2021
3838658,2022,0.4668169881430687,0.23704149946971415,0.29614151238721714,2012-2021
3838653,2022,0.137606163698045,0.5727824098727641,0.2896114264291909,2012-2021
3838651,2022,0.7707781568329347,0.12206151181399798,0.10716033135306721,2012-2021
3838649,2022,0.22563687594913337,0.5498857098090834,0.22447741424178333,2012-2021
3838655,2022,0.4135269725241852,0.25483553060917497,0.3316374968666398,2012-2021
3838654,2022,0.16745240973985998,0.22226000816090638,0.6102875820992335,2012-2021
3838650,2022,0.3485890391260556,0.2558786448692892,0.39553231600465516,2012-2021
3838652,2022,0.2201682473343674,0.2011116525391689,0.5787201001264637,2012-2021
3838657,2022,0.10993477543691983,0.6184988325240317,0.2715663920390485,2012-2021
3838644,2022,0.411617455626164,0.38156775912055474,0.20681478525328126,2012-2021
3838645,2022,0.6041238094008925,0.19974846939946966,0.19612772119963784,2012-2021
3838646,2022,0.4107382441119778,0.2075571081917429,0.3817046476962793,2012-2021
3838639,2022,0.5711052042027521,0.405193899426587,0.02370089637066071,2012-2021
3838640,2022,0.4566124104598401,0.4323180496962893,0.11106953984387062,2012-2021
3838641,2022,0.11096765029755722,0.7938262809145633,0.09520606878787949,2012-2021
3838643,2022,0.028805287659149068,0.07700207159345841,0.8941926407473925,2012-2021
3838647,2022,0.4014645803816744,0.2306949736913376,0.367840445926988,2012-2021
3838642,2022,0.43807366670180703,0.2030933468920767,0.3588329864061164,2012-2021
3838648,2022,0.8479473443931932,0.04834351739711176,0.10370913820969505,2012-2021
3838716,2022,0.6617533954766578,0.050870488942504746,0.28737611558083737,2012-2021
3838717,2022,0.9296354697399153,0.03611974595693584,0.034244784303148916,2012-2021
3838714,2022,0.5938803878156013,0.24937018456438215,0.15674942762001662,2012-2021
3838623,2022,0.5176647397399031,0.07810585949138928,0.40422940076870767,2012-2021
3838626,2022,0.622900353954252,0.02436169574768845,0.35273795029805943,2012-2021
3838627,2022,0.9176550862112698,0.07471474886306105,0.007630164925669048,2012-2021
3838629,2022,0.13579647643642279,0.35511685754059474,0.5090866660229825,2012-2021
3838631,2022,0.7371581697641991,0.188638467183975,0.07420336305182584,2012-2021
3838628,2022,0.27589224295225806,0.3581065927948136,0.36600116425292833,2012-2021
3838630,2022,0.1878509609265611,0.16464628079571578,0.6475027582777232,2012-2021
3838624,2022,0.7054689812731794,0.27010384827734074,0.0244271704494798,2012-2021
3838625,2022,0.3807946917495899,0.3762901566331451,0.24291515161726498,2012-2021
3838632,2022,0.4555262703469252,0.290660712073206,0.2538130175798688,2012-2021
3838614,2022,0.8456330130970103,0.1007524358553656,0.053614551047623915,2012-2021
3838616,2022,0.7461647817514563,0.03881387232160656,0.2150213459269371,2012-2021
3838617,2022,0.4958592072589174,0.32575130475574116,0.17838948798534138,2012-2021
3838619,2022,0.029931318809337155,0.060469718005309245,0.9095989631853536,2012-2021
3838621,2022,0.3085848699879095,0.542076334531918,0.14933879548017245,2012-2021
3838622,2022,0.18632364745340244,0.3982811739179386,0.41539517862865893,2012-2021
3838618,2022,0.20071292068489682,0.1652119329454909,0.6340751463696122,2012-2021
3838613,2022,0.6670079967925896,0.045635628748100385,0.28735637445930995,2012-2021
3838615,2022,0.6806042590920646,0.17476685114935636,0.14462888975857918,2012-2021
3838620,2022,0.5695727466708148,0.24694203986800195,0.1834852134611832,2012-2021
3838748,2022,0.29187780144079756,0.44543910903513523,0.26268308952406727,2012-2021
3838603,2022,0.3004061341766142,0.19893932019161964,0.5006545456317661,2012-2021
3838605,2022,0.5132596677025187,0.291898831094803,0.1948415012026782,2012-2021
3838606,2022,0.8733245290879891,0.062154259827118384,0.06452121108489255,2012-2021
3838609,2022,0.03312523042427425,0.1338427648547679,0.833032004720958,2012-2021
3838610,2022,0.1136075231190474,0.7026886678125247,0.18370380906842798,2012-2021
3838612,2022,0.44772272393396273,0.3175692743369637,0.23470800172907352,2012-2021
3838611,2022,0.5440361142037654,0.08541203422918872,0.37055185156704595,2012-2021
3838604,2022,0.58584330048859,0.37959965231801457,0.03455704719339553,2012-2021
3838607,2022,0.8960717290668301,0.09464364700582871,0.009284623927341286,2012-2021
3838608,2022,0.39940797302654335,0.5956384510770909,0.004953575896365772,2012-2021
3838671,2022,0.045766230874113564,0.463507487204894,0.4907262819209925,2012-2021
3838666,2022,0.4657352316355693,0.39415815467500764,0.1401066136894232,2012-2021
3838596,2022,0.3584526765326537,0.08549654048756636,0.55605078297978,2012-2021
3838593,2022,0.8641855488427351,0.0873944603688063,0.04841999078845866,2012-2021
3838594,2022,0.837052879102836,0.05794451037907504,0.10500261051808901,2012-2021
3838595,2022,0.06677848809302478,0.16340250961285768,0.7698190022941175,2012-2021
3838597,2022,0.4508592502290871,0.21698991002295723,0.33215083974795556,2012-2021
3838598,2022,0.273129801304997,0.4141379901913563,0.31273220850364664,2012-2021
3838600,2022,0.4408373175253936,0.4645388432953758,0.0946238391792306,2012-2021
3838601,2022,0.6615776867786612,0.05525577811886381,0.2831665351024749,2012-2021
3838602,2022,0.019570294928158576,0.08802213849995287,0.8924075665718886,2012-2021
3838599,2022,0.1051218264068147,0.16550019875057442,0.7293779748426108,2012-2021
4095063,2023,0.6561815038044526,0.14940112918035398,0.1944173670151934,2012-2022
4095067,2023,0.08453183943363114,0.6847709818586966,0.23069717870767228,2012-2022
4095070,2023,0.8846600241956576,0.05948913790892509,0.05585083789541726,2012-2022
4095062,2023,0.302818114609114,0.4107644604944677,0.2864174248964183,2012-2022
4095064,2023,0.8997182822407439,0.08280349174985269,0.01747822600940332,2012-2022
4095066,2023,0.5952082485710775,0.23972275144378516,0.16506899998513735,2012-2022
4095068,2023,0.7938246348729596,0.11224111747362658,0.09393424765341378,2012-2022
4095071,2023,0.20874749571544485,0.08131209141498594,0.7099404128695691,2012-2022
4095140,2023,0.41387985820082,0.5416449256680971,0.04447521613108298,2012-2022
4095137,2023,0.4466071610257754,0.1588459455594632,0.39454689341476135,2012-2022
4095138,2023,0.6022144673259785,0.3327300135395114,0.06505551913451003,2012-2022
4095136,2023,0.10427336149004263,0.1717016335241105,0.7240250049858469,2012-2022
4095142,2023,0.5824635929211184,0.37835188234085526,0.03918452473802637,2012-2022
4095143,2023,0.2929157729003178,0.45841118633678235,0.24867304076289995,2012-2022
4095145,2023,0.025045427143588348,0.05873434393235452,0.9162202289240572,2012-2022
4095144,2023,0.6959098383203411,0.24974509279671195,0.05434506888294692,2012-2022
4095141,2023,0.17472713363404171,0.503269915763746,0.3220029506022122,2012-2022
4095139,2023,0.4822009668408751,0.19126445532606665,0.32653457783305817,2012-2022
4087938,2023,0.6146946245145531,0.24266740898406727,0.14263796650137958,2012-2022
4095150,2023,0.5329993749722348,0.35503823987529665,0.11196238515246858,2012-2022
4095148,2023,0.3347119883153413,0.23837123580981326,0.42691677587484544,2012-2022
4095149,2023,0.39906824611606634,0.4028774323930143,0.19805432149091942,2012-2022
4095152,2023,0.14032074076492715,0.24840144588566326,0.6112778133494096,2012-2022
4095153,2023,0.361802920515294,0.4740571054118781,0.16413997407282782,2012-2022
4095151,2023,0.3947851766503448,0.5360539344480149,0.0691608889016405,2012-2022
4095146,2023,0.24360111154958963,0.3827882174072699,0.3736106710431404,2012-2022
4095147,2023,0.17397531017321954,0.5769774869488032,0.2490472028779773,2012-2022
4095154,2023,0.4416929684056719,0.2768496312547894,0.28145740033953875,2012-2022
4095155,2023,0.09213314088123647,0.6631122306619873,0.24475462845677615,2012-2022
4095160,2023,0.6903735602134113,0.25929446895960795,0.05033197082698078,2012-2022
4095156,2023,0.527755091262971,0.14801040026122597,0.324234508475803,2012-2022
4095158,2023,0.633391679913887,0.34956363849516453,0.017044681590948407,2012-2022
4095159,2023,0.18843491384741284,0.11627742783655441,0.6952876583160328,2012-2022
4095162,2023,0.7606426214614433,0.195078794917765,0.04427858362079163,2012-2022
4095163,2023,0.557270886337195,0.3562160867197114,0.08651302694309361,2012-2022
4095164,2023,0.022933198116067966,0.3190591951073676,0.6580076067765644,2012-2022
4095161,2023,0.7350871683105081,0.12163530437726502,0.14327752731222676,2012-2022
4095157,2023,0.6266502545396059,0.17384987932714627,0.19949986613324788,2012-2022
4095165,2023,0.7225957898841743,0.08344618001775105,0.19395803009807464,2012-2022
4095171,2023,0.24736355911815672,0.43419308278234714,0.3184433580994962,2012-2022
4095167,2023,0.9108926798172672,0.0871461883256251,0.001961131857107735,2012-2022
4095166,2023,0.4318275874573752,0.3216265163919948,0.24654589615063005,2012-2022
4095175,2023,0.0703816048600957,0.1358910081902187,0.7937273869496856,2012-2022
4095170,2023,0.2542728162683571,0.4392959781517316,0.3064312055799113,2012-2022
4095168,2023,0.9062554137792247,0.037098705695137825,0.056645880525637536,2012-2022
4095169,2023,0.557031025481496,0.31792639878791745,0.1250425757305865,2012-2022
4095172,2023,0.5838265687908872,0.17730153135243953,0.23887189985667323,2012-2022
4095173,2023,0.1744238166005929,0.09259307748360013,0.732983105915807,2012-2022
4095174,2023,0.4261267874338473,0.5249727970956475,0.04890041547050512,2012-2022
4095177,2023,0.4253332963179295,0.4116260695265161,0.16304063415555428,2012-2022
4095179,2023,0.24520794856665268,0.26057712289393353,0.4942149285394137,2012-2022
4095178,2023,0.4746995778357036,0.32080794672202667,0.20449247544226973,2012-2022
4095182,2023,0.18420903130443517,0.6657127843647604,0.15007818433080442,2012-2022
4095181,2023,0.881337761614445,0.0821970761342919,0.036465162251262985,2012-2022
4095184,2023,0.05039907693924528,0.45912187175002395,0.4904790513107307,2012-2022
4095176,2023,0.30848665476200404,0.47967506848520264,0.21183827675279318,2012-2022
4095180,2023,0.10510855821670013,0.41234377472543615,0.4825476670578637,2012-2022
4095183,2023,0.07027602794386871,0.5400905569215332,0.3896334151345981,2012-2022
4095185,2023,0.9369770644438926,0.03751849617265846,0.02550443938344881,2012-2022
4095187,2023,0.8568095410302586,0.14138044221873278,0.0018100167510086338,2012-2022
4095193,2023,0.8178826945132229,0.14175125998532662,0.040366045501450454,2012-2022
4095186,2023,0.3650277675503508,0.35968831230221093,0.2752839201474383,2012-2022
4095195,2023,0.3464775765690611,0.16233813349698545,0.4911842899339536,2012-2022
4095191,2023,0.24362314461159687,0.42557032318039867,0.3308065322080045,2012-2022
4095188,2023,0.6466210564927763,0.08550116618290178,0.267877777324322,2012-2022
4095189,2023,0.6760142281727324,0.3093214825262287,0.01466428930103885,2012-2022
4095190,2023,0.16237054013417354,0.2856059888042003,0.5520234710616261,2012-2022
4095192,2023,0.7848006721157399,0.17483314005963568,0.04036618782462443,2012-2022
4095194,2023,0.25826913828432585,0.33004190843903736,0.41168895327663685,2012-2022
4095197,2023,0.0507969227508823,0.32479795570272246,0.624405121546395,2012-2022
4095201,2023,0.6067152864582455,0.10589719263220618,0.28738752090954833,2012-2022
4095200,2023,0.408610294704235,0.1795026101740404,0.4118870951217245,2012-2022
4095203,2023,0.3826565257493297,0.37553552200425816,0.24180795224641216,2012-2022
4095202,2023,0.7070514612243171,0.1858325525469908,0.10711598622869223,2012-2022
4095204,2023,0.7142174233907408,0.16689650254282462,0.11888607406643459,2012-2022
4095196,2023,0.33340777404509125,0.42069190089390834,0.24590032506100035,2012-2022
4095198,2023,0.46434155312022163,0.3216119697497659,0.21404647713001254,2012-2022
4095205,2023,0.5173993148942833,0.29827761110385687,0.18432307400185982,2012-2022
4095199,2023,0.2931475588406921,0.43254065016377635,0.2743117909955315,2012-2022
4095207,2023,0.5753542669624486,0.39217117471464363,0.03247455832290777,2012-2022
4095208,2023,0.2983792611720821,0.5945159424495962,0.10710479637832182,2012-2022
4095209,2023,0.812781735647973,0.06450384832313606,0.12271441602889105,2012-2022
4095213,2023,0.905201204488155,0.04770094830154169,0.04709784721030328,2012-2022
4095214,2023,0.4018499846616068,0.2689817934647492,0.329168221873644,2012-2022
4095210,2023,0.5551851706896613,0.21160069036371365,0.23321413894662496,2012-2022
4095212,2023,0.7640182584671082,0.12885368700922764,0.107128054523664,2012-2022
4095206,2023,0.22221775859425918,0.49862408741156744,0.27915815399417343,2012-2022
4095215,2023,0.2231996820574011,0.6009006864370957,0.17589963150550314,2012-2022
4095211,2023,0.7213482743089445,0.01826063675393515,0.2603910889371204,2012-2022
4095220,2023,0.05534045958763048,0.2340852073382564,0.7105743330741131,2012-2022
4095223,2023,0.2053045522432217,0.6154584780605825,0.1792369696961958,2012-2022
4095216,2023,0.6346007044497085,0.04456329341218483,0.3208360021381067,2012-2022
4095217,2023,0.36247868854432913,0.4461289924026434,0.1913923190530275,2012-2022
4095219,2023,0.3160482799063043,0.49825860435206126,0.1856931157416345,2012-2022
4095221,2023,0.015248399155098022,0.20891091772904025,0.7758406831158615,2012-2022
4095224,2023,0.30845613677462824,0.4026529683668947,0.288890894858477,2012-2022
4095225,2023,0.4763639805229768,0.38238426154760186,0.14125175792942135,2012-2022
4095218,2023,0.19436895535373241,0.28360422329162666,0.522026821354641,2012-2022
4095222,2023,0.29823371353704425,0.5816851753689489,0.12008111109400679,2012-2022
4095226,2023,0.5866957336538438,0.057356209721506096,0.3559480566246502,2012-2022
4095227,2023,0.6948521874578065,0.26258758519952813,0.04256022734266528,2012-2022
4095228,2023,0.18661204441595006,0.40535166378747,0.4080362917965801,2012-2022
4095232,2023,0.6153397863001171,0.3018918721635525,0.08276834153633036,2012-2022
4095233,2023,0.06473182388403613,0.4959303612886434,0.43933781482732054,2012-2022
4095235,2023,0.4362190517851961,0.3962221956475283,0.16755875256727554,2012-2022
4095229,2023,0.7627478190639081,0.14953999735248422,0.08771218358360766,2012-2022
4095230,2023,0.06832759389564275,0.16375798302460823,0.767914423079749,2012-2022
4095231,2023,0.030517319924728215,0.1280948162231564,0.8413878638521154,2012-2022
4095234,2023,0.6609499442374833,0.20885800933067072,0.13019204643184604,2012-2022
4095244,2023,0.0601632589416636,0.16395203707361042,0.7758847039847261,2012-2022
4095239,2023,0.2380472934280833,0.4075347845374845,0.3544179220344321,2012-2022
4095240,2023,0.824766677398125,0.13293592610813287,0.04229739649374207,2012-2022
4095242,2023,0.8865623727775983,0.08845307026374659,0.02498455695865513,2012-2022
4095243,2023,0.8661587639340824,0.032034640878341514,0.10180659518757607,2012-2022
4095237,2023,0.5632069579651596,0.3832183090749368,0.05357473295990362,2012-2022
4095238,2023,0.1271120737345043,0.22231111043261692,0.6505768158328787,2012-2022
4095241,2023,0.9293420221422881,0.05207734180794306,0.01858063604976877,2012-2022
4095245,2023,0.17493626647679536,0.7293758417348212,0.0956878917883835,2012-2022
4095247,2023,0.2777714838283663,0.2715513901647115,0.45067712600692217,2012-2022
4095246,2023,0.9678657218121273,0.017999191912840155,0.014135086275032654,2012-2022
4095248,2023,0.7772228590881188,0.1385354878062657,0.08424165310561554,2012-2022
4095249,2023,0.46152889141654646,0.3583066716582339,0.18016443692521966,2012-2022
4095250,2023,0.11100244356508632,0.2697035874327006,0.619293969002213,2012-2022
4095252,2023,0.1542109744580465,0.09871593674312296,0.7470730887988305,2012-2022
4095253,2023,0.6318503737795541,0.2745987777970282,0.0935508484234177,2012-2022
4095254,2023,0.41450847352379044,0.2371035796693283,0.3483879468068811,2012-2022
4095255,2023,0.2929859928084619,0.26516301477918325,0.4418509924123548,2012-2022
4095256,2023,0.360049195440865,0.3549176320955017,0.28503317246363324,2012-2022
4095260,2023,0.021262665665630426,0.0966084999154819,0.8821288344188876,2012-2022
4095263,2023,0.3061868016029775,0.42595917283604134,0.2678540255609812,2012-2022
4095264,2023,0.8577291709287183,0.0302798384797375,0.11199099059154433,2012-2022
4095265,2023,0.23582183787245573,0.41328220410059874,0.35089595802694545,2012-2022
4095258,2023,0.3205106949716907,0.2867178732704162,0.3927714317578931,2012-2022
4095261,2023,0.5094926042786975,0.38679490721021315,0.10371248851108941,2012-2022
4095262,2023,0.24993163826868123,0.23488894821386733,0.5151794135174514,2012-2022
4095257,2023,0.8720640878416399,0.05250049981410064,0.07543541234425957,2012-2022
4095259,2023,0.1403724292929751,0.25403907211338167,0.6055884985936433,2012-2022
4095270,2023,0.2482173140085834,0.29620532874783906,0.45557735724357745,2012-2022
4095266,2023,0.5155572494871531,0.3069044180668277,0.17753833244601916,2012-2022
4095267,2023,0.605170493714937,0.2534266990269765,0.14140280725808646,2012-2022
4095272,2023,0.40193128113700183,0.38549495367025516,0.2125737651927431,2012-2022
4095275,2023,0.38053969406746435,0.4348790275257615,0.18458127840677413,2012-2022
4095271,2023,0.9197529364350226,0.057617004703343855,0.02263005886163353,2012-2022
4095268,2023,0.08610226259023139,0.2259432176379431,0.6879545197718254,2012-2022
4095273,2023,0.85278972181586,0.1268185783007773,0.020391699883362716,2012-2022
4095269,2023,0.7864043343511199,0.14816518905853465,0.06543047659034554,2012-2022
4095274,2023,0.32144966517238,0.3096068179757136,0.36894351685190657,2012-2022
4095280,2023,0.514244625216245,0.25878009303274685,0.2269752817510081,2012-2022
4095281,2023,0.5074530174524058,0.12952413649172975,0.3630228460558644,2012-2022
4095284,2023,0.13114418971121353,0.4287639449059381,0.44009186538284834,2012-2022
4095282,2023,0.23841346868737484,0.29330758892698183,0.4682789423856433,2012-2022
4095283,2023,0.22603150732200863,0.47034410319934894,0.3036243894786425,2012-2022
4095277,2023,0.6553157915137501,0.2538687357726337,0.09081547271361619,2012-2022
4095278,2023,0.2965762411752008,0.2878471990247905,0.4155765598000086,2012-2022
4095276,2023,0.03938405613615353,0.08767126020923269,0.8729446836546139,2012-2022
4095285,2023,0.11982564070989198,0.19570522391875128,0.6844691353713567,2012-2022
4095279,2023,0.43505766651954014,0.17240928204396763,0.3925330514364922,2012-2022
4095288,2023,0.2146599197750991,0.23485817393271255,0.5504819062921884,2012-2022
4095286,2023,0.37267668995325604,0.31362467628247903,0.31369863376426504,2012-2022
4095289,2023,0.10180883475278701,0.5412544220168901,0.3569367432303229,2012-2022
4095293,2023,0.5762439272353533,0.2924713292227552,0.13128474354189154,2012-2022
4095287,2023,0.16818358950373405,0.647198332907366,0.1846180775889,2012-2022
4095290,2023,0.44419649725492366,0.43200016874979774,0.12380333399527858,2012-2022
4095294,2023,0.663838185960491,0.2611395117728983,0.07502230226661066,2012-2022
4095295,2023,0.8247030737620265,0.1503098637318227,0.024987062506150744,2012-2022
4095291,2023,0.4052788557770006,0.49911179636414815,0.09560934785885122,2012-2022
4095292,2023,0.3790072633681755,0.27064138157185924,0.35035135505996523,2012-2022
4095299,2023,0.21129436050939018,0.689132970698517,0.0995726687920929,2012-2022
4095300,2023,0.38266243821920265,0.09238488406527585,0.5249526777155215,2012-2022
4095302,2023,0.05802196710679679,0.4880144203484382,0.4539636125447649,2012-2022
4095304,2023,0.4887911096088981,0.42964714760307093,0.08156174278803094,2012-2022
4095305,2023,0.040113345463168186,0.20666637817011235,0.7532202763667194,2012-2022
4095297,2023,0.08943493019869274,0.8039544924725813,0.10661057732872585,2012-2022
4095301,2023,0.17944915651787247,0.36264422010927816,0.4579066233728494,2012-2022
4095296,2023,0.3399348557651768,0.4043131146184388,0.2557520296163844,2012-2022
4095303,2023,0.5183940423990085,0.3201457538869032,0.1614602037140883,2012-2022
4095298,2023,0.06925230311018729,0.6549508664556477,0.275796830434165,2012-2022
4095312,2023,0.5561822795147017,0.260795449362411,0.18302227112288735,2012-2022
4095313,2023,0.7681280921347414,0.2165225992010988,0.01534930866415988,2012-2022
4095314,2023,0.8490715559581449,0.08078078885369284,0.07014765518816228,2012-2022
4095315,2023,0.8942255781237586,0.08228504892270322,0.023489372953538184,2012-2022
4095316,2023,0.37131633806983794,0.41173903047537896,0.2169446314547831,2012-2022
4095317,2023,0.41453469093010387,0.2627283995681592,0.32273690950173706,2012-2022
4095319,2023,0.6865164743091281,0.21577617159570373,0.09770735409516819,2012-2022
4095310,2023,0.4223806239360404,0.357835538985339,0.2197838370786206,2012-2022
4095318,2023,0.29515232818006004,0.31096567465838554,0.3938819971615543,2012-2022
4095311,2023,0.18115113649094128,0.6358443208567937,0.18300454265226496,2012-2022
4095320,2023,0.11903401242976885,0.24198657412954827,0.6389794134406829,2012-2022
4095321,2023,0.017443853465626293,0.4644981384767705,0.5180580080576032,2012-2022
4095323,2023,0.2460554290488269,0.28641351894848194,0.4675310520026913,2012-2022
4095325,2023,0.8436535997815775,0.13576825521891633,0.020578144999506217,2012-2022
4095326,2023,0.743518523923187,0.2060272372270862,0.05045423884972671,2012-2022
4095327,2023,0.5020054624155965,0.38141093735913295,0.11658360022527046,2012-2022
4095329,2023,0.6299161921467468,0.1050455508067382,0.2650382570465149,2012-2022
4095324,2023,0.37825002505142435,0.3390257000664847,0.2827242748820909,2012-2022
4095328,2023,0.12225351251600053,0.044643328448217556,0.833103159035782,2012-2022
4095322,2023,0.5824330629497084,0.2351018280102827,0.18246510904000884,2012-2022
4095251,2023,0.8677772009349488,0.115359265860977,0.016863533204074167,2012-2022
4095336,2023,0.8794942642855199,0.07160753286572541,0.048898202848754804,2012-2022
4095330,2023,0.04204069397779998,0.3084941716420223,0.6494651343801778,2012-2022
4095331,2023,0.9122023390447273,0.07957975847716606,0.008217902478106751,2012-2022
4095332,2023,0.8287023297916954,0.15277677700480174,0.018520893203502777,2012-2022
4095333,2023,0.42656504808430434,0.2516020626603402,0.32183288925535547,2012-2022
4095335,2023,0.4338690204788359,0.4938753727288815,0.07225560679228274,2012-2022
4095337,2023,0.5072159975492361,0.1920132507639406,0.3007707516868233,2012-2022
4095339,2023,0.6680825790203612,0.21895858185520067,0.11295883912443822,2012-2022
4095338,2023,0.14969123209761148,0.6572773754497684,0.1930313924526202,2012-2022
4095340,2023,0.18130225597397742,0.3232214327809123,0.4954763112451102,2012-2022
4095343,2023,0.20857718794932015,0.26391120010776115,0.5275116119429187,2012-2022
4095346,2023,0.5282046831834162,0.1347473562328931,0.33704796058369063,2012-2022
4095342,2023,0.5676578882073461,0.31739403349381873,0.11494807829883524,2012-2022
4095349,2023,0.7615340224767181,0.16521377308457036,0.07325220443871157,2012-2022
4095347,2023,0.08650816440964536,0.08215519849542038,0.8313366370949344,2012-2022
4095344,2023,0.6034175337864458,0.1931283769819059,0.20345408923164832,2012-2022
4095341,2023,0.27181618986986245,0.25708510549464897,0.47109870463548853,2012-2022
4095345,2023,0.8722243101431305,0.10086224303992193,0.02691344681694754,2012-2022
4095348,2023,0.03658102104655778,0.014275895004281678,0.9491430839491606,2012-2022
4095351,2023,0.7192091450456457,0.2753427806901922,0.0054480742641620315,2012-2022
4095355,2023,0.5972766174050287,0.24532523548568094,0.15739814710929034,2012-2022
4095350,2023,0.7546427720863739,0.17183916439356056,0.07351806352006554,2012-2022
4095357,2023,0.6987969592296029,0.12835830731649112,0.17284473345390589,2012-2022
4095359,2023,0.3486415337669135,0.40326186177089296,0.24809660446219356,2012-2022
4095352,2023,0.7037094473484105,0.17302890353384306,0.12326164911774648,2012-2022
4095353,2023,0.5730930940772283,0.2691324105672079,0.15777449535556382,2012-2022
4095356,2023,0.652513761475079,0.2077910555837545,0.1396951829411666,2012-2022
4095358,2023,0.8974992041419669,0.08923761562329349,0.013263180234739635,2012-2022
4095354,2023,0.22766787020563878,0.5499606892953696,0.22237144049899168,2012-2022
4095236,2023,0.7413995988318979,0.14752105685504374,0.11107934431305845,2012-2022
4095362,2023,0.2332124379734737,0.28591856367728313,0.4808689983492431,2012-2022
4095365,2023,0.15973520089334967,0.2228945778364918,0.6173702212701584,2012-2022
4095366,2023,0.7118279891103322,0.23519059528156677,0.052981415608101094,2012-2022
4095368,2023,0.6215077295871376,0.068782242101575,0.30971002831128736,2012-2022
4095370,2023,0.5369053718038829,0.1194440127987738,0.3436506153973434,2012-2022
4095371,2023,0.7939378187142575,0.17974082517674023,0.026321356109002214,2012-2022
4095372,2023,0.11510177399852606,0.2659528068543726,0.6189454191471013,2012-2022
4095373,2023,0.822315675098286,0.10966724748929312,0.06801707741242083,2012-2022
4095376,2023,0.6639823383875743,0.18819526567754608,0.14782239593487967,2012-2022
4095377,2023,0.5223759100034974,0.19624782696761747,0.2813762630288851,2012-2022
4095378,2023,0.055282677969421636,0.440171474722039,0.5045458473085394,2012-2022
4095379,2023,0.9127412118564523,0.061518863391024456,0.025739924752523263,2012-2022
4095374,2023,0.7569389594128421,0.10735573975438564,0.13570530083277227,2012-2022
4095375,2023,0.7307718870469017,0.13707444620736448,0.1321536667457338,2012-2022
4095380,2023,0.34540331491573656,0.39247483855474485,0.2621218465295187,2012-2022
4095383,2023,0.4046143844628703,0.15364005144872242,0.44174556408840737,2012-2022
4095384,2023,0.24740555292148428,0.44358321825633196,0.3090112288221838,2012-2022
4095385,2023,0.23716526658497974,0.5859162566682767,0.17691847674674344,2012-2022
4095387,2023,0.669481869632727,0.2270962847264796,0.10342184564079339,2012-2022
4095382,2023,0.24125649053049272,0.34411863062167614,0.4146248788478311,2012-2022
4095389,2023,0.8862807268327032,0.04336166510230513,0.07035760806499168,2012-2022
4095381,2023,0.6976241073530728,0.2835433874521649,0.018832505194762376,2012-2022
4095386,2023,0.5365373940286631,0.3186704630430154,0.14479214292832152,2012-2022
4095388,2023,0.8703665448637814,0.1277245132290359,0.0019089419071827369,2012-2022
4095390,2023,0.7460272067075844,0.22057727975288147,0.03339551353953417,2012-2022
4095391,2023,0.15774447844504713,0.10375858753709968,0.7384969340178531,2012-2022
4095392,2023,0.17257821814695948,0.3394477846752212,0.48797399717781936,2012-2022
4095393,2023,0.4798820920737436,0.4315765596774129,0.08854134824884348,2012-2022
4095394,2023,0.2686666789155203,0.3545085510055552,0.3768247700789245,2012-2022
4095395,2023,0.35747411918578664,0.09887111701951184,0.5436547637947016,2012-2022
4095399,2023,0.37121542445779465,0.3906137257763607,0.23817084976584463,2012-2022
4095396,2023,0.3826702331855329,0.27512934348139645,0.3422004233330707,2012-2022
4095397,2023,0.03885036520928294,0.18022780849285008,0.780921826297867,2012-2022
4095398,2023,0.7155478361377081,0.18543632144076228,0.09901584242152958,2012-2022
4095400,2023,0.548678868346338,0.1962096345998062,0.25511149705385594,2012-2022
4095408,2023,0.36780723203143917,0.1285041946756608,0.5036885732929001,2012-2022
4095407,2023,0.23517852643551376,0.2440452415748681,0.5207762319896182,2012-2022
4095406,2023,0.816327348426061,0.14167757726715277,0.041995074306786256,2012-2022
4095403,2023,0.335953062380766,0.219162082619306,0.444884854999928,2012-2022
4095402,2023,0.7343276890821668,0.2519192848125983,0.013753026105234899,2012-2022
4095405,2023,0.5729980863207678,0.3909145798487356,0.036087333830496594,2012-2022
4095409,2023,0.533772062775773,0.32255545970494914,0.1436724775192778,2012-2022
4095401,2023,0.871807667985913,0.08151892759532582,0.04667340441876105,2012-2022
4095404,2023,0.8252167548185991,0.05002806906761982,0.1247551761137811,2012-2022
4095415,2023,0.2563401247891814,0.4886861690199465,0.254973706190872,2012-2022
4095417,2023,0.5325688681045077,0.22580192971509386,0.24162920218039846,2012-2022
4095419,2023,0.016401927098618433,0.057980057324916505,0.9256180155764652,2012-2022
4095410,2023,0.4205046904830638,0.5235730212158753,0.05592228830106077,2012-2022
4095412,2023,0.43318183673348376,0.244370812883104,0.3224473503834121,2012-2022
4095413,2023,0.4123652958312112,0.41821074854227197,0.16942395562651685,2012-2022
4095414,2023,0.06874984349989142,0.12285032030666333,0.8083998361934451,2012-2022
4095360,2023,0.782155593484189,0.2009536151538692,0.016890791361941975,2012-2022
4095363,2023,0.43447162649006665,0.17165125578680604,0.3938771177231272,2012-2022
4095364,2023,0.13855781990357763,0.6237308219052133,0.23771135819120903,2012-2022
4095367,2023,0.9175443086784234,0.053171485994749905,0.029284205326826632,2012-2022
4095369,2023,0.29122225101068994,0.23822721517524784,0.47055053381406214,2012-2022
4095361,2023,0.025855989960556172,0.7015717665849038,0.27257224345453995,2012-2022
4095421,2023,0.41692601242054006,0.4716948093835935,0.11137917819586647,2012-2022
4095424,2023,0.9067603545247418,0.06506064185335513,0.028179003621903127,2012-2022
4095423,2023,0.20845481057593368,0.3585786823845661,0.4329665070395003,2012-2022
4095429,2023,0.7107584414345339,0.12673081286211574,0.1625107457033503,2012-2022
4095425,2023,0.47027162707732156,0.4251495329485842,0.10457883997409421,2012-2022
4095428,2023,0.14828691327220422,0.4271556970527404,0.42455738967505535,2012-2022
4095422,2023,0.1820951258056798,0.5655669563471162,0.25233791784720405,2012-2022
4095420,2023,0.18937012458909494,0.18130536325376728,0.6293245121571378,2012-2022
4095426,2023,0.020935291747165713,0.17338886738812073,0.8056758408647136,2012-2022
4095427,2023,0.106349671140875,0.5830429838704478,0.31060734498867715,2012-2022
4095334,2023,0.41262880263090485,0.2949013727745973,0.2924698245944979,2012-2022
4095437,2023,0.48740764083848725,0.2802764985935563,0.23231586056795644,2012-2022
4095438,2023,0.5701622598597089,0.3623964768160611,0.06744126332422994,2012-2022
4095439,2023,0.18165419231694596,0.36273811094296926,0.4556076967400848,2012-2022
4095430,2023,0.6794283631352012,0.19694430029575943,0.12362733656903933,2012-2022
4095431,2023,0.39146314731878845,0.30460550280515336,0.30393134987605824,2012-2022
4095433,2023,0.15208721775861486,0.25846598204771964,0.5894468001936656,2012-2022
4095436,2023,0.8022333782577056,0.11811746425300672,0.07964915748928775,2012-2022
4095432,2023,0.09339610715159455,0.1648937119285032,0.7417101809199023,2012-2022
4095434,2023,0.828363672789391,0.09297891447429904,0.07865741273630987,2012-2022
4095435,2023,0.26543090377360323,0.22856948236462482,0.505999613861772,2012-2022
4095446,2023,0.9028985358552517,0.045903501505879046,0.051197962638869284,2012-2022
4095444,2023,0.04540873480779058,0.18121543250220484,0.7733758326900044,2012-2022
4095443,2023,0.8996846660928752,0.07506579390332183,0.025249540003803028,2012-2022
4095441,2023,0.2506998377585402,0.41287464409235486,0.3364255181491049,2012-2022
4095450,2023,0.37091793541466667,0.25960545208702707,0.36947661249830627,2012-2022
4095449,2023,0.40592536221042336,0.2264433060004244,0.36763133178915236,2012-2022
4095448,2023,0.840415650877877,0.14825732037620723,0.011327028745915744,2012-2022
4095447,2023,0.08186064809250758,0.10167626011522213,0.8164630917922703,2012-2022
4095445,2023,0.07177292871914051,0.8016314492186796,0.12659562206218003,2012-2022
4095442,2023,0.49688637176841555,0.16557786969445887,0.33753575853712564,2012-2022
4095418,2023,0.03745980577178589,0.6977064958477436,0.2648336983804705,2012-2022
4095411,2023,0.21874579592636825,0.5029930603787068,0.27826114369492483,2012-2022
4095416,2023,0.15992875885120014,0.7432756999775872,0.09679554117121261,2012-2022
4095456,2023,0.8322056681097412,0.05963319037175633,0.10816114151850248,2012-2022
4095452,2023,0.9356643768098385,0.05736428400469231,0.006971339185469142,2012-2022
4095453,2023,0.13737157148071308,0.10474244182709644,0.7578859866921904,2012-2022
4095454,2023,0.10876153862422673,0.5867814671664013,0.30445699420937195,2012-2022
4095455,2023,0.28026574558195555,0.3784398486969286,0.34129440572111586,2012-2022
4095458,2023,0.8264663474734826,0.133127181515991,0.040406471010526496,2012-2022
4095459,2023,0.47728639147887447,0.19084447530500614,0.3318691332161194,2012-2022
4095460,2023,0.9555426678806385,0.0351529143633577,0.009304417756003823,2012-2022
4095461,2023,0.04584211681939967,0.022842151304426784,0.9313157318761736,2012-2022
4095457,2023,0.5521600173661869,0.2427828082587637,0.20505717437504933,2012-2022
4361371,2024,0.5963586370830575,0.2668073324920429,0.13683403042489958,2012-2023
4361372,2024,0.23294383520374623,0.6870864398412,0.07996972495505363,2012-2023
4361373,2024,0.7265927325304997,0.1645253231370042,0.10888194433249622,2012-2023
4361374,2024,0.48783780374502506,0.253393411733297,0.25876878452167784,2012-2023
4361377,2024,0.650379749138645,0.1180150311210839,0.23160521974027107,2012-2023
4361378,2024,0.2722504187237772,0.3990047286844815,0.32874485259174135,2012-2023
4361379,2024,0.02908938258806679,0.09218348044466512,0.8787271369672681,2012-2023
4361375,2024,0.13977933584156704,0.3279948084822424,0.5322258556761905,2012-2023
4361376,2024,0.1320122608644805,0.6692651590112565,0.19872258012426305,2012-2023
4361370,2024,0.4868120371712048,0.3547094106093488,0.15847855221944646,2012-2023
4361388,2024,0.7397449452008872,0.22230148218828247,0.037953572610830315,2012-2023
4361385,2024,0.15821302187834946,0.3151746751491779,0.5266123029724726,2012-2023
4361386,2024,0.33858035672666376,0.4853062048841707,0.17611343838916554,2012-2023
4361380,2024,0.9702162032585108,0.0293577672277407,0.00042602951374847575,2012-2023
4361382,2024,0.5996220394437503,0.3445302976939569,0.05584766286229289,2012-2023
4361389,2024,0.7925221109729657,0.08332176299110715,0.1241561260359271,2012-2023
4361387,2024,0.2755306941782441,0.32623979209995796,0.398229513721798,2012-2023
4361381,2024,0.8389184627405407,0.09985439483083312,0.061227142428626154,2012-2023
4361383,2024,0.1555383057634788,0.704800734526168,0.1396609597103532,2012-2023
4361384,2024,0.7644801870922945,0.2244493643826902,0.011070448525015295,2012-2023
4361390,2024,0.1563106865222117,0.22132402797343947,0.6223652855043488,2012-2023
4361391,2024,0.30076062521434876,0.30589384558322713,0.393345529202424,2012-2023
4361392,2024,0.4157959976578963,0.4679818146767312,0.11622218766537258,2012-2023
4361394,2024,0.39795759843923295,0.29982125757441597,0.3022211439863511,2012-2023
4361395,2024,0.3962931518111597,0.39052420476692673,0.21318264342191362,2012-2023
4361397,2024,0.29248807131015736,0.20786767306840667,0.49964425562143594,2012-2023
4361398,2024,0.6414765496480336,0.31282356568779696,0.04569988466416942,2012-2023
4361393,2024,0.6166251954643363,0.21805202123385511,0.16532278330180866,2012-2023
4361399,2024,0.04801358799123827,0.26165781150100753,0.6903286005077542,2012-2023
4361396,2024,0.2699451561783429,0.29430260043450895,0.4357522433871481,2012-2023
4361406,2024,0.19305302167035382,0.6317126022200706,0.17523437610957557,2012-2023
4361401,2024,0.2821598991799176,0.5890430703475815,0.12879703047250082,2012-2023
4361403,2024,0.7836941003782468,0.15109731226668355,0.0652085873550696,2012-2023
4361405,2024,0.267468673647051,0.41100102165995744,0.32153030469299154,2012-2023
4361402,2024,0.46120792642976616,0.4496232579189589,0.089168815651275,2012-2023
4361407,2024,0.9280681905923444,0.0701906901471675,0.001741119260488137,2012-2023
4361400,2024,0.46110048424041833,0.4214190362026123,0.11748047955696932,2012-2023
4361404,2024,0.6809055595126726,0.17083250073316028,0.14826193975416715,2012-2023
4361408,2024,0.5657505219359453,0.10359309470607705,0.3306563833579777,2012-2023
4361409,2024,0.09453746634697349,0.42624453967810655,0.47921799397492004,2012-2023
4361417,2024,0.19645593733329908,0.4547877671122544,0.3487562955544466,2012-2023
4361419,2024,0.17192430043515422,0.4768382203021167,0.35123747926272914,2012-2023
4361410,2024,0.24737016187881947,0.18112707922532298,0.5715027588958576,2012-2023
4361412,2024,0.7212842479932052,0.18284534706785863,0.09587040493893612,2012-2023
4361413,2024,0.5595644394964667,0.3302452496180468,0.11019031088548642,2012-2023
4361415,2024,0.2653765152785369,0.2686333747948257,0.4659901099266374,2012-2023
4361416,2024,0.45002122287033774,0.36359658793943594,0.1863821891902262,2012-2023
4361414,2024,0.2094948200774045,0.4795935708724726,0.3109116090501229,2012-2023
4361418,2024,0.4139481388047018,0.5109433603936127,0.0751085008016855,2012-2023
4361411,2024,0.2790517129190814,0.28327210517435053,0.43767618190656815,2012-2023
4361420,2024,0.33295876236913713,0.558663289273917,0.10837794835694593,2012-2023
4361421,2024,0.08786767200883266,0.30084415280137944,0.611288175189788,2012-2023
4361423,2024,0.3830692754779317,0.10302156403639373,0.5139091604856746,2012-2023
4361424,2024,0.8566396361969452,0.10602878855773991,0.03733157524531505,2012-2023
4361428,2024,0.33747249009814306,0.2454611041115559,0.417066405790301,2012-2023
4361429,2024,0.7350881730555411,0.1491668414374496,0.11574498550700937,2012-2023
4361422,2024,0.26878288416105106,0.5639838007500617,0.16723331508888725,2012-2023
4361425,2024,0.4234270539295314,0.1297270385372168,0.44684590753325176,2012-2023
4361426,2024,0.24022674031592647,0.6228902943079409,0.13688296537613262,2012-2023
4361427,2024,0.8500340481149152,0.11449297456979207,0.03547297731529262,2012-2023
4361432,2024,0.5871047707063566,0.32110307966464385,0.0917921496289996,2012-2023
4361430,2024,0.448579974694956,0.14059372662917963,0.41082629867586445,2012-2023
4361434,2024,0.4871250584281299,0.4288591658824065,0.08401577568946363,2012-2023
4361431,2024,0.3175398088807566,0.30257423719152265,0.37988595392772073,2012-2023
4361436,2024,0.472610775797408,0.36227753241577704,0.165111691786815,2012-2023
4361437,2024,0.3047498675762002,0.5774386154981388,0.11781151692566108,2012-2023
4361433,2024,0.22156617464465225,0.45243313082175807,0.3260006945335897,2012-2023
4361435,2024,0.4091644896180141,0.4450240649197665,0.14581144546221944,2012-2023
4361439,2024,0.07281796639540712,0.3024665079407411,0.6247155256638518,2012-2023
4361438,2024,0.304953657029008,0.30032434705802746,0.3947219959129646,2012-2023
4361441,2024,0.7386882739038584,0.2368316289463176,0.02448009714982409,2012-2023
4361440,2024,0.2927329990686007,0.34610738696192866,0.36115961396947066,2012-2023
4361443,2024,0.3487369431443998,0.3002097064965361,0.35105335035906415,2012-2023
4361446,2024,0.6535254024767096,0.25400382758460577,0.09247076993868468,2012-2023
4361448,2024,0.18361581769218235,0.38392876738653015,0.4324554149212874,2012-2023
4361449,2024,0.3745679663232947,0.5222087897579272,0.10322324391877817,2012-2023
4361444,2024,0.6420287914918478,0.28956335643106595,0.0684078520770864,2012-2023
4361445,2024,0.2393474883758538,0.710611358589914,0.05004115303423217,2012-2023
4361442,2024,0.4138576460137647,0.5052444758289754,0.08089787815725996,2012-2023
4361447,2024,0.8823168832113427,0.10144359265614634,0.016239524132510817,2012-2023
4361455,2024,0.41394824893264587,0.30319216618067724,0.28285958488667695,2012-2023
4361456,2024,0.4601497952069325,0.28121449882482213,0.2586357059682455,2012-2023
4361452,2024,0.38057952176603876,0.20579985691227057,0.4136206213216906,2012-2023
4361453,2024,0.5204823373548032,0.1156827470976313,0.36383491554756553,2012-2023
4361451,2024,0.41530070829334986,0.4126582536625223,0.17204103804412788,2012-2023
4361458,2024,0.32097884086069783,0.33373468504610276,0.34528647409319946,2012-2023
4361459,2024,0.1272483518494683,0.2877486906298825,0.5850029575206492,2012-2023
4361457,2024,0.783612459619815,0.15662017985908927,0.059767360521095755,2012-2023
4361450,2024,0.19423940812299373,0.299659784843423,0.5061008070335834,2012-2023
4361454,2024,0.4781519044074093,0.33530963580304557,0.18653845978954525,2012-2023
4361460,2024,0.5482253676841061,0.4192949736602195,0.03247965865567435,2012-2023
4361461,2024,0.8124160149394724,0.045867639244065984,0.14171634581646153,2012-2023
4361462,2024,0.12408223816224334,0.5407043029355315,0.3352134589022251,2012-2023
4361466,2024,0.22170485442133817,0.5913061419805165,0.18698900359814544,2012-2023
4361465,2024,0.26766972874275335,0.22028337792047653,0.51204689333677,2012-2023
4361464,2024,0.24454551526137963,0.30216012508428164,0.45329435965433873,2012-2023
4361469,2024,0.43076026178364346,0.160987731129191,0.4082520070871655,2012-2023
4361467,2024,0.49356371257162074,0.32726629387186734,0.17916999355651195,2012-2023
4361468,2024,0.21848206522421976,0.23300564571125756,0.5485122890645225,2012-2023
4361471,2024,0.8143688597641798,0.1772750380615975,0.008356102174222724,2012-2023
4361474,2024,0.8654210680783848,0.08871451824635576,0.045864413675259404,2012-2023
4361476,2024,0.37706708833538377,0.3310634929859984,0.29186941867861776,2012-2023
4361477,2024,0.19609995332052935,0.4382746574542176,0.36562538922525295,2012-2023
4361479,2024,0.24890631548063372,0.6222547759918554,0.1288389085275109,2012-2023
4361472,2024,0.3772432123934686,0.42530490306431473,0.19745188454221665,2012-2023
4361473,2024,0.45920102940525764,0.4372292487465082,0.10356972184823429,2012-2023
4361475,2024,0.41274109724724894,0.33355507112200455,0.2537038316307465,2012-2023
4361478,2024,0.049785566459145225,0.3822516204418855,0.5679628130989693,2012-2023
4361470,2024,0.23584696116649803,0.5736343982087088,0.19051864062479312,2012-2023
4361480,2024,0.34372992150056475,0.4133755008949008,0.24289457760453445,2012-2023
4361481,2024,0.7146664023724763,0.04663374819096627,0.23869984943655745,2012-2023
4361482,2024,0.17193949733800398,0.36862340957614614,0.45943709308584996,2012-2023
4361485,2024,0.4454575697219262,0.127615931984608,0.4269264982934658,2012-2023
4361489,2024,0.14327770646954893,0.2516878266609409,0.6050344668695101,2012-2023
4361483,2024,0.22332961184912134,0.24514281461019274,0.5315275735406859,2012-2023
4361484,2024,0.49414951822475595,0.45550175412411475,0.050348727651129216,2012-2023
4361486,2024,0.505658333444111,0.24519721698299593,0.249144449572893,2012-2023
4361487,2024,0.31978140107345926,0.35614162020690926,0.3240769787196315,2012-2023
4361488,2024,0.45987129271366955,0.14406528393760878,0.39606342334872163,2012-2023
4361490,2024,0.37183786015821524,0.4396063176069826,0.1885558222348022,2012-2023
4361493,2024,0.8700654847951269,0.06081742167158805,0.06911709353328513,2012-2023
4361494,2024,0.7948589740368432,0.18865270737311374,0.016488318590043013,2012-2023
4361495,2024,0.6992077920704489,0.2116643569566964,0.08912785097285478,2012-2023
4361496,2024,0.23003244768222458,0.5313396972857268,0.23862785503204856,2012-2023
4361497,2024,0.489496033459437,0.13304342756162968,0.3774605389789333,2012-2023
4361498,2024,0.1418179683597612,0.5377216611344319,0.3204603705058068,2012-2023
4361499,2024,0.18958398379600894,0.33279453936372744,0.4776214768402636,2012-2023
4361491,2024,0.8998794147024575,0.07168663736283745,0.028433947934705134,2012-2023
4361492,2024,0.2758419269946333,0.4483778289109609,0.2757802440944059,2012-2023
4361504,2024,0.39826011384699456,0.30986490516575577,0.2918749809872497,2012-2023
4361502,2024,0.8160115850100632,0.08066886571554881,0.10331954927438788,2012-2023
4361503,2024,0.056339206264073356,0.5965532854087183,0.34710750832720816,2012-2023
4361508,2024,0.74417433996376,0.19936262200145038,0.056463038034789644,2012-2023
4361509,2024,0.07865209253428386,0.5621357503521858,0.3592121571135304,2012-2023
4361506,2024,0.11599183073430241,0.24105659555839765,0.6429515737072999,2012-2023
4361500,2024,0.2011169996978151,0.1773319639101512,0.6215510363920337,2012-2023
4361505,2024,0.3618741239945602,0.12669975372498848,0.5114261222804513,2012-2023
4361507,2024,0.14490957516712802,0.5960799976238524,0.2590104272090197,2012-2023
4361501,2024,0.04942707127895381,0.6034866500322833,0.3470862786887628,2012-2023
4361510,2024,0.7059142648404803,0.038385055406833825,0.25570067975268596,2012-2023
4361515,2024,0.7033840295693901,0.1718313910454549,0.12478457938515504,2012-2023
4361512,2024,0.09687760725374137,0.6656288726333086,0.23749352011295002,2012-2023
4361518,2024,0.34923967738679035,0.37750272989164035,0.2732575927215694,2012-2023
4361516,2024,0.2619373281639111,0.32953508884089827,0.4085275829951907,2012-2023
4361517,2024,0.058765239461353,0.17281200397571336,0.7684227565629337,2012-2023
4361511,2024,0.434651457649029,0.21296320888616124,0.35238533346480977,2012-2023
4361513,2024,0.4308279568134909,0.4755417036879983,0.09363033949851085,2012-2023
4361514,2024,0.4315596777268465,0.5420362052421894,0.026404117030964146,2012-2023
4361519,2024,0.13086451148831693,0.5279593390406445,0.3411761494710386,2012-2023
4361521,2024,0.20743577476312683,0.328085316717604,0.46447890851926915,2012-2023
4361525,2024,0.05632431364040787,0.1720007773121802,0.7716749090474118,2012-2023
4361526,2024,0.17393787327800364,0.6488020454011393,0.17726008132085705,2012-2023
4361527,2024,0.5930807756553604,0.16692851134564446,0.23999071299899505,2012-2023
4361524,2024,0.5601234394422704,0.26852539517533147,0.17135116538239817,2012-2023
4361528,2024,0.6033872610053229,0.3382460665323576,0.058366672462319524,2012-2023
4361520,2024,0.39668803396573765,0.28690809081951196,0.3164038752147504,2012-2023
4361522,2024,0.12174691744753399,0.0716824503968428,0.8065706321556232,2012-2023
4361523,2024,0.2683034280390402,0.4088387003563442,0.32285787160461565,2012-2023
4361529,2024,0.6018129342976165,0.12960093468275558,0.2685861310196279,2012-2023
4362728,2024,0.7533559892436308,0.14168472986192662,0.10495928089444267,2012-2023
4362729,2024,0.07419418243937578,0.09371647037084968,0.8320893471897746,2012-2023
4362733,2024,0.3031056278040678,0.34751042576141933,0.34938394643451287,2012-2023
4362735,2024,0.35743605404885387,0.40770882765012884,0.2348551183010173,2012-2023
4362737,2024,0.4231275274532699,0.2272328260609292,0.34963964648580087,2012-2023
4362731,2024,0.32002996633782366,0.4335995639460167,0.24637046971615967,2012-2023
4362732,2024,0.30133981337257054,0.13378027444761958,0.5648799121798099,2012-2023
4362734,2024,0.27846854706633917,0.4776611689090189,0.24387028402464192,2012-2023
4362736,2024,0.807992212478764,0.1724132775607415,0.019594509960494586,2012-2023
4362730,2024,0.6814992897542154,0.29357695825354,0.024923751992244562,2012-2023
4362738,2024,0.1839215170156206,0.5378737229490188,0.27820476003536065,2012-2023
4362740,2024,0.6111812075200234,0.26257267250421784,0.12624611997575888,2012-2023
4362743,2024,0.7807663754757338,0.20382708038448022,0.015406544139786017,2012-2023
4362744,2024,0.4417777861481467,0.4587225226160905,0.09949969123576287,2012-2023
4362745,2024,0.06780656376865997,0.851223225787246,0.08097021044409404,2012-2023
4362747,2024,0.04161415866736041,0.12573685545080776,0.8326489858818318,2012-2023
4362739,2024,0.45218445057439866,0.2357163683504368,0.31209918107516454,2012-2023
4362741,2024,0.44973998544001575,0.21464935805817784,0.3356106565018064,2012-2023
4362742,2024,0.4602487860852401,0.27797086287558864,0.2617803510391713,2012-2023
4362746,2024,0.6417226244495411,0.25091056835931147,0.10736680719114733,2012-2023
4362748,2024,0.14760762390737187,0.35879115634213615,0.49360121975049187,2012-2023
4362752,2024,0.2640190609939547,0.3889908929242257,0.34699004608181955,2012-2023
4362753,2024,0.5018074664803247,0.35592942478066997,0.14226310873900533,2012-2023
4362755,2024,0.7402330129639333,0.1512776314996574,0.10848935553640933,2012-2023
4362756,2024,0.2988379532961949,0.3513434957990505,0.3498185509047545,2012-2023
4362757,2024,0.15045262505810444,0.21792007501353045,0.6316272999283651,2012-2023
4362749,2024,0.5787161618648238,0.12830888021812212,0.29297495791705414,2012-2023
4362750,2024,0.6980029683634851,0.11292377331809852,0.18907325831841626,2012-2023
4362754,2024,0.894733375226652,0.027481272694856597,0.07778535207849135,2012-2023
4362751,2024,0.812869290018121,0.14108590733578963,0.046044802646089185,2012-2023
4361463,2024,0.14108225837058033,0.5501686490825176,0.308749092546902,2012-2023
4362759,2024,0.18244868312210685,0.554535886743032,0.2630154301348612,2012-2023
4362762,2024,0.28457256395479547,0.31767945312879825,0.3977479829164063,2012-2023
4362758,2024,0.6942005784282608,0.2765758120800818,0.02922360949165751,2012-2023
4362760,2024,0.6573842394079417,0.21566918771639812,0.12694657287566025,2012-2023
4362764,2024,0.664413821393857,0.2885060055351661,0.047080173070977005,2012-2023
4362765,2024,0.045229331089216264,0.4349417011180481,0.5198289677927357,2012-2023
4362767,2024,0.22238034248887723,0.5181208697873951,0.2594987877237277,2012-2023
4362761,2024,0.09418361744832952,0.4068833123594392,0.49893307019223143,2012-2023
4362763,2024,0.7711774782123377,0.21945458814886523,0.009367933638796967,2012-2023
4362766,2024,0.7545003358519567,0.1420013599492058,0.10349830419883749,2012-2023
4362800,2024,0.0677284335733136,0.5265690849103694,0.40570248151631705,2012-2023
4362774,2024,0.1526282560436193,0.2774721144080601,0.5698996295483206,2012-2023
4362771,2024,0.4806889616101447,0.1826825675260912,0.3366284708637642,2012-2023
4362768,2024,0.8676756416810173,0.11383431460740673,0.018490043711575904,2012-2023
4362770,2024,0.36309507902142274,0.3417187401292645,0.29518618084931264,2012-2023
4362773,2024,0.15618204311913023,0.03770901254599301,0.8061089443348767,2012-2023
4362772,2024,0.591130179306575,0.03638562761114083,0.37248419308228425,2012-2023
4362777,2024,0.13421318532529528,0.2990981313513125,0.5666886833233922,2012-2023
4362769,2024,0.8663992098383173,0.10844928169891394,0.025151508462768847,2012-2023
4362775,2024,0.44158094415365695,0.4237184721446109,0.1347005837017321,2012-2023
4362776,2024,0.3816991798336271,0.3919718112872195,0.22632900887915347,2012-2023
4362783,2024,0.199547173737662,0.42617824241179186,0.37427458385054607,2012-2023
4362779,2024,0.35208488442659974,0.3605699783801774,0.2873451371932228,2012-2023
4362785,2024,0.8907373399280497,0.08076006841980493,0.028502591652145318,2012-2023
4362784,2024,0.35961795436111704,0.1724834444884876,0.4678986011503953,2012-2023
4362778,2024,0.44496044211316205,0.11437358422443149,0.44066597366240645,2012-2023
4362780,2024,0.45156351674355644,0.48189405657364703,0.06654242668279661,2012-2023
4362781,2024,0.26329283732297454,0.5272410314016592,0.20946613127536612,2012-2023
4362786,2024,0.5695385004733817,0.31594169511539827,0.11451980441121998,2012-2023
4362787,2024,0.7758744177474097,0.20476754994902785,0.019358032303562377,2012-2023
4362782,2024,0.5337405525772668,0.26815675971715563,0.1981026877055776,2012-2023
4362788,2024,0.7623096029447335,0.14767469670798963,0.09001570034727682,2012-2023
4362789,2024,0.6453576565139222,0.19245783948792916,0.16218450399814868,2012-2023
4362791,2024,0.7536367661044256,0.18946414165955536,0.0568990922360189,2012-2023
4362792,2024,0.9732263099048647,0.02579931159963255,0.000974378495502754,2012-2023
4362794,2024,0.5929800405743931,0.18906753794014342,0.21795242148546345,2012-2023
4362797,2024,0.3339823625691074,0.31210490646849653,0.35391273096239606,2012-2023
4362795,2024,0.5315135584831366,0.1923869079863394,0.2760995335305239,2012-2023
4362790,2024,0.8672690750178086,0.11860972982018164,0.014121195162009806,2012-2023
4362793,2024,0.17691095884835728,0.6246278502163188,0.19846119093532383,2012-2023
4362796,2024,0.2899367932476973,0.4070123954783351,0.3030508112739676,2012-2023
4362798,2024,0.8316075260213439,0.0821236928294916,0.08626878114916456,2012-2023
4362801,2024,0.5546424498760267,0.21842411459242048,0.22693343553155282,2012-2023
4362803,2024,0.028765955847692135,0.3605393753470867,0.6106946688052213,2012-2023
4362805,2024,0.8565119978433594,0.09190733083900605,0.051580671317634504,2012-2023
4362807,2024,0.06812063382472061,0.3717324568432361,0.5601469093320433,2012-2023
4362799,2024,0.6096952198535582,0.29871104265098686,0.09159373749545499,2012-2023
4362802,2024,0.48462416561449967,0.2691934017460751,0.24618243263942535,2012-2023
4362804,2024,0.1105754907811561,0.5786313582552702,0.31079315096357363,2012-2023
4362809,2024,0.7785522854176659,0.12251433391411748,0.09893338066821662,2012-2023
4362811,2024,0.7112803817270198,0.1673010769505645,0.12141854132241572,2012-2023
4362812,2024,0.32373238580550934,0.17372695304563654,0.5025406611488542,2012-2023
4362808,2024,0.8235718643069169,0.07585224533498865,0.10057589035809447,2012-2023
4362810,2024,0.4136552081310068,0.32075958650553416,0.2655852053634589,2012-2023
4362814,2024,0.8746207050956185,0.10949972494204403,0.01587956996233751,2012-2023
4362815,2024,0.7902081953359263,0.0809139997740645,0.12887780489000913,2012-2023
4362816,2024,0.19333772158428011,0.07937517029211681,0.7272871081236032,2012-2023
4362817,2024,0.8358901816505989,0.14800835014885177,0.016101468200549297,2012-2023
4362813,2024,0.5007657846830543,0.30592016824272295,0.19331404707422273,2012-2023
4362818,2024,0.4077540696130511,0.08589338939786884,0.50635254098908,2012-2023
4362820,2024,0.5066247454266644,0.3639008081756681,0.12947444639766761,2012-2023
4362821,2024,0.12342116800472683,0.5110482742032594,0.36553055779201377,2012-2023
4362823,2024,0.12504163711457975,0.6964647594834933,0.178493603401927,2012-2023
4362827,2024,0.23388621385703143,0.3357292041014752,0.43038458204149327,2012-2023
4362819,2024,0.35977772637487443,0.23224790846559729,0.4079743651595283,2012-2023
4362822,2024,0.13135471152735517,0.26790348025690397,0.6007418082157409,2012-2023
4362825,2024,0.41966001426559524,0.450929987854592,0.12940999787981275,2012-2023
4362826,2024,0.8837552368977318,0.057403642171852606,0.05884112093041546,2012-2023
4362824,2024,0.04824136792774232,0.28127777210650656,0.670480859965751,2012-2023
4362829,2024,0.7850153842366426,0.10479010060589895,0.1101945151574584,2012-2023
4362830,2024,0.5886086391941914,0.3973850244819673,0.01400633632384148,2012-2023
4362833,2024,0.9064812653649292,0.05073789483991936,0.04278083979515143,2012-2023
4362835,2024,0.4439248263129872,0.44166318844981123,0.11441198523720167,2012-2023
4362836,2024,0.022308219947933434,0.7372709545047708,0.2404208255472958,2012-2023
4362831,2024,0.9172418727894791,0.07413416542837989,0.008623961782141129,2012-2023
4362832,2024,0.7469842597661941,0.18747980492445013,0.06553593530935592,2012-2023
4362834,2024,0.5703984626008134,0.2556632007044092,0.17393833669477743,2012-2023
4362837,2024,0.16278308229018745,0.15207789068950825,0.6851390270203043,2012-2023
4362828,2024,0.3782882143157033,0.4371833113154712,0.18452847436882544,2012-2023
4362806,2024,0.6215006026196411,0.35718747100481635,0.021311926375542446,2012-2023
4362838,2024,0.39521385892508315,0.4729304238192794,0.13185571725563747,2012-2023
4362839,2024,0.6056808656445828,0.27563422749600774,0.11868490685940938,2012-2023
4362840,2024,0.3651922827783239,0.4628180832308469,0.1719896339908293,2012-2023
4362841,2024,0.17631958687729324,0.4718069894118293,0.35187342371087754,2012-2023
4362847,2024,0.690626302866931,0.13702713228784105,0.17234656484522787,2012-2023
4362843,2024,0.022833687246630128,0.10581586727088002,0.8713504454824897,2012-2023
4362842,2024,0.32596248322217564,0.35611579421186756,0.31792172256595674,2012-2023
4362845,2024,0.8440038454108049,0.09797314714056753,0.058023007448627616,2012-2023
4362844,2024,0.009214462770099218,0.2149163311068132,0.7758692061230876,2012-2023
4362846,2024,0.2827863083567065,0.33013598580432546,0.38707770583896817,2012-2023
4362853,2024,0.8318231698884866,0.09732771695423288,0.07084911315728054,2012-2023
4362849,2024,0.5694671152086181,0.3358319441709085,0.09470094062047327,2012-2023
4362851,2024,0.5745550171103948,0.2936813134671979,0.13176366942240728,2012-2023
4362850,2024,0.32901175632356416,0.2534660103829982,0.4175222332934377,2012-2023
4362854,2024,0.9275365015722465,0.053227385868258106,0.019236112559495387,2012-2023
4362857,2024,0.6238205932944347,0.31801883532076103,0.0581605713848042,2012-2023
4362856,2024,0.044562370982450326,0.3894908903398345,0.5659467386777152,2012-2023
4362848,2024,0.21770212329937388,0.649234203726822,0.13306367297380428,2012-2023
4362852,2024,0.8716154319508834,0.0554217928647139,0.07296277518440276,2012-2023
4362855,2024,0.34945976293001546,0.11871219709292813,0.5318280399770564,2012-2023
4362866,2024,0.6807192828623538,0.18765420716935316,0.13162650996829303,2012-2023
4362858,2024,0.5002085405148847,0.3222513071442805,0.17754015234083478,2012-2023
4362859,2024,0.5227252853824716,0.1423484358194668,0.3349262787980615,2012-2023
4362864,2024,0.948232539061033,0.0384263749048745,0.013341086034092526,2012-2023
4362865,2024,0.604546854617296,0.17362892887783155,0.22182421650487247,2012-2023
4362860,2024,0.37678299343275795,0.3600976513788148,0.26311935518842733,2012-2023
4362861,2024,0.3410969801593168,0.42908929804860263,0.22981372179208057,2012-2023
4362862,2024,0.522881732179384,0.2649301979431379,0.21218806987747807,2012-2023
4362867,2024,0.6525656633149156,0.21422721232450967,0.1332071243605747,2012-2023
4362863,2024,0.21738564106961192,0.20904641724579268,0.5735679416845952,2012-2023
4362870,2024,0.05573974090915292,0.19779834503452937,0.7464619140563178,2012-2023
4362869,2024,0.22881506084265898,0.4339657157561671,0.337219223401174,2012-2023
4362877,2024,0.5033642371042546,0.10114849184857198,0.3954872710471734,2012-2023
4362875,2024,0.025660579663377384,0.2980722864997366,0.6762671338368859,2012-2023
4362868,2024,0.2647742262732682,0.41043699789354965,0.32478877583318216,2012-2023
4362871,2024,0.4679715003614419,0.11934703796257398,0.4126814616759841,2012-2023
4362872,2024,0.6580923970526065,0.2787091433559686,0.06319845959142495,2012-2023
4362873,2024,0.6287553629742639,0.2100551954839892,0.16118944154174683,2012-2023
4362874,2024,0.790137674527061,0.15313566442301665,0.056726661049922356,2012-2023
4362876,2024,0.3892499849618863,0.5348620297504423,0.07588798528767142,2012-2023
4362879,2024,0.6800981017817926,0.12273762432206395,0.1971642738961433,2012-2023
4362882,2024,0.5999985708402392,0.37222341583411306,0.027778013325647725,2012-2023
4362878,2024,0.6919825871085191,0.2532641015099886,0.05475331138149233,2012-2023
4362880,2024,0.27504340171274405,0.17491745630873803,0.5500391419785179,2012-2023
4362884,2024,0.8741362427732863,0.11293464389700404,0.01292911332970962,2012-2023
4362885,2024,0.32914204202934655,0.5606516883094512,0.11020626966120223,2012-2023
4362887,2024,0.23183227951837598,0.343199792331226,0.424967928150398,2012-2023
4362881,2024,0.18717757063492008,0.35516047164581666,0.4576619577192633,2012-2023
4362883,2024,0.7408716671820266,0.20004334977548738,0.05908498304248602,2012-2023
4362886,2024,0.5212003157140451,0.2836040623335857,0.1951956219523691,2012-2023
4361530,2024,0.6727964640685449,0.26560392352166406,0.06159961240979098,2012-2023
4361534,2024,0.2143312321098928,0.193728681566748,0.5919400863233593,2012-2023
4361532,2024,0.27113224558205806,0.12680464085374027,0.6020631135642017,2012-2023
4361533,2024,0.6804924696907142,0.2682040826308429,0.05130344767844302,2012-2023
4361531,2024,0.08052224858367425,0.1713403801246199,0.7481373712917058,2012-2023
4361538,2024,0.19586197728266033,0.6195901384307834,0.18454788428655639,2012-2023
4361536,2024,0.3750376504355569,0.45369620763351476,0.17126614193092835,2012-2023
4361537,2024,0.06404085837327123,0.17702425593959006,0.7589348856871387,2012-2023
4361535,2024,0.8028849424583465,0.03744712665375858,0.15966793088789497,2012-2023
4361539,2024,0.316866341920834,0.19299797579047792,0.4901356822886881,2012-2023
4625832,2025,0.21955087815716626,0.6249320633459832,0.15551705849685066,2012-2024
4625833,2025,0.9796444810257723,0.01854507017814513,0.0018104487960825507,2012-2024
4625825,2025,0.11537744683852513,0.32775211935539594,0.5568704338060789,2012-2024
4625826,2025,0.7702059044371348,0.08357671742864647,0.14621737813421878,2012-2024
4625827,2025,0.3126008136460123,0.44649463151513336,0.24090455483885448,2012-2024
4625829,2025,0.12146032070227544,0.4022522402782724,0.4762874390194521,2012-2024
4625830,2025,0.671217357089341,0.19053414730120807,0.13824849560945096,2012-2024
4625824,2025,0.10721670382426653,0.5030176563467352,0.3897656398289982,2012-2024
4625831,2025,0.1381551443044485,0.5732240621849474,0.28862079351060427,2012-2024
4625828,2025,0.37653191203146497,0.5200430086333911,0.1034250793351439,2012-2024
4625836,2025,0.20056342789250592,0.4953667798714048,0.30406979223608926,2012-2024
4625834,2025,0.8139056393299459,0.15966638872717176,0.026427971942882263,2012-2024
4625838,2025,0.297019650363546,0.37755902381287554,0.3254213258235784,2012-2024
4625840,2025,0.14892718934373778,0.28894135631199097,0.5621314543442711,2012-2024
4625841,2025,0.11863848243392126,0.1562089923274462,0.7251525252386326,2012-2024
4625835,2025,0.23521888722781092,0.31794032468352257,0.44684078808866656,2012-2024
4625837,2025,0.025949099248935636,0.11831651282176053,0.8557343879293039,2012-2024
4625839,2025,0.20330327133469725,0.40026627499745376,0.3964304536678489,2012-2024
4625842,2025,0.5112562656156091,0.2721917006624694,0.2165520337219215,2012-2024
4625843,2025,0.05179171486210323,0.23200302072208503,0.7162052644158117,2012-2024
4625846,2025,0.3944870475682074,0.33626818381363166,0.26924476861816105,2012-2024
4625845,2025,0.3251705673139661,0.4978229201266689,0.177006512559365,2012-2024
4625850,2025,0.1466426233896537,0.3859946982014504,0.4673626784088959,2012-2024
4625844,2025,0.20507076805777963,0.030279070890746756,0.7646501610514737,2012-2024
4625849,2025,0.8474681367012961,0.0537955500537887,0.0987363132449152,2012-2024
4625851,2025,0.7663571218986971,0.19354185470126517,0.040101023400037766,2012-2024
4625847,2025,0.04788432504497621,0.5248052137780537,0.42731046117697,2012-2024
4625848,2025,0.8469220255729344,0.0903684551656464,0.06270951926141921,2012-2024
4625852,2025,0.8249595343511984,0.05703053205871749,0.11800993359008409,2012-2024
4625853,2025,0.20610605082487526,0.14982859460896944,0.6440653545661554,2012-2024
4625860,2025,0.3718393677144596,0.47173839628957676,0.15642223599596372,2012-2024
4625858,2025,0.5991924701406786,0.13279184896649013,0.26801568089283123,2012-2024
4625857,2025,0.19483175717353046,0.41602342901342293,0.38914481381304666,2012-2024
4625862,2025,0.4107114412149962,0.47763474964731145,0.11165380913769231,2012-2024
4625861,2025,0.1926737387006182,0.45559223740387533,0.35173402389550656,2012-2024
4625854,2025,0.7396831697339433,0.2061104766777712,0.05420635358828558,2012-2024
4625855,2025,0.30270585896076924,0.17914025755495186,0.5181538834842789,2012-2024
4625856,2025,0.6412633197129147,0.24236750366575072,0.11636917662133454,2012-2024
4625859,2025,0.2683085993321479,0.31576812157658196,0.4159232790912702,2012-2024
4625863,2025,0.09338292572183832,0.1594908949108777,0.747126179367284,2012-2024
4625864,2025,0.23290702278005151,0.6025343861220163,0.16455859109793233,2012-2024
4625867,2025,0.41011570048655904,0.24086864389309978,0.34901565562034115,2012-2024
4625865,2025,0.007352654186863964,0.13967559275480396,0.8529717530583321,2012-2024
4625868,2025,0.5950744680411435,0.2785749064140729,0.12635062554478363,2012-2024
4625870,2025,0.12069943798466236,0.6962600101376,0.1830405518777375,2012-2024
4625866,2025,0.2361231991005416,0.414550881178174,0.3493259197212845,2012-2024
4625872,2025,0.600302880135963,0.1918776548991389,0.20781946496489812,2012-2024
4625869,2025,0.5991371102633801,0.3149291522929973,0.08593373744362265,2012-2024
4625873,2025,0.1555158325301438,0.2424351178691942,0.6020490496006621,2012-2024
4625871,2025,0.5631927468435974,0.19328307133894793,0.24352418181745467,2012-2024
4625882,2025,0.513088134236703,0.2682103480263224,0.2187015177369747,2012-2024
4625883,2025,0.41118550709401513,0.19651730646946977,0.39229718643651496,2012-2024
4625876,2025,0.5704883724963441,0.2478211543158175,0.1816904731878384,2012-2024
4625878,2025,0.19040413755207927,0.43842816201350465,0.3711677004344161,2012-2024
4625881,2025,0.1886422142100847,0.22458243585355844,0.5867753499363568,2012-2024
4625874,2025,0.15560720451651153,0.5165939385843685,0.32779885689912,2012-2024
4625875,2025,0.29750395899658805,0.27833466559024866,0.4241613754131632,2012-2024
4625877,2025,0.3822765429805644,0.40784830443402675,0.20987515258540881,2012-2024
4625879,2025,0.33549223538066075,0.4764788750659262,0.18802888955341304,2012-2024
4625880,2025,0.2776359013133176,0.5846161676007317,0.13774793108595076,2012-2024
4625892,2025,0.08417363437857946,0.2725382976018059,0.6432880680196146,2012-2024
4625887,2025,0.16354709418812158,0.50652316239775,0.3299297434141284,2012-2024
4625888,2025,0.21279752652196418,0.32564978397856115,0.4615526894994746,2012-2024
4625885,2025,0.15695134669399394,0.6372515873852936,0.20579706592071234,2012-2024
4625886,2025,0.15969309562533518,0.44163417241723435,0.3986727319574304,2012-2024
4625893,2025,0.028354646520925387,0.17195247931535645,0.7996928741637183,2012-2024
4625890,2025,0.3894806898736931,0.4631506564998265,0.14736865362648038,2012-2024
4625884,2025,0.6580352804517816,0.17686513435541634,0.16509958519280202,2012-2024
4625889,2025,0.2765014730228881,0.5289625928535194,0.19453593412359257,2012-2024
4625891,2025,0.6219361205670244,0.24058334861370906,0.1374805308192665,2012-2024
4625899,2025,0.8279210718770871,0.05020857493273016,0.12187035319018273,2012-2024
4625901,2025,0.25816731025232204,0.5652902862164887,0.17654240353118927,2012-2024
4625895,2025,0.4638702662410383,0.37504877698464817,0.16108095677431356,2012-2024
4625898,2025,0.2189655294845547,0.44429157777210293,0.33674289274334235,2012-2024
4625902,2025,0.5360829201499074,0.39184418860273024,0.0720728912473623,2012-2024
4625894,2025,0.8343555505285951,0.15521113871988526,0.01043331075151967,2012-2024
4625896,2025,0.3241839715886679,0.326351000926094,0.34946502748523806,2012-2024
4625897,2025,0.49213869532263466,0.3721472326833802,0.13571407199398514,2012-2024
4625900,2025,0.1560761435374241,0.6248518368130659,0.21907201964951,2012-2024
4625903,2025,0.36638586086810665,0.412715257206042,0.22089888192585125,2012-2024
4625905,2025,0.2762504583471547,0.2038758019301006,0.5198737397227445,2012-2024
4625908,2025,0.22942469115577072,0.39673152958420327,0.37384377926002604,2012-2024
4625912,2025,0.26411819488553095,0.265037218036397,0.47084458707807214,2012-2024
4625904,2025,0.5425169555246052,0.3690270023663188,0.08845604210907596,2012-2024
4625906,2025,0.2436420944821418,0.4373919575857795,0.3189659479320788,2012-2024
4625907,2025,0.1088468152870433,0.5808643755817365,0.3102888091312201,2012-2024
4625909,2025,0.049720370310165254,0.16363036573514722,0.7866492639546875,2012-2024
4625910,2025,0.4234040887474626,0.4136309845333792,0.16296492671915827,2012-2024
4625913,2025,0.17118828165437439,0.3286313609071147,0.5001803574385109,2012-2024
4625911,2025,0.32091952792141615,0.3712839720595895,0.3077965000189943,2012-2024
4625914,2025,0.34828233154933375,0.33878815569845344,0.31292951275221287,2012-2024
4625915,2025,0.47177075754384035,0.21379798635434868,0.31443125610181094,2012-2024
4625917,2025,0.5042758265788942,0.3363491987715154,0.1593749746495903,2012-2024
4625919,2025,0.15136269956387852,0.48055123685309004,0.3680860635830314,2012-2024
4625920,2025,0.6305890916267706,0.2134883555463116,0.1559225528269179,2012-2024
4625921,2025,0.531275832715146,0.3829577293168557,0.08576643796799838,2012-2024
4625922,2025,0.5875384890884061,0.1853018965962609,0.22715961431533294,2012-2024
4625916,2025,0.4987836482409685,0.30420248413730033,0.19701386762173126,2012-2024
4625918,2025,0.21473586182364043,0.42324803034958114,0.3620161078267785,2012-2024
4625923,2025,0.18542667258864884,0.23326024123769576,0.5813130861736555,2012-2024
4625924,2025,0.9719484782224008,0.020245522207041705,0.0078059995705575865,2012-2024
4625926,2025,0.3352800062161987,0.2171918972525709,0.4475280965312304,2012-2024
4625927,2025,0.45680795198346746,0.4151316531058292,0.12806039491070342,2012-2024
4625929,2025,0.6454707219317056,0.22814474136143265,0.12638453670686164,2012-2024
4625925,2025,0.13246802843880298,0.5378726494058096,0.3296593221553875,2012-2024
4625928,2025,0.27660497727175404,0.23150542803533017,0.4918895946929158,2012-2024
4625931,2025,0.36347819503492373,0.3067248277995057,0.32979697716557055,2012-2024
4625932,2025,0.31441347117244756,0.3959273999534194,0.289659128874133,2012-2024
4625933,2025,0.18060927883831568,0.5486544269144789,0.2707362942472056,2012-2024
4625930,2025,0.618472350104682,0.25448049636772946,0.12704715352758847,2012-2024
4625936,2025,0.1606734351583593,0.6454835970255864,0.19384296781605426,2012-2024
4625935,2025,0.4894039021112289,0.4167264998931544,0.09386959799561673,2012-2024
4625937,2025,0.1871714990170299,0.2949020281302895,0.5179264728526807,2012-2024
4625939,2025,0.17533247317701975,0.192325232139096,0.6323422946838844,2012-2024
4625940,2025,0.8138220425645638,0.17317097731553335,0.013006980119902844,2012-2024
4625941,2025,0.07036035426045482,0.6667664440360339,0.26287320170351136,2012-2024
4625943,2025,0.07282360312932777,0.2665673724707745,0.6606090243998978,2012-2024
4625942,2025,0.16157752199176253,0.29100745226451735,0.5474150257437201,2012-2024
4625934,2025,0.33176231090127273,0.18000340173844392,0.48823428736028335,2012-2024
4625938,2025,0.4700354434903501,0.4192272712924137,0.11073728521723625,2012-2024
4625950,2025,0.5283098572498683,0.30799143407469814,0.16369870867543354,2012-2024
4625947,2025,0.1772260598852918,0.17536853878436492,0.6474054013303433,2012-2024
4625944,2025,0.5905615803737148,0.1697759564256049,0.23966246320068038,2012-2024
4625945,2025,0.4401786036967603,0.24862508396173857,0.3111963123415011,2012-2024
4625949,2025,0.6938370619403007,0.1223438457558003,0.183819092303899,2012-2024
4625951,2025,0.05166345913177768,0.1386657815937172,0.809670759274505,2012-2024
4625953,2025,0.2375521155031966,0.3323812121901101,0.43006667230669327,2012-2024
4625946,2025,0.31194031879306516,0.2642253717910312,0.4238343094159036,2012-2024
4625948,2025,0.285518927003208,0.256531816728017,0.45794925626877503,2012-2024
4625952,2025,0.6139586800870124,0.318409968441289,0.06763135147169863,2012-2024
4625954,2025,0.7263193197648157,0.20015587314528016,0.07352480708990426,2012-2024
4625957,2025,0.38868756544343736,0.3331267385917236,0.2781856959648391,2012-2024
4625956,2025,0.27780694652724974,0.300948186992912,0.4212448664798383,2012-2024
4625963,2025,0.11713581989321155,0.330858877855906,0.5520053022508824,2012-2024
4625961,2025,0.27951770876469173,0.4699139068029567,0.2505683844323516,2012-2024
4625960,2025,0.5957584483727872,0.34418471766633163,0.06005683396088101,2012-2024
4625955,2025,0.33512777838613944,0.2937890532844728,0.3710831683293877,2012-2024
4625958,2025,0.38269312901145713,0.19339672897822321,0.42391014201031957,2012-2024
4625959,2025,0.4125735788575906,0.4938108817315899,0.09361553941081951,2012-2024
4625962,2025,0.04135714158874007,0.24543622042077778,0.7132066379904822,2012-2024
4625964,2025,0.47589528432825323,0.4890911667856616,0.035013548886085204,2012-2024
4625965,2025,0.07939409718236067,0.18002491022938868,0.7405809925882506,2012-2024
4625966,2025,0.557168500948264,0.3856734807441798,0.057158018307556305,2012-2024
4625973,2025,0.1510164001461292,0.3244882055733774,0.5244953942804934,2012-2024
4625970,2025,0.6506309884967464,0.1241185071443324,0.22525050435892124,2012-2024
4625971,2025,0.3199461746344931,0.5063428158113186,0.17371100955418847,2012-2024
4625967,2025,0.25901981305916966,0.3213170794474807,0.4196631074933496,2012-2024
4625968,2025,0.16434090654216485,0.2596679842500368,0.5759911092077984,2012-2024
4625969,2025,0.2245065170461757,0.312228324219699,0.4632651587341253,2012-2024
4625972,2025,0.24883698802209803,0.29577666741347064,0.45538634456443144,2012-2024
4626007,2025,0.27625717100980546,0.39719987593237616,0.32654295305781833,2012-2024
4625999,2025,0.20980288861324659,0.49023903420141873,0.29995807718533474,2012-2024
4626000,2025,0.3829262016086339,0.35985108227379065,0.25722271611757547,2012-2024
4626001,2025,0.26235185988562487,0.4187250637860265,0.3189230763283487,2012-2024
4626002,2025,0.06840011597306994,0.626354767361731,0.30524511666519905,2012-2024
4626003,2025,0.7089280400557818,0.21309095893520377,0.07798100100901438,2012-2024
4626004,2025,0.4328443668808149,0.1777182275675638,0.3894374055516213,2012-2024
4626005,2025,0.5034406341018786,0.23812605097279746,0.258433314925324,2012-2024
4626006,2025,0.2656209521265066,0.3756200347311598,0.3587590131423336,2012-2024
4625998,2025,0.7246774799464171,0.19737676349360445,0.07794575655997843,2012-2024
4626010,2025,0.3800168999758265,0.3206282965714919,0.2993548034526816,2012-2024
4626011,2025,0.42781309227351866,0.3585696511069777,0.21361725661950365,2012-2024
4626012,2025,0.46876941653850507,0.25178618848815715,0.27944439497333784,2012-2024
4626013,2025,0.16162016917043173,0.3409772016556971,0.49740262917387107,2012-2024
4626014,2025,0.08917151084980048,0.3163753558407108,0.5944531333094887,2012-2024
4626015,2025,0.19966895204865254,0.6499801886937103,0.15035085925763708,2012-2024
4626016,2025,0.6207661893047373,0.2904061971944307,0.08882761350083206,2012-2024
4626008,2025,0.19635998554723744,0.7426201551191334,0.061019859333629176,2012-2024
4626017,2025,0.3099446265368763,0.3677365890711491,0.3223187843919745,2012-2024
4626009,2025,0.211850379801828,0.49928295148152146,0.28886666871665057,2012-2024
4626019,2025,0.33103350457619646,0.20192193037563091,0.46704456504817277,2012-2024
4626021,2025,0.23869747723788734,0.35586559912456317,0.4054369236375495,2012-2024
4626024,2025,0.28039081079820666,0.24405330126009575,0.4755558879416976,2012-2024
4626025,2025,0.8291268840847722,0.06727398277672243,0.10359913313850531,2012-2024
4626027,2025,0.2662626901827756,0.1508294499350169,0.5829078598822075,2012-2024
4626020,2025,0.5356276785872304,0.16826445189340816,0.2961078695193614,2012-2024
4626018,2025,0.4383179198119011,0.4642162972621466,0.09746578292595237,2012-2024
4626026,2025,0.26741940696370686,0.5888909950984172,0.14368959793787595,2012-2024
4626022,2025,0.22784296349202057,0.25732942022711186,0.5148276162808675,2012-2024
4626023,2025,0.2700047055720058,0.6055299871596891,0.12446530726830514,2012-2024
4626029,2025,0.2275127309471074,0.3680511957372801,0.4044360733156125,2012-2024
4626030,2025,0.6318593947409571,0.2846529994124452,0.08348760584659763,2012-2024
4626031,2025,0.06265838399708942,0.29466121005992607,0.6426804059429845,2012-2024
4626032,2025,0.44817957974362554,0.12326409199043817,0.42855632826593626,2012-2024
4626037,2025,0.07899385521462252,0.2651619180328836,0.6558442267524939,2012-2024
4626033,2025,0.49113506819605457,0.40246534287911295,0.10639958892483259,2012-2024
4626028,2025,0.41120424530439703,0.3361040186042184,0.25269173609138457,2012-2024
4626036,2025,0.17598328597250262,0.4342795594700706,0.3897371545574268,2012-2024
4626034,2025,0.5835944822449942,0.19452091795047338,0.22188459980453232,2012-2024
4626035,2025,0.4672732393342661,0.42937739504635314,0.10334936561938081,2012-2024
4626043,2025,0.1928207163508526,0.4701510159631452,0.3370282676860022,2012-2024
4626041,2025,0.3125230595570624,0.5261784336117669,0.16129850683117083,2012-2024
4626039,2025,0.16603628489534716,0.6481154622492867,0.18584825285536602,2012-2024
4626046,2025,0.48304329564813814,0.41605244319271195,0.10090426115914976,2012-2024
4626038,2025,0.8561056010872918,0.10110443181880234,0.042789967093905784,2012-2024
4626045,2025,0.5023316057801409,0.15806585422875377,0.33960253999110523,2012-2024
4626047,2025,0.14693048959879576,0.2600293574328369,0.5930401529683674,2012-2024
4626042,2025,0.2126667469933921,0.4307732714531117,0.3565599815534962,2012-2024
4626040,2025,0.3116851627625775,0.5415390402631844,0.146775796974238,2012-2024
4626044,2025,0.43525093285365113,0.2616581225586224,0.30309094458772645,2012-2024
4626050,2025,0.7482360579836591,0.18277551503785042,0.06898842697849054,2012-2024
4626052,2025,0.4898712807879828,0.30847600771351386,0.20165271149850345,2012-2024
4626056,2025,0.34930992821736645,0.27703113821887704,0.3736589335637565,2012-2024
4626057,2025,0.18600591386532767,0.4182986602266542,0.3956954259080181,2012-2024
4626048,2025,0.34936229036068617,0.5667525883524485,0.0838851212868652,2012-2024
4626053,2025,0.475570114362243,0.45825162349776194,0.06617826213999499,2012-2024
4626055,2025,0.27695503581718967,0.4721806556250398,0.2508643085577705,2012-2024
4626054,2025,0.6678331120480613,0.1894072548338963,0.14275963311804235,2012-2024
4626051,2025,0.5730321406211313,0.2995033491448032,0.12746451023406552,2012-2024
4626049,2025,0.24613225719049914,0.10207995229429968,0.6517877905152011,2012-2024
4626107,2025,0.027526370202768224,0.06115412918420015,0.9113195006130316,2012-2024
4626058,2025,0.6649391703992019,0.2816251643880872,0.05343566521271087,2012-2024
4626059,2025,0.4125837869932616,0.27772234978510657,0.3096938632216319,2012-2024
4626060,2025,0.9432377116298014,0.044133640598782393,0.01262864777141619,2012-2024
4626063,2025,0.6031033782488134,0.3345824523573994,0.06231416939378711,2012-2024
4626067,2025,0.36897164996821125,0.32292828211613833,0.3081000679156504,2012-2024
4626064,2025,0.5424936913291077,0.2623570495248708,0.1951492591460214,2012-2024
4626065,2025,0.5414399414907074,0.21877376733495232,0.23978629117434028,2012-2024
4626061,2025,0.5750865842407639,0.35141414867190873,0.07349926708732733,2012-2024
4626066,2025,0.1037934721874167,0.5184452352359008,0.37776129257668245,2012-2024
4626062,2025,0.38294119816249506,0.28105064915151023,0.33600815268599477,2012-2024
4626077,2025,0.13250574030139417,0.46306226124591815,0.4044319984526876,2012-2024
4626073,2025,0.14323201164179503,0.36241009084900666,0.49435789750919834,2012-2024
4626071,2025,0.43993352957025145,0.18180998270393267,0.37825648772581594,2012-2024
4626076,2025,0.24998330594781792,0.5950818101463261,0.15493488390585597,2012-2024
4626074,2025,0.4973005074226235,0.43222355576221727,0.07047593681515937,2012-2024
4626069,2025,0.5344169276868883,0.1826539767804325,0.2829290955326793,2012-2024
4626068,2025,0.7628286895800723,0.10894475078653289,0.12822655963339477,2012-2024
4626070,2025,0.678332375541838,0.19231755394338496,0.1293500705147771,2012-2024
4626072,2025,0.35433790748056515,0.4047433360280318,0.24091875649140299,2012-2024
4626075,2025,0.6354228306032896,0.18175735777758237,0.18281981161912803,2012-2024
4626079,2025,0.40643425923915993,0.39775095038867053,0.19581479037216942,2012-2024
4626081,2025,0.621619466449125,0.3289093940549438,0.0494711394959313,2012-2024
4626083,2025,0.34541235764917577,0.4877799282698157,0.1668077140810085,2012-2024
4626087,2025,0.30667123346474884,0.1853910507551839,0.5079377157800673,2012-2024
4626080,2025,0.2881360785773835,0.25060923045658606,0.4612546909660305,2012-2024
4626084,2025,0.9311062594825292,0.06270030780222373,0.006193432715247159,2012-2024
4626078,2025,0.581564787766091,0.18544163190744278,0.23299358032646622,2012-2024
4626085,2025,0.10272860017722277,0.701395726960381,0.19587567286239627,2012-2024
4626082,2025,0.46149199526133156,0.45549188322346357,0.08301612151520495,2012-2024
4626086,2025,0.34299138567512627,0.4093280413208614,0.24768057300401236,2012-2024
4626088,2025,0.8817032417575121,0.08385860029198294,0.03443815795050501,2012-2024
4626090,2025,0.029451193502087445,0.5436657859266194,0.4268830205712932,2012-2024
4626091,2025,0.5888035726052937,0.2859649728513261,0.12523145454338022,2012-2024
4626096,2025,0.24433020550854034,0.5230697880549792,0.23260000643648052,2012-2024
4626097,2025,0.0751213208116552,0.3510128652698701,0.5738658139184748,2012-2024
4626092,2025,0.4645028608353142,0.3070392591643218,0.22845788000036393,2012-2024
4626093,2025,0.7033739775323178,0.12580456109149976,0.17082146137618237,2012-2024
4626094,2025,0.561893076752164,0.06868869502235737,0.3694182282254786,2012-2024
4626095,2025,0.48848820084884176,0.1778243594397943,0.333687439711364,2012-2024
4626089,2025,0.8444440172040669,0.0699010229711844,0.08565495982474858,2012-2024
4626099,2025,0.42020812585424233,0.3408639614463897,0.23892791269936794,2012-2024
4626100,2025,0.24193125061664109,0.18625079119166935,0.5718179581916896,2012-2024
4626101,2025,0.4284207374406654,0.3560525181575869,0.21552674440174774,2012-2024
4626102,2025,0.40875540760791046,0.4726608351251623,0.1185837572669273,2012-2024
4626103,2025,0.3781751208980491,0.2561165257267837,0.36570835337516727,2012-2024
4626106,2025,0.39634776647044134,0.2012370817968008,0.40241515173275794,2012-2024
4626098,2025,0.8733756021130723,0.0883896010721449,0.03823479681478277,2012-2024
4626105,2025,0.6014726564531556,0.26455949289560904,0.13396785065123526,2012-2024
4626117,2025,0.639651387452801,0.021985555326972727,0.33836305722022625,2012-2024
4626108,2025,0.8968392421077184,0.02085332905922076,0.08230742883306089,2012-2024
4626109,2025,0.4111002996774311,0.31196100746818733,0.27693869285438166,2012-2024
4626110,2025,0.15897665739412803,0.536183319215434,0.30484002339043803,2012-2024
4626113,2025,0.8580860737166669,0.03456856491099421,0.10734536137233888,2012-2024
4626112,2025,0.7855839010018653,0.017771530487113545,0.19664456851102116,2012-2024
4626115,2025,0.2953231602482772,0.38625181144364645,0.31842502830807623,2012-2024
4626111,2025,0.4267437253688402,0.31989718680196116,0.25335908782919875,2012-2024
4626116,2025,0.3589784907335907,0.4167146448259226,0.2243068644404868,2012-2024
4626114,2025,0.6439116803492956,0.12144679228155329,0.23464152736915111,2012-2024
4626119,2025,0.27645663787893987,0.5518603906480432,0.17168297147301692,2012-2024
4626127,2025,0.13609912944451688,0.23708779999374735,0.6268130705617357,2012-2024
4626120,2025,0.5554551784362535,0.29415405225791963,0.1503907693058269,2012-2024
4626125,2025,0.5549918079385866,0.241910553318349,0.2030976387430643,2012-2024
4626123,2025,0.7629438252729399,0.08278458796943783,0.15427158675762226,2012-2024
4626122,2025,0.3494140944547321,0.3204607264110501,0.3301251791342179,2012-2024
4626118,2025,0.47202327158195284,0.3567934715639406,0.17118325685410646,2012-2024
4626126,2025,0.39706952003156804,0.43510912192182083,0.16782135804661116,2012-2024
4626124,2025,0.3676162812649869,0.3852290690126484,0.24715464972236478,2012-2024
4626121,2025,0.6298283862417801,0.2652411560948936,0.1049304576633263,2012-2024
4626130,2025,0.30805320890642696,0.11973515191714128,0.5722116391764317,2012-2024
4626129,2025,0.3993371668100172,0.3279279554143002,0.27273487777568256,2012-2024
4626131,2025,0.010011272283102265,0.051713418291448904,0.9382753094254489,2012-2024
4626135,2025,0.35613295882918494,0.4367824294327016,0.20708461173811346,2012-2024
4626136,2025,0.3539348855210218,0.40374697824731937,0.2423181362316587,2012-2024
4626137,2025,0.3240481849521918,0.2716302145310305,0.40432160051677773,2012-2024
4626128,2025,0.7413572571509462,0.22156752794500956,0.03707521490404413,2012-2024
4626132,2025,0.29965303897781415,0.40006286927488727,0.30028409174729864,2012-2024
4626133,2025,0.6114918399512488,0.17353646236128942,0.21497169768746174,2012-2024
4626134,2025,0.3434372960298588,0.4201093523228028,0.23645335164733844,2012-2024
4626144,2025,0.7445335470999082,0.19193748486422318,0.06352896803586869,2012-2024
4626141,2025,0.5738486713123521,0.3530828398785377,0.07306848880911025,2012-2024
4626138,2025,0.6224804517291727,0.30707545988605894,0.0704440883847684,2012-2024
4626147,2025,0.1973121134578108,0.20434388161283598,0.5983440049293532,2012-2024
4626146,2025,0.46585211264661586,0.29793547718712055,0.23621241016626365,2012-2024
4626139,2025,0.46014343493496984,0.4591596189321213,0.08069694613290888,2012-2024
4626140,2025,0.23298728948934272,0.19279772021097213,0.5742149902996851,2012-2024
4626145,2025,0.39460825782694375,0.28691139711161606,0.3184803450614402,2012-2024
4626142,2025,0.2456128919635012,0.5030534814042817,0.25133362663221703,2012-2024
4626143,2025,0.1489140598732116,0.4482740725239327,0.40281186760285564,2012-2024
4626148,2025,0.5440162088673666,0.36101134019125153,0.09497245094138183,2012-2024
4626151,2025,0.14991001571970425,0.6153411042549096,0.23474888002538616,2012-2024
4626152,2025,0.6074370503991893,0.15937646117384732,0.23318648842696332,2012-2024
4626153,2025,0.37744183965772693,0.3964112894874198,0.2261468708548533,2012-2024
4626155,2025,0.3430502878820556,0.18671811218033962,0.4702315999376046,2012-2024
4626150,2025,0.4942269139771687,0.274253102219216,0.23151998380361533,2012-2024
4626149,2025,0.2551684054479018,0.17428835699576511,0.5705432375563332,2012-2024
4626157,2025,0.19972961340528586,0.12397846379221604,0.6762919228024981,2012-2024
4626154,2025,0.2609158688179918,0.11703481516697486,0.6220493160150333,2012-2024
4626156,2025,0.3397153014188624,0.5125011794892849,0.14778351909185267,2012-2024
4626104,2025,0.7087287358359919,0.17361814071891424,0.11765312344509378,2012-2024
4626159,2025,0.523248943701811,0.3180397282104176,0.15871132808777147,2012-2024
4626161,2025,0.18115029389738185,0.3012485988951478,0.5176011072074703,2012-2024
4626163,2025,0.40917668933005735,0.44868292169102275,0.14214038897891987,2012-2024
4626164,2025,0.4266898184729186,0.3935930027899894,0.17971717873709206,2012-2024
4626165,2025,0.4222510536463059,0.22043278302398225,0.35731616332971194,2012-2024
4626166,2025,0.6302402244182028,0.256048833419692,0.11371094216210523,2012-2024
4626167,2025,0.26998101266065994,0.30326332857367316,0.42675565876566685,2012-2024
4626158,2025,0.7861249040358372,0.18513721582547135,0.028737880138691385,2012-2024
4626160,2025,0.1949204864855054,0.11119052756221912,0.6938889859522755,2012-2024
4626162,2025,0.6965629050381195,0.19481521038360677,0.1086218845782739,2012-2024
4626169,2025,0.685458786367946,0.184441372434785,0.13009984119726897,2012-2024
4626170,2025,0.07541518275002916,0.33986391776975416,0.5847208994802168,2012-2024
4626168,2025,0.2382248492987424,0.23860567961090512,0.5231694710903524,2012-2024
4626176,2025,0.579208698729451,0.23678434064243553,0.1840069606281135,2012-2024
4626171,2025,0.17264379440539745,0.1717426142614041,0.6556135913331985,2012-2024
4626175,2025,0.3584947154792198,0.1441324091637471,0.49737287535703323,2012-2024
4626173,2025,0.8042332010302078,0.03905040819784051,0.15671639077195174,2012-2024
4626174,2025,0.2990322904488489,0.3586755486655096,0.34229216088564157,2012-2024
4626172,2025,0.4752311157934098,0.20126160618504677,0.3235072780215434,2012-2024
4626177,2025,0.22675668170555352,0.3130641188274232,0.4601791994670232,2012-2024
